desmatamento_pct,poluicao_mgL,dist_area_protegida_km,emissao_co2_ton,risco_socioambiental
24.0,14.1,14.6,491.6,0
12.3,20.1,4.1,1515.1,1
17.5,67.8,16.3,273.5,1
68.7,77.5,5.2,114.1,1
30.2,38.8,5.7,909.1,1
4.2,73.7,17.3,1369.9,1
30.7,64.6,12.0,820.1,1
35.7,98.9,8.5,1290.0,1
37.2,71.1,11.0,331.3,1
20.6,34.0,14.2,1356.2,1
21.9,70.7,2.2,1013.9,1
47.7,54.5,2.8,1963.1,1
33.8,85.4,6.7,980.9,1
69.0,57.6,18.6,1054.2,1
34.6,77.4,6.1,1597.6,1
48.8,68.6,18.1,1168.2,1
38.6,69.1,10.4,1642.1,1
6.4,72.0,3.3,1605.4,1
29.6,12.9,19.7,1635.1,1
50.4,85.0,18.0,989.2,1
8.1,68.3,15.3,1979.2,1
8.4,35.1,15.0,559.2,0
59.5,70.7,5.9,226.9,1
37.2,19.5,9.0,998.5,1
61.3,5.3,8.0,1125.1,1
30.4,99.6,15.6,1085.6,1
16.0,9.1,1.0,1429.7,1
24.0,37.2,18.2,1800.5,1
36.4,86.2,15.0,696.0,1
25.3,39.0,14.8,295.0,0
27.4,59.4,7.9,1206.1,1
12.8,57.9,8.6,161.2,1
43.7,53.7,8.8,892.9,1
42.9,41.6,11.5,189.9,1
47.9,28.1,11.3,1148.0,1
44.2,42.8,16.8,193.3,1
8.400234136956932,35.09964083936725,14.99919953614556,559.1984611828424,0
8.4,35.09957709847726,15.0,559.2,0
8.40191328024464,35.10036878089493,15.0,559.2,0
8.4,35.0990963345087,15.0,559.2,0
8.40022577630047,35.101508047083286,15.0,559.1998011674593,0
8.4,35.09951550391208,14.99967588423344,559.2,0
8.400291693749775,35.09937292910608,14.998188152914548,559.2,0
8.401057710928939,35.099978416632666,15.0,559.1991445701157,0
8.401959670123862,35.10028418511744,14.999831360506947,559.2,0
8.4,35.100754425261286,15.0,559.2,0
8.400719844208377,35.09851662487204,14.99901124197776,559.2,0
8.401763040155345,35.100336142472486,15.0,559.1996443546154,0
8.4,35.09922760038335,14.999067050018793,559.1990400681079,0
8.400309212375834,35.0991077896676,14.999047693633866,559.199749434408,0
8.400185658976646,35.099633343042704,15.0,559.2,0
8.4,35.10077944047041,14.99896931817775,559.2,0
8.400645119754587,35.100283785085736,14.99844043329865,559.1996621219034,0
8.4,35.10009855931607,14.999250830600031,559.2,0
8.400299007350448,35.10015138248156,15.0,559.1998451338725,0
8.4,35.09970706439058,15.0,559.198523874988,0
8.400501757043568,35.099124881059204,14.999676939267319,559.1991458929576,0
8.4,35.0994312976854,14.999049412143904,559.1999638967145,0
8.40032766214658,35.09937595359282,15.0,559.2,0
8.4,35.100303334710375,15.0,559.1999698919512,0
8.400420645322749,35.098638009450006,15.0,559.2,0
8.4,35.0997153416936,14.99978080098971,559.1981331552838,0
8.400074445915749,35.10037747161935,15.0,559.2,0
8.4,35.10006140723516,14.999701714811886,559.2,0
8.401168678037601,35.0998675274246,14.999219373107824,559.1988838795528,0
8.400909387454778,35.10075109471957,15.0,559.1985110324364,0
8.4,35.1006671373921,15.0,559.2,0
8.400503475654098,35.10019366324599,14.99996956591405,559.2,0
8.4,35.09894295424265,14.998515860520572,559.2,0
8.400322061516189,35.099211558102986,15.0,559.199200499953,0
8.4,35.100320581743446,14.999850405593884,559.2,0
8.4,35.1003830369318,15.0,559.2,0
8.4,35.10049272863467,14.99962780832365,559.199728176754,0
8.4,35.09932870970518,15.0,559.1997284778337,0
8.4,35.101912043170536,14.999306998133079,559.2,0
8.4,35.09898460041813,15.0,559.1988799254397,0
8.4,35.10084256634935,14.998047326867798,559.1991760766542,0
8.40075373616434,35.09983955678382,15.0,559.2,0
8.4,35.099876593903794,14.999169096300392,559.1997528065988,0
8.4,35.09993328513182,14.997289334121753,559.2,0
8.400857157556398,35.10067377357417,14.999523659156536,559.2,0
8.4,35.09975017830324,15.0,559.1995394375385,0
8.401514847224668,35.09915294491221,14.999187938484152,559.2,0
8.401245738778695,35.1001891191918,14.999602482163722,559.1998253267363,0
8.4,35.09915520257604,15.0,559.199962798973,0
8.4,35.10025206970948,14.998904870045768,559.1989282435898,0
8.400937825039898,35.098575591800504,14.999523994410032,559.1995856448649,0
8.4,35.10043797040241,14.998831149019134,559.1994319606263,0
8.4,35.10094436889574,14.999214926421839,559.2,0
8.400236818606723,35.09925653302628,14.99995995096468,559.2,0
8.401867265192575,35.10232293787553,15.0,559.1991263046751,0
8.4,35.09956338344815,15.0,559.1999333776503,0
8.4,35.09932442492806,14.999829971104838,559.2,0
8.400651600347588,35.0998893519276,14.999307328228218,559.197876703223,0
8.4,35.09799119108494,14.999241410201638,559.2,0
8.40011473644145,35.09914741586514,14.999150958074681,559.1995700448485,0
8.400334501235823,35.0988555089677,15.0,559.2,0
8.4,35.10180707976239,14.999051559667592,559.2,0
8.4,35.10222856075755,15.0,559.2,0
8.400707669465602,35.101208585894035,14.999167230398536,559.1995020919862,0
8.400059525356044,35.099313788262144,15.0,559.2,0
8.401247783181947,35.09969686182281,15.0,559.1983451328005,0
8.4,35.099521988616814,15.0,559.1985471619678,0
8.4,35.10120503387806,14.999521660062232,559.2,0
8.400600216877141,35.10020781986662,15.0,559.1999069094752,0
8.4,35.100058097774074,15.0,559.1983745753997,0
8.401952087799506,35.10211620748184,14.99933725773752,559.2,0
8.400622699519802,35.100310679281044,15.0,559.2,0
8.4,35.09941439103792,15.0,559.1996597470477,0
8.4,35.1008243350986,14.999315772604813,559.1991522018179,0
8.400560181040179,35.09910495675674,14.999400903240797,559.1993230856857,0
8.4,35.099920400706154,15.0,559.1987093113609,0
8.400202192652417,35.1005204104279,14.99888794349537,559.2,0
8.4,35.10074114617365,14.999913245511932,559.1986475192283,0
8.400310266756575,35.100664586873656,15.0,559.1996309563015,0
8.4,35.10007377956055,14.99792824555015,559.2,0
8.401214188612771,35.0988963624427,14.999215306701613,559.1989293636656,0
8.4,35.10065500510012,15.0,559.199947763061,0
8.400677161711494,35.10002000530194,15.0,559.1990181926976,0
8.400321385841636,35.0991708113653,15.0,559.1996222124619,0
8.4,35.09918254548926,15.0,559.1997912448014,0
8.4,35.09967023818411,15.0,559.2,0
8.400213447151694,35.09921184807079,14.998544475641214,559.1997769149075,0
8.400159938529946,35.1008920887759,15.0,559.1999371210974,0
8.400288658638903,35.09999066234434,15.0,559.1996550316836,0
8.4,35.10051058758266,14.999582372531595,559.2,0
8.400401220471869,35.100673949817704,14.999955784140841,559.1997344602859,0
8.400773009783839,35.100078287068854,14.999498241675003,559.1999840819235,0
8.4,35.10134028094797,15.0,559.1977403958797,0
8.4,35.1007621115958,15.0,559.1977381692692,0
8.400599392645427,35.09931346625404,15.0,559.2,0
8.4,35.099155167782406,14.998144761159528,559.1997603253611,0
8.400576903655645,35.100986605584566,14.999497530440442,559.2,0
8.4,35.09862620866957,15.0,559.1988905780246,0
8.4,35.09825464525958,14.998830122237798,559.2,0
8.400599375022937,35.09840768594287,15.0,559.2,0
8.4,35.09962269914383,15.0,559.2,0
8.4,35.10011538068803,15.0,559.1992498436209,0
8.4,35.098475577585525,15.0,559.1997407193207,0
8.4,35.10147123813671,14.999843254296458,559.1987302511361,0
8.4,35.10203661566765,14.998959705155707,559.2,0
8.4,35.10067962507475,14.999316709612717,559.2,0
8.401758739486406,35.101201592445776,15.0,559.2,0
8.4,35.099634985744444,14.999895524529446,559.1985197985732,0
8.401380101458198,35.101732605505234,15.0,559.2,0
8.400032694748077,35.100515145453834,15.0,559.2,0
8.4,35.09870926138969,15.0,559.1996868453183,0
8.401059213521872,35.099457589276625,14.999066612674046,559.2,0
8.4,35.09907791067246,15.0,559.2,0
8.401035242322402,35.09997012555469,15.0,559.2,0
8.4,35.10199573612333,14.999732199388665,559.2,0
8.400220969599516,35.09982287840351,14.999230918430344,559.1994162382869,0
8.400575818240627,35.09956941141761,15.0,559.2,0
8.4,35.09839493986242,15.0,559.1984445053326,0
8.4,35.100343499465126,14.998777310161483,559.1969255227061,0
8.400955540440583,35.09996538797688,14.999844751356258,559.2,0
8.40142225370958,35.09932415645694,15.0,559.2,0
8.4,35.101630967071515,14.998459237259079,559.1999476387373,0
8.40086128420131,35.09996313779479,14.999417774154344,559.1984913678078,0
8.400190338678065,35.099068918327085,15.0,559.2,0
8.4,35.10099109668285,14.999440921814895,559.2,0
8.400487125383748,35.09941852142034,15.0,559.2,0
8.400830950116394,35.10003330872244,15.0,559.1997257260577,0
8.400907563662024,35.09977092072653,14.999269797561022,559.2,0
8.400977555244781,35.10046686527454,14.999228145225345,559.1998920900031,0
8.4,35.098356031205896,14.999509774139874,559.2,0
8.401804882100647,35.09933849060162,15.0,559.2,0
8.400904316625088,35.100277986429234,15.0,559.1992984843594,0
8.401211016199746,35.09997305984076,14.999972654099896,559.2,0
8.400384555544212,35.099099451178965,15.0,559.1990319789463,0
8.40112970685464,35.1007495315276,14.998514678856676,559.199462210587,0
8.400796895255453,35.09750591009569,15.0,559.1995699433332,0
8.400603985186699,35.10037029650207,15.0,559.1998863036779,0
8.4,35.1011582905023,15.0,559.199579532977,0
8.400432558187802,35.09950393802852,15.0,559.199624087313,0
8.4,35.100246238127816,15.0,559.1991036025685,0
8.400408075373004,35.10136085859295,15.0,559.2,0
8.400351513484024,35.09807359296108,14.998394230950517,559.2,0
8.400219100528792,35.10035255472385,15.0,559.1990879572328,0
8.4,35.10028676309387,14.998888520382247,559.2,0
8.400415287913884,35.10021787553398,14.997702098157216,559.1994141534872,0
8.4,35.10024009294601,15.0,559.2,0
8.400856083825891,35.100840627272746,15.0,559.1998637344868,0
8.4,35.10043108546829,15.0,559.1989205990504,0
8.400978763715765,35.09974518206695,14.999645071019932,559.2,0
8.400922165324161,35.10065288048272,14.998594289395665,559.1991255144367,0
8.4,35.10050463288349,15.0,559.2,0
8.4,35.09818701777505,15.0,559.1994546271831,0
8.401125489047281,35.10012217256967,14.99979467339859,559.1975464926845,0
8.4,35.10007120309278,14.999759341225896,559.199519922263,0
8.4,35.09904662968419,14.998634642992664,559.1982100540627,0
8.400511215676413,35.101655243334015,15.0,559.2,0
8.4,35.10010703086633,14.99851556208526,559.2,0
8.40042688106993,35.09996402536846,15.0,559.2,0
8.4,35.10094728372269,15.0,559.2,0
8.4,35.09973441781154,15.0,559.2,0
8.40027272356973,35.09992497519204,15.0,559.2,0
8.4,35.099614530931014,14.998833400753682,559.1982023409768,0
8.401106525908725,35.09956924549518,14.99988152786231,559.1974508033534,0
8.400024125087093,35.10000664638588,15.0,559.1997973072442,0
8.400546858941222,35.09944907184522,15.0,559.2,0
8.4,35.099251705624496,14.998530898473257,559.2,0
8.4,35.097351465432645,15.0,559.1988589161717,0
8.400371440865978,35.09977346421724,15.0,559.2,0
8.4,35.09878897372333,14.99874578691352,559.1991716944907,0
8.4011290517712,35.1007352178401,14.999498490928863,559.2,0
8.4,35.09880925568909,15.0,559.2,0
8.4,35.100690644917265,14.99882523341702,559.2,0
8.4,35.09889568026564,15.0,559.1994655490871,0
8.401251113576368,35.10027421389522,15.0,559.1990527088345,0
8.4,35.09957234526019,15.0,559.2,0
8.4,35.09846516728517,14.998339274931483,559.2,0
8.4,35.09791368824191,15.0,559.199914350065,0
8.4,35.09941981635635,14.998919086464266,559.2,0
8.4,35.100138620687,15.0,559.2,0
8.40171016839264,35.10036479483452,14.999282400155064,559.2,0
8.400183983336335,35.10015698579437,14.99964594860475,559.1999812671501,0
8.400778304725385,35.099484012459385,15.0,559.1998091753694,0
8.401702583604221,35.100326317577775,14.999485042726015,559.1989619653832,0
8.4,35.10011565080615,14.998932353041385,559.1983522567416,0
8.401279576966719,35.098201899995836,15.0,559.2,0
8.400725743813137,35.100531391937075,15.0,559.1997598776275,0
8.40140666109683,35.09949542027169,15.0,559.2,0
8.4,35.0989927557013,14.997432151452319,559.2,0
8.4,35.100520809053634,14.99930523775508,559.2,0
8.4,35.09926960398883,15.0,559.1974783338258,0
8.40070317642511,35.10108588228399,14.998189367586152,559.2,0
8.4,35.09935040256156,15.0,559.1993159320565,0
8.4,35.10064753114347,15.0,559.1992950314454,0
8.400247518635535,35.09925742761476,14.999408959631024,559.2,0
8.401335344358692,35.100131945822895,14.999373226478962,559.1996275912755,0
8.4,35.100490113782584,14.999498081252367,559.1991470616063,0
8.401660960933498,35.09989588175365,14.999783565578587,559.1995817360287,0
8.401276748575803,35.10030105031126,14.998966988135184,559.2,0
8.4,35.09995772860657,14.999970980032934,559.1999750412473,0
8.4005160447282,35.1009462225216,15.0,559.1998330640392,0
8.400309172123452,35.09956969898251,15.0,559.1997910650924,0
8.400894607302202,35.101279727121074,15.0,559.2,0
8.4,35.10143144398209,15.0,559.1988384493404,0
8.4,35.10022355660739,14.99892351710156,559.1999326060693,0
8.4,35.09935352309882,15.0,559.1977275560396,0
8.4,35.099475636820515,15.0,559.1984361498046,0
8.400281784608843,35.09969721213221,15.0,559.2,0
8.400767797565086,35.09899232336891,14.999804216655674,559.2,0
8.400998354040722,35.10149270031403,15.0,559.1989166039782,0
8.4,35.100007149476674,14.999650057986193,559.2,0
8.4,35.100061172387996,14.997533319601096,559.1997729110998,0
8.400530996954984,35.09942239888273,15.0,559.2,0
8.4,35.09929585791812,15.0,559.1986052233291,0
8.4,35.099181839285485,14.99941348126402,559.2,0
8.40151574411498,35.10004240237461,14.998156813550969,559.1984960078213,0
8.400387701559918,35.09935913592979,14.999680930497027,559.1997621381879,0
8.4,35.1006961118426,15.0,559.2,0
8.400730930039925,35.09856283865024,14.998259390016258,559.2,0
8.4,35.099442722353324,14.99883250030935,559.2,0
8.400530868772902,35.102514029053545,14.998876372304226,559.2,0
8.4,35.100656430720036,15.0,559.1993651137627,0
8.4,35.10052003620259,14.999449254749274,559.1991599802977,0
8.4,35.100954806495785,14.99927518447101,559.1985745281847,0
8.4,35.099786966314625,15.0,559.1987826976554,0
8.400393338812309,35.10032072593655,14.998708441123538,559.1999860006838,0
8.4,35.10024901438986,14.999284057469385,559.2,0
8.4,35.10065526609048,14.999765421434253,559.2,0
8.4,35.10024481803346,14.999714586188711,559.2,0
8.4,35.10062730720862,14.999795583317775,559.2,0
8.401026515299394,35.10108733483532,15.0,559.1997810602423,0
8.401523186904766,35.10121348584763,14.99959390094146,559.2,0
8.400065750261055,35.101529598003616,14.998077692604177,559.2,0
8.402198805956603,35.098546026685625,15.0,559.1996351748782,0
8.4,35.09898613807552,15.0,559.1998029483323,0
8.4,35.09868595247911,15.0,559.1994269386464,0
8.401070084766308,35.10196147759723,15.0,559.2,0
8.4,35.099957124887915,14.999656501408847,559.2,0
8.4,35.09871729489501,14.998932519834145,559.2,0
8.4,35.10029048429403,14.99952470603172,559.1994235861804,0
8.4,35.10060374445204,14.99926260644917,559.1997851911716,0
8.4,35.099888990149545,14.998222494417083,559.2,0
8.401430775102101,35.09997603955602,15.0,559.1998547881493,0
8.400652623979285,35.10093311781803,15.0,559.2,0
8.402423879326612,35.099620734067756,14.999299812835439,559.2,0
8.4,35.10084576214316,15.0,559.2,0
8.401158364689175,35.09987163747388,14.999083212652142,559.1985258873702,0
8.4,35.09983880691257,15.0,559.1997460939119,0
8.40068198424798,35.0998258550002,15.0,559.2,0
8.4,35.10180843130971,14.999376708929223,559.2,0
8.4,35.10141491307942,15.0,559.1998358023395,0
8.4,35.10061814678645,14.999315489193412,559.1990825745683,0
8.400535235211542,35.10095771845249,14.999728199619817,559.1986270347592,0
8.400689187818072,35.10195467667205,14.999678566880101,559.1981465258149,0
8.400483885834037,35.09935523464474,14.999609071769646,559.2,0
8.400573700003921,35.100447257633085,14.99784124137766,559.2,0
8.4,35.10171648480652,14.999814983785278,559.1998596215913,0
8.40102279256518,35.10068699025776,15.0,559.2,0
8.4,35.10037266875467,14.998425867979542,559.2,0
8.401464374880192,35.09872636612556,14.998993431739189,559.1998817966771,0
8.400458884262852,35.10161369542483,14.999946953355552,559.1988193981007,0
8.4,35.09984288256829,15.0,559.199313788324,0
8.4,35.10149775342457,14.99956668046687,559.2,0
8.4,35.100550822734625,15.0,559.2,0
8.4,35.09995372017479,15.0,559.1994484116854,0
8.402848542620612,35.10075959829167,15.0,559.1987558047291,0
8.401119669894609,35.09967817494941,14.998888700153302,559.2,0
8.4,35.09951955943537,14.999542074637432,559.2,0
25.3,39.0,14.800499376169629,295.0,0
25.3,39.0,14.79923774132373,295.00139424269713,0
25.3,38.99975622852478,14.797938647337556,295.0004788426387,0
25.299569958352752,39.0,14.799753812985353,295.0,0
25.3,38.999960478424214,14.800048515646232,295.0002640063357,0
25.299948054114136,39.0,14.800053984792335,295.0,0
25.3,39.0,14.799659212560567,295.0,0
25.3,39.0,14.800113491090906,295.0,0
25.3,39.0,14.801006732546599,295.0,0
25.298085968646078,38.999891461236956,14.799809929087994,295.00065177981946,0
25.29950431811197,39.0,14.799596496305318,295.0,0
25.3,38.99991800432481,14.798840828439403,295.0,0
25.298812969694385,39.0,14.801096598210574,295.0,0
25.3,39.0,14.800680491817982,295.0,0
25.29967123758964,39.0,14.799584678800882,295.0000425105021,0
25.29954646569843,38.99957273819317,14.79895963424474,295.0,0
25.3,39.0,14.799250195959582,295.0,0
25.29862429318663,38.99988993104786,14.799886922914583,295.00031926252757,0
25.299984420952363,38.99891145620489,14.8014357439189,295.0002433747567,0
25.3,38.998785471440264,14.802067178032686,295.0,0
25.3,39.0,14.79903707259746,295.000474272148,0
25.297747564194598,39.0,14.800366042386047,295.0005453077236,0
25.297709057427355,38.99890551000149,14.801746079002886,295.0025765436848,0
25.297560247593605,39.0,14.799402756882682,295.0,0
25.299146584441164,39.0,14.799698915893359,295.0,0
25.3,38.999234680585104,14.80026814147975,295.0,0
25.3,38.9992118208086,14.801171333345954,295.00175159249983,0
25.2986079977136,39.0,14.801569354190914,295.0,0
25.299059228811956,38.99914434005937,14.800260749629267,295.0010931427513,0
25.3,39.0,14.801307994740643,295.0,0
25.299680218065802,38.998500801747895,14.79957238004115,295.0008141473109,0
25.29944751004553,39.0,14.798640500991535,295.0000528245567,0
25.3,39.0,14.799452692823824,295.0,0
25.29995940830874,38.999287186664525,14.800653015932713,295.00000919799834,0
25.298250423256757,38.998928929100586,14.800745124720423,295.0015140050157,0
25.299105075623,38.999815684958016,14.798784159132063,295.000804812736,0
25.29972100583772,38.99928784350032,14.797880390927565,295.000867841921,0
25.299690179289716,39.0,14.799648046592116,295.0011168364883,0
25.3,39.0,14.800155873762892,295.00017160612094,0
25.297789476998354,38.99930624124461,14.801318019905333,295.0,0
25.297420290662288,38.99923892691246,14.798358971913892,295.00026112259394,0
25.3,39.0,14.798301055345464,295.0,0
25.3,38.999454137150444,14.801025537327597,295.0004026520716,0
25.3,39.0,14.800799605459103,295.0006047633472,0
25.3,39.0,14.799159785602363,295.0,0
25.299625943430097,39.0,14.801312920719093,295.0017690853157,0
25.299580980990577,38.99909240933638,14.799971097111369,295.0,0
25.29992399460853,39.0,14.800898964064006,295.0,0
25.3,38.999854667944255,14.800893931112553,295.0,0
25.298763906824732,39.0,14.799436399279909,295.0006205577358,0
25.3,39.0,14.799921061789162,295.00093806174806,0
25.29960668216055,38.99989839423894,14.800202883985502,295.0,0
25.3,39.0,14.799045099020349,295.0,0
25.3,38.99828341346364,14.799511138463314,295.0010304512858,0
25.3,39.0,14.797564878994642,295.0011571970706,0
25.299161509225492,39.0,14.800099860673601,295.0,0
25.3,39.0,14.79963857789881,295.0,0
25.299007957650407,38.99989748746537,14.800784222598628,295.00065007123607,0
25.3,38.99996134545717,14.799984456644323,295.0,0
25.299525301767066,38.99985328465399,14.799132457479097,295.0,0
25.299442189693593,38.999817716521136,14.801245864988255,295.0,0
25.3,38.99952433201657,14.80023028610733,295.0011232269516,0
25.29947030724559,38.99993056505066,14.799510725312745,295.0,0
25.3,38.999057797066484,14.80013174046119,295.0000465536143,0
25.299400071269947,39.0,14.798853792920115,295.0010632153974,0
25.298509273863093,39.0,14.800348077249769,295.00017792891725,0
25.3,38.999693500226506,14.799854479100503,295.0006639783993,0
25.29999695397979,39.0,14.798807510202257,295.0,0
25.3,38.99736287902615,14.798997631568078,295.0,0
25.3,38.99898050705019,14.801852010552597,295.00141962896697,0
25.29924084483964,38.99932080435693,14.8025573224058,295.0,0
25.29960819599454,38.99860318113469,14.799827759680504,295.0007337667305,0
25.299420708500342,39.0,14.800973852553836,295.0,0
25.3,38.999810205981575,14.800876352189613,295.0,0
25.3,38.99990982777385,14.798309126429782,295.00053774617936,0
25.3,39.0,14.800287221465583,295.00116730933644,0
25.298960095312548,38.99951028943188,14.798201212440944,295.000820540591,0
25.3,39.0,14.800594636992995,295.0,0
25.299700707419536,39.0,14.798418504281452,295.0,0
25.3,39.0,14.800679963601207,295.0,0
25.29986346466886,38.99939093611564,14.799718406689395,295.0,0
25.3,39.0,14.8007304875155,295.0011563660245,0
25.299463347247418,39.0,14.799342098977718,295.0009223796574,0
25.3,38.99848914624602,14.79844017184562,295.0,0
25.3,39.0,14.799472382834304,295.00017947585525,0
25.29783499765504,38.9993193961869,14.799045729415337,295.0,0
25.29973140772108,39.0,14.79950504006497,295.0,0
25.298927492662635,38.99955821713843,14.800809682301367,295.0,0
25.3,39.0,14.801170623397542,295.00073014429677,0
25.3,39.0,14.799198470065322,295.00021765799784,0
25.3,38.99973194721734,14.79967612391912,295.0,0
25.298392654423925,39.0,14.79928230884646,295.0002183740466,0
25.29882652614246,39.0,14.801266340782362,295.0,0
25.3,38.99943507563722,14.79939055559021,295.0,0
25.29997872842321,39.0,14.79824519197504,295.0,0
25.297398316885765,39.0,14.801753122787606,295.0,0
25.29961884161506,39.0,14.799305192390072,295.0,0
25.3,38.999796601301384,14.80085394948035,295.00012508028954,0
25.299411421595522,39.0,14.799649081964468,295.0003852639532,0
25.299555397331723,39.0,14.800676365093075,295.00100903832504,0
25.299985311805216,38.99924788465118,14.799350999399499,295.00025964245833,0
25.299580467556037,38.999127667159264,14.800433902718344,295.0002107235883,0
25.3,39.0,14.800382515376647,295.0,0
25.29906740916807,38.99853763859339,14.801734508384545,295.0,0
25.298737415896518,38.99968109181006,14.797510173829194,295.0016957657244,0
25.299815448696748,39.0,14.798037471740098,295.0004573712026,0
25.29879163376935,39.0,14.799322375888117,295.0,0
25.3,38.999091712675906,14.799959201903796,295.0,0
25.3,39.0,14.799060491827603,295.00012488245875,0
25.29852246991889,38.99885329436809,14.800178164986635,295.00004579550694,0
25.3,39.0,14.800154106946085,295.00071534597413,0
25.29936918831539,38.998825012431915,14.79806766055698,295.0,0
25.299417902296476,38.99960914921235,14.800899408920637,295.0,0
25.29891125138024,39.0,14.798494226537105,295.0002036116115,0
25.3,39.0,14.801790536289683,295.0003876328761,0
25.3,38.999472883965595,14.80157333022262,295.0,0
25.3,38.998731140909506,14.802833714802949,295.0,0
25.298227748403274,39.0,14.800474110167386,295.0,0
25.29953122574387,38.99908871436135,14.799716762369988,295.00073474222046,0
25.29877306677606,38.99980255892167,14.800166870058352,295.0,0
25.3,38.99988976312398,14.79967162686087,295.00091494395355,0
25.3,39.0,14.800242972135083,295.0,0
25.3,38.99761106467054,14.799094229685608,295.00036263175923,0
25.3,38.999983157665,14.799451062201724,295.0,0
25.3,39.0,14.801333244765752,295.0013936334624,0
25.3,39.0,14.800026524549152,295.0,0
25.298835260645486,38.99945873079151,14.800877196063112,295.0016560009927,0
25.298851362650517,38.99896823227308,14.799919133574736,295.0,0
25.299306894392682,39.0,14.800348415879412,295.0,0
25.2999138561169,38.998993568149,14.802946019653438,295.00082264172727,0
25.299096065158857,38.99758583943588,14.800965193000248,295.0,0
25.297942504530234,38.99993264776223,14.800698617617744,295.0,0
25.298625123580795,38.99936938071485,14.800800469438075,295.00022582446286,0
25.3,39.0,14.798400783599678,295.00053615550036,0
25.3,38.99964624445615,14.80154356194976,295.0,0
25.3,38.99976094399283,14.796767696604526,295.0,0
25.3,38.99955774140669,14.798834797919316,295.0,0
25.3,39.0,14.80067111987147,295.0,0
25.29891995193423,38.99934390603909,14.798629013958722,295.0,0
25.299147226324823,39.0,14.800846991143038,295.0,0
25.29897003918236,38.99974133249836,14.800429819425043,295.0006614449154,0
25.29957640093435,39.0,14.801130882896015,295.00064206129315,0
25.298587779444528,38.99992498381773,14.799546234039736,295.00000621297517,0
25.299571692902735,38.99996121087939,14.799062912845157,295.00112059344804,0
25.297410436357925,39.0,14.799625072052704,295.0,0
25.3,39.0,14.800289347767478,295.0,0
25.298682402464337,38.99899810769956,14.798843733551672,295.0000094810019,0
25.3,38.99772215034506,14.800525182838596,295.0,0
25.3,38.998840005876545,14.800434168070637,295.0,0
25.299453266431744,38.99965310588365,14.800325015803958,295.0,0
25.3,39.0,14.800355961299706,295.0001727626619,0
25.298478683948023,39.0,14.800384346753207,295.0,0
25.3,38.99905836925988,14.79964840778919,295.0,0
25.298812320611482,38.99968821677251,14.799849303653794,295.0012355367651,0
25.3,39.0,14.800466944928969,295.0,0
25.3,39.0,14.798024011263514,295.0,0
25.3,39.0,14.799872126184347,295.00093562416475,0
25.299510812869798,39.0,14.798881469587382,295.0,0
25.3,39.0,14.798089798942772,295.0,0
25.3,39.0,14.800137237787789,295.0,0
25.299152578322794,38.99973665536011,14.80018614269109,295.00221613762983,0
25.299809500320166,39.0,14.800426510576703,295.0,0
25.3,39.0,14.799368713560124,295.0,0
25.298914017883767,38.999596641432824,14.799231073698248,295.0010302009477,0
25.298161816323148,38.99972736827125,14.800329671589482,295.0,0
25.3,39.0,14.801623215216972,295.0,0
25.3,39.0,14.79834956927348,295.0010029065474,0
25.3,39.0,14.79884497043344,295.0001469639806,0
25.29976163101721,39.0,14.79955209815697,295.0008202980129,0
25.298998953907375,38.99730492781326,14.799287636750753,295.0001790125072,0
25.3,39.0,14.798663281727393,295.000646348837,0
25.29904712545274,39.0,14.7987087267437,295.0,0
25.29925787250887,38.999846851904614,14.801524699576197,295.0,0
25.3,39.0,14.800208357134602,295.0,0
25.299448514623904,39.0,14.798301562867453,295.0,0
25.299805392544705,38.99932005283343,14.801340200596856,295.0006503448612,0
25.3,38.99963913751785,14.800715864922875,295.00062874821214,0
25.3,38.99869306530825,14.799291423002753,295.0016153753833,0
25.3,38.99967135307548,14.800744452887642,295.0,0
25.29865954955392,38.998101737533375,14.799851930299438,295.0,0
25.299328659923493,39.0,14.800760646985012,295.0000984321072,0
25.3,39.0,14.800004062417491,295.00018326319866,0
25.3,38.99903814595598,14.801416742585742,295.0,0
25.3,39.0,14.799578240791273,295.00177686649744,0
25.299104961685867,38.999718902575125,14.79992211360947,295.0016340067778,0
25.29910316068408,38.99952001982607,14.800812651931842,295.0,0
25.3,39.0,14.80108398010777,295.0021148627475,0
25.299923148116985,38.99978310454704,14.80065316839896,295.0001289161121,0
25.299558059350375,38.998919079385445,14.798572156134451,295.00003189431845,0
25.299981150377,39.0,14.79977855559878,295.0000200308427,0
25.299712875834743,38.99927985736411,14.799588627732684,295.0,0
25.299891440294168,39.0,14.80026069777212,295.0011284632613,0
25.3,38.99947293263178,14.799907864202087,295.0001998801536,0
25.3,39.0,14.800870152147088,295.0,0
25.29957280563807,38.999266195538375,14.798175326124277,295.0,0
25.299080845826335,39.0,14.800735111590448,295.00102848529133,0
25.3,39.0,14.799678098052444,295.0,0
25.299189191726786,39.0,14.801760562394778,295.0,0
25.3,39.0,14.798824063102009,295.0,0
25.3,38.99903479333788,14.800254551567637,295.0012093639702,0
25.299220339467674,39.0,14.798633020400352,295.0002048661374,0
25.3,38.9983869147889,14.800814613035376,295.0007306061215,0
25.298384417176397,38.9986465940767,14.80053489148128,295.0,0
25.299719838841124,38.99920656872795,14.799569724294667,295.000145988105,0
25.3,39.0,14.800020944823746,295.0004019591766,0
25.3,38.99996066934804,14.800389005010704,295.0004269391304,0
25.29840135282944,39.0,14.800312658557386,295.00017343359855,0
25.3,39.0,14.799609868202692,295.0,0
25.299552283074135,38.99843727016022,14.80111511528805,295.000251324305,0
25.29985705690518,39.0,14.797843637670546,295.00106791860975,0
25.299499155524998,38.9981255819573,14.8004947974929,295.0,0
25.3,38.99992347113843,14.8005065159057,295.0007805959689,0
25.299252089743828,38.99918459275408,14.799842492811798,295.00210616877456,0
25.3,38.997228107048855,14.800164561780091,295.0,0
25.298041652545724,38.998651352201776,14.799440679433848,295.0,0
25.3,39.0,14.8015487627096,295.00006458600694,0
25.29953230682818,39.0,14.799900959462429,295.0,0
25.3,39.0,14.800331125005316,295.0,0
25.3,39.0,14.800004038776022,295.0,0
25.3,38.99812085962713,14.79866983790759,295.0,0
25.3,38.99954249773146,14.798663367983366,295.00103361016596,0
25.296862251466283,39.0,14.79988657299102,295.00199545590726,0
25.299714445925087,39.0,14.799363160476405,295.0000185036821,0
25.29991041931869,38.9997330244349,14.80012335729465,295.0,0
25.298866229903076,39.0,14.80295193460262,295.0,0
25.299805263805226,38.999894156761755,14.800357422253832,295.0,0
25.29905247353782,38.999100193725695,14.799533616832667,295.0,0
25.3,38.99951192646619,14.799177594312715,295.0010798365156,0
25.299486914579848,39.0,14.799447212198572,295.0,0
25.29956807745527,39.0,14.799284194342174,295.00057006332526,0
25.299291696152743,39.0,14.798879254520337,295.0,0
25.3,38.99982996410258,14.800743699556316,295.00001315011974,0
25.3,38.99929266952719,14.800331233114967,295.00075405806325,0
25.299786706292572,39.0,14.800904161471546,295.0018401358511,0
25.299062429862317,38.998311533063855,14.80071550838852,295.0,0
25.3,39.0,14.800237458251681,295.00065042513484,0
25.3,39.0,14.801256366649428,295.0001274649981,0
25.299722623061985,39.0,14.801317870027164,295.0,0
25.29981615045519,39.0,14.798920359248944,295.0028244438866,0
25.3,39.0,14.80097060236182,295.0,0
25.29949452984078,39.0,14.797231690969475,295.0,0
25.3,38.999898619824606,14.801748597682638,295.0,0
25.3,38.999568447150274,14.799874968454793,295.00076068143136,0
25.29887896933262,39.0,14.800047503783635,295.00081474452617,0
25.299844809316085,39.0,14.800889458512707,295.0001833798413,0
25.3,38.998733521054106,14.800835745967857,295.0007830894281,0
25.29912561081923,39.0,14.7998313234564,295.00044803908645,0
25.3,39.0,14.800067389904815,295.0,0
25.3,38.99754531212137,14.800097940840946,295.0000345284218,0
25.299073784597702,39.0,14.798708602501325,295.0,0
25.299802684292537,38.999371304370406,14.800305554989773,295.0,0
25.298796115562777,38.99977838157682,14.800419706944657,295.0,0
25.299398793251015,38.99853183460703,14.802279442296614,295.00007613917296,0
25.3,38.99956176087901,14.800168222307937,295.00060231555926,0
25.298547532465474,39.0,14.79972412006169,295.0004220767999,0
25.3,39.0,14.800056934320946,295.0,0
25.3,38.99838798906407,14.799136680988392,295.0,0
25.3,38.99910792736762,14.79884983817206,295.0,0
25.298357327046688,38.99926367904466,14.799408781302011,295.001319717587,0
25.29939681256886,38.999498340355636,14.800172555106668,295.00038615284035,0
25.3,39.0,14.800517980517226,295.0,0
25.3,38.99748308611759,14.800176368018718,295.0005369749869,0
25.299215395712046,38.999677895862014,14.800150309058669,295.0,0
25.29945288088477,38.99884289459654,14.798874340157482,295.0001747382746,0
25.299281814274234,39.0,14.799951456182807,295.0,0
25.299408185866202,38.99955648265117,14.800538228452844,295.0,0
25.29845097984845,38.99873525292656,14.801449016151771,295.0,0
25.299949112298087,39.0,14.799750362394056,295.0,0
25.29851013656134,38.99842645468852,14.800822272556543,295.0003833315928,0
25.3,38.999864034828036,14.798343481004254,295.00019881578726,0
25.299769299094226,38.99873756831087,14.800602368393188,295.0001084961534,0
25.3,39.0,14.799472908123642,295.00023739076136,0
23.99950177825145,14.1,14.6,491.59982031665464,0
24.00081085751116,14.101631315266362,14.60125822207886,491.60093043798895,0
23.999012665483356,14.1,14.600066349055773,491.5995385625675,0
24.000835142901575,14.1,14.6,491.5999205573161,0
23.997976393780718,14.1,14.60001685589501,491.59986233112437,0
24.00018039168171,14.1,14.6,491.6004039731121,0
24.001423957152397,14.1,14.600261192690333,491.59852414133695,0
24.00159812435183,14.1,14.6,491.5994383425388,0
23.999810293832336,14.102074854545469,14.600665243667729,491.601283246935,0
24.00064148690899,14.100416662364907,14.6,491.59998318006365,0
23.9992802420578,14.101831227713499,14.601265463337077,491.6000993926857,0
23.99851588397141,14.1,14.6,491.59956649651184,0
24.001250407733917,14.1,14.6,491.6000279973833,0
24.000470042147708,14.100890605802103,14.6,491.60043406363206,0
23.99790027821078,14.1,14.60025674261527,491.60007132728106,0
23.999255808028447,14.1,14.600206758859587,491.60065193096557,0
23.998580396995433,14.1,14.600572739723152,491.5986806465639,0
24.000684629825706,14.1,14.6,491.5990713904519,0
24.001211171929228,14.1,14.6,491.5991874132305,0
24.000407036312872,14.100030652432766,14.6,491.60097334637743,0
23.998023559415433,14.100115506616106,14.601544096085549,491.59936594204663,0
24.00089878404827,14.101636106703976,14.601297137317815,491.59980871317526,0
24.000127549120325,14.1,14.6,491.5991301332171,0
24.00125239344436,14.1,14.6,491.6000651820222,0
24.002604213856575,14.10089538436894,14.6,491.6004006157616,0
23.998764217808123,14.100442984125175,14.601050540783332,491.5995511348483,0
24.001778587583953,14.100639034362189,14.6,491.598798395648,0
23.999652323516408,14.1,14.600498477949664,491.60008143414274,0
24.00108724593881,14.1,14.601096399301156,491.59995282710685,0
23.99933368749904,14.100704982548395,14.6,491.60114197444256,0
23.9988058905969,14.1,14.6010318730094,491.60069757839534,0
23.999216609490663,14.1,14.600246130856176,491.59954426455886,0
23.998261100336148,14.1,14.6,491.5986256952674,0
24.000830444406503,14.100100170211311,14.6,491.6008208060712,0
23.99934954990741,14.100402601225726,14.601453140036982,491.5985422337741,0
24.000383971271898,14.101076540601174,14.6,491.600974156558,0
23.99939327694081,14.101905665833245,14.600054953738933,491.5968293122227,0
24.000320667625505,14.100476994349407,14.6,491.5991516250075,0
23.999334075747893,14.100207946642561,14.6,491.59950869743585,0
24.00055830175389,14.100875668604443,14.601102556320509,491.600559228084,0
23.999542227133794,14.100387342130272,14.6,491.59925937544466,0
24.001091700876085,14.1,14.600367187209132,491.59932035546314,0
24.00029396694761,14.100671248225607,14.600033843486035,491.59912927957447,0
23.999109616836428,14.1,14.6,491.6004181259044,0
23.99999293684132,14.100510281063926,14.60064938408634,491.5999158505137,0
23.999507981151954,14.100695033254615,14.60050060985006,491.5995432609165,0
24.000478837455955,14.1,14.600868802543632,491.5989403984073,0
23.9989400636159,14.100694033364015,14.6,491.60039009320985,0
23.99878805601456,14.100719069877991,14.6,491.6013527642326,0
24.001776235232846,14.1,14.6,491.59987976470023,0
24.001522359186165,14.1,14.6,491.6014148806706,0
24.000535801463,14.1,14.601672360568365,491.59843450840555,0
24.000155898177884,14.1,14.600531624154259,491.59878120488287,0
23.998882601184043,14.100120116129492,14.6,491.59953760419904,0
24.00041346516107,14.1,14.6,491.6013431727193,0
23.999656212118396,14.1,14.600094389502178,491.60098284764075,0
24.000230400714152,14.100071143369401,14.60094551889344,491.60072906128835,0
24.001846187862185,14.100875075362971,14.600882207340934,491.598911818878,0
24.00008343796974,14.1,14.60149510378314,491.60064930070695,0
23.99979273267055,14.1,14.6,491.6010319473166,0
24.000546680084533,14.1,14.600279332723767,491.59983612542874,0
24.001299581236875,14.101618520173725,14.6,491.59863706865195,0
23.999181222356192,14.100818378489,14.6,491.60116997395534,0
23.998982338533104,14.1,14.6,491.60095748297067,0
23.99960930407902,14.100563941275091,14.601305611926318,491.59960376378194,0
24.000229390744014,14.101012857439594,14.6,491.5987996988229,0
23.99942794255823,14.1,14.600074671981595,491.59952880489794,0
23.99943539407405,14.101151150702167,14.601008569614898,491.6002704308226,0
23.999774692077906,14.1,14.600374888437829,491.60016376395424,0
24.000436764237186,14.1,14.6015835576472,491.5991301410854,0
24.001292262695053,14.101695808235501,14.6,491.59858968532467,0
23.999705775870932,14.1,14.600235582303341,491.59974430056775,0
24.00091619191543,14.1,14.600865942180826,491.60068767040565,0
23.999317947934234,14.1,14.6,491.6007618478299,0
23.999500314889644,14.1,14.6,491.5997918627969,0
23.999517751047264,14.10007527465428,14.601213574101175,491.599218510219,0
24.000763286104124,14.100841747216165,14.6,491.59908937717927,0
23.99892702195218,14.100648376823443,14.6,491.60026042587964,0
23.999696181404342,14.1,14.6,491.60142438738535,0
24.00133860579967,14.1,14.6,491.5985755737428,0
23.998007484646777,14.1,14.600726309920205,491.59827665379237,0
24.000387130649735,14.1,14.600029910808864,491.5991557633398,0
24.000013837746042,14.100094044158318,14.600745635673734,491.60189649601506,0
24.001256506894226,14.1,14.6,491.5985964333296,0
23.999209628103895,14.1,14.6,491.60029785441185,0
24.00033130838313,14.100552192571508,14.600572895806039,491.5989976585861,0
23.99705090557464,14.1,14.6,491.60089367554747,0
23.999518133938228,14.1,14.6,491.60137702285255,0
24.00012545425995,14.100550452288063,14.6,491.60024865502385,0
24.00022979963052,14.100166162699868,14.600914984046439,491.60218923703985,0
23.999632518334472,14.100092210598257,14.600221865799535,491.5970028273328,0
23.999579905509496,14.100896524079426,14.6,491.5995092195067,0
23.999526367923135,14.102104755836027,14.60092202890283,491.60104227043314,0
24.00041736681355,14.10058744724724,14.600312025699397,491.6008928622272,0
24.001245717376392,14.100947130607455,14.6,491.5990556537231,0
24.00021701705037,14.1,14.600358374060175,491.6012687332095,0
24.0013776175007,14.102422221607624,14.600507677568036,491.59947992042663,0
24.001585983312186,14.100991411611218,14.601798520397862,491.59782713089544,0
24.000868292731823,14.101849129224101,14.6,491.59957246319595,0
23.999672178827105,14.1,14.6,491.6001010189061,0
24.000925424626008,14.1,14.6,491.59995152974307,0
24.000995815394738,14.1,14.6,491.60045335269547,0
23.999961762004986,14.100889855317243,14.601439112486139,491.6001658764124,0
23.997379206908917,14.1,14.601118210436097,491.6000253991261,0
23.999719363595457,14.101403521494289,14.6,491.5990144073763,0
24.000053120652964,14.100339287217809,14.6,491.5996371977657,0
24.001319247194544,14.101117832149788,14.6002015076188,491.6005871660337,0
23.998762561865263,14.1,14.600473394935939,491.6000729477386,0
23.999151569117743,14.1,14.602244596783052,491.59987564590364,0
23.99879992104352,14.1,14.600496344735046,491.5997917218007,0
24.000635362388774,14.1,14.601204606251896,491.59939954185353,0
24.000604744664486,14.1,14.602221004657885,491.60013611964655,0
23.999348478008606,14.10087843918812,14.601083044548341,491.59866593781294,0
23.999401205610386,14.1,14.6,491.6000324848078,0
23.999542719595333,14.1,14.6,491.59998322216563,0
23.999916173372018,14.100656443548665,14.6,491.5992336184564,0
23.998596630029823,14.100422964175017,14.6,491.600869435158,0
23.999703424454808,14.1,14.6,491.60050588525775,0
23.99830004262537,14.100169499518906,14.6,491.5997154831425,0
24.001032523903476,14.100155821941865,14.6,491.59906595176926,0
24.000847633928565,14.101825934639768,14.600625378085091,491.6001456651634,0
24.000370508098538,14.1,14.601447668315693,491.6007734263551,0
24.000907756180094,14.1,14.6,491.59914378584733,0
24.0006578345538,14.100465280435747,14.6,491.59898120136694,0
23.999828160660154,14.1,14.6,491.59915890592083,0
23.999402771781693,14.1,14.600995544063892,491.600899896316,0
23.99915182578728,14.100524617214235,14.601263831737944,491.6013153880363,0
24.000696771818376,14.100523438804908,14.6,491.59937638909514,0
24.001008554684024,14.100310055407578,14.601972666627145,491.60047173334135,0
23.999904655800506,14.100400271651495,14.600303243089554,491.60154534593596,0
24.000329447786292,14.100675064687703,14.6,491.60030407847614,0
23.99953073241014,14.100351976591606,14.6015192283604,491.59962816954635,0
24.001016683128523,14.100742435537448,14.600212111085614,491.5993587350245,0
23.99966614003338,14.1,14.6,491.6001786018746,0
23.99937793000964,14.101097042122888,14.6,491.6013196412432,0
23.997987729554247,14.100336666946765,14.6,491.598929548396,0
23.99985511216685,14.100217837434734,14.6,491.5989493028933,0
24.000818428665887,14.1,14.6,491.598494285093,0
23.999632350706957,14.100577157097772,14.602131100609713,491.6013203534067,0
24.0005923559556,14.100596827358,14.6,491.59910108979017,0
24.001058907587,14.10194243411467,14.6,491.6004931270424,0
23.99898853696454,14.101938206185036,14.6,491.59997966636934,0
23.998769125486792,14.1,14.6,491.60055716657405,0
23.998012938888248,14.100597726901558,14.600546481506768,491.6008467105561,0
23.998445839579233,14.1,14.6,491.5996934008814,0
23.999956485331303,14.10039129862084,14.6,491.59954186315963,0
23.99975867806503,14.1,14.601204907586126,491.6003351930348,0
23.998244524301633,14.10036503290203,14.6,491.6002404131852,0
24.000073947565554,14.1,14.600464285564017,491.60015064421793,0
24.001130615334883,14.100206607294444,14.6,491.6007706947011,0
23.999104644569183,14.100663837387165,14.600643587541585,491.6007663137508,0
24.00003361256465,14.100220913821245,14.6,491.59918670582596,0
24.000205859430828,14.1,14.600761293514724,491.6001888274818,0
24.000491153747088,14.1,14.60033371275416,491.60154382425293,0
24.000061764199806,14.1,14.6,491.6002631586183,0
24.001203200855336,14.10091118444584,14.601044798823628,491.6005924270778,0
24.000769996066143,14.1,14.601314570129864,491.600326757207,0
23.999404970534112,14.1,14.60055998194628,491.5998152061233,0
24.00003143917032,14.1,14.600882809061826,491.60091234968525,0
24.0003596296724,14.10062042683389,14.6,491.6017767155728,0
23.999650199975378,14.100121374153044,14.600920462917992,491.59727376314027,0
24.000080599749243,14.1,14.600886823998938,491.60175239186185,0
24.00011676591574,14.100942063021014,14.600634851977754,491.6005033367356,0
23.99816744295647,14.101733301760524,14.6,491.6002949490416,0
23.99960620270173,14.100504102041784,14.601906875252729,491.5995595661917,0
24.000048897183422,14.1,14.601384396012426,491.5991213908496,0
23.99875310828441,14.1,14.60001250946329,491.59829704238285,0
24.001703871586773,14.100977666413792,14.600917519237608,491.6003107206417,0
24.00024338397932,14.101575245098322,14.600279457045458,491.6002193241777,0
23.997781219766498,14.10185766688007,14.600076369126612,491.5983153589558,0
23.998523065573828,14.100360439992421,14.601206584234411,491.60147157909586,0
24.000588866826686,14.10026353678959,14.600865290188924,491.60106484464023,0
24.000548268794873,14.1,14.6,491.6005813920752,0
23.99878204084764,14.1,14.60052637416355,491.5997963037545,0
23.998820274791587,14.1,14.6,491.6002570218251,0
24.001102292149785,14.1,14.6,491.59955248695707,0
24.000838585798395,14.100432755128264,14.600887851985632,491.60026898121623,0
24.000637307746974,14.100490250782922,14.6,491.5987703542729,0
24.000031058932816,14.1,14.600964226610158,491.60061735835563,0
23.99970780727162,14.1,14.600223929749852,491.6006887639901,0
24.000606865177804,14.1,14.6,491.602197643674,0
24.000526247856463,14.1,14.6,491.60062089832445,0
23.99985874285986,14.1,14.602124929139014,491.59956440661307,0
23.999491731360273,14.100693714188571,14.6,491.5998806450812,0
24.000287447519348,14.1,14.6,491.59834600804726,0
24.000569832928186,14.1,14.6,491.60043510466005,0
24.00041619440483,14.1,14.601134665136874,491.59926014184396,0
24.000535335086962,14.1,14.6,491.59876781348015,0
23.999314492261156,14.1,14.6,491.59931961602774,0
23.999901932460407,14.1,14.6,491.5993760337024,0
24.000194697296063,14.1,14.600055131472423,491.599274598213,0
24.00011622904307,14.100080536863711,14.6,491.5997517772022,0
23.99913084540745,14.101555895583742,14.600397535384165,491.598955855135,0
23.999123953207416,14.1,14.6,491.59911569364874,0
24.00163948416247,14.1,14.600409963494949,491.600235081924,0
23.999359520204745,14.101013068428571,14.600186138351008,491.6004314012368,0
23.999914790550314,14.100409369345378,14.603017415354756,491.6010472460044,0
23.9987940054834,14.1,14.6,491.60165787389985,0
24.000948916520773,14.100391290037734,14.6,491.5985193591856,0
23.998864379852765,14.100957710025462,14.601095742251447,491.60017596953435,0
24.00052897770801,14.1,14.601088856326971,491.6006002106008,0
23.99964749503159,14.101239853272773,14.600555513848471,491.6002059288624,0
24.001912254975366,14.1,14.600093577357685,491.5997810049783,0
23.999088637277772,14.1,14.6,491.5980573983736,0
23.999456520621276,14.101284555527952,14.6,491.6008148761488,0
23.999267507897166,14.100221253577963,14.6,491.59872977989943,0
24.000122708933542,14.1,14.6,491.60101009358715,0
23.998483605944692,14.1,14.6,491.59764139107784,0
24.00095191845997,14.100076936207628,14.6,491.6002122624091,0
23.999665823582703,14.100297007919034,14.60018722798129,491.60122851253453,0
24.000413605533367,14.1,14.6,491.6009718721019,0
23.99951396371053,14.100622398421846,14.601575796059626,491.6012715734411,0
24.000093636188687,14.101073140940976,14.6,491.60047916166934,0
24.000583599326294,14.1,14.6,491.6014645424224,0
24.000451158858354,14.1,14.6,491.60289042232597,0
24.000411426607062,14.101193369916386,14.6,491.6004626160429,0
23.99980957611002,14.1,14.6,491.60045602038696,0
24.00248832735336,14.1,14.600666066680576,491.59996058812624,0
23.999941015778358,14.100474596336895,14.6,491.60098170883975,0
24.00096273256523,14.1,14.60020764863138,491.5998334185579,0
24.000586531269512,14.100601350792333,14.6,491.5998321850053,0
23.998840925934992,14.10078062241669,14.600383746147417,491.6020172657684,0
24.00137167369718,14.100402054445567,14.600665894384461,491.5987700872757,0
23.99826506342411,14.1,14.60088466540475,491.6007656634383,0
24.001202149526023,14.1,14.60039945839573,491.5998000203828,0
24.000093386858847,14.10033623637886,14.600533110075185,491.6003074147877,0
23.9982450669283,14.1,14.6,491.59972324011744,0
24.001269330496495,14.10017529776145,14.6,491.59935258109255,0
24.00073303299547,14.10012260537069,14.6,491.5984184130122,0
23.999765975545593,14.100762626114685,14.600217981777133,491.5994174442467,0
24.001967069703532,14.101214931667888,14.601090619866977,491.5997912607016,0
24.000056588488846,14.1,14.6,491.5997323597449,0
24.001817979225333,14.1,14.6,491.599936086243,0
24.000863882960537,14.1,14.6,491.5996220104848,0
24.000129517246812,14.101013858926802,14.6,491.5994041549601,0
23.998350519105625,14.1,14.6,491.59919795261425,0
24.001293141543705,14.1,14.6,491.5996773228956,0
24.00116178384386,14.100510527326048,14.600330115671877,491.60184656700466,0
23.999611021270596,14.1,14.6,491.6012247275324,0
23.99895129287353,14.1,14.6,491.60081059777076,0
23.999508792334534,14.1,14.600384679193155,491.6006149035047,0
24.001909356087452,14.1,14.6,491.59930472190337,0
24.000089234154167,14.100085457176297,14.60004840343166,491.60040789066915,0
23.999958674367676,14.1,14.6,491.59856999807187,0
23.999526528100912,14.100985810296507,14.60028045198199,491.60098456905655,0
24.00009909430019,14.10091958645436,14.600650044206775,491.6020826217286,0
24.00070762589477,14.100430380779123,14.600690013120245,491.5994963744553,0
23.999158016304495,14.1,14.600397511406726,491.6008879601028,0
24.00103854382079,14.1,14.601694029459912,491.60040984932834,0
23.9986713591717,14.1,14.6,491.5999360628197,0
24.000459090310166,14.1,14.600691681421722,491.59954120895384,0
24.000389923706507,14.1,14.6,491.60178858867744,0
24.000945746060644,14.1,14.6,491.60043671672986,0
24.001002217018872,14.1,14.600752882549678,491.59924026973823,0
23.999024687541468,14.1,14.6,491.60055909513716,0
24.001103669828478,14.100968105330635,14.600297425483106,491.5994399336375,0
24.00119678864637,14.1,14.6,491.5987201541724,0
24.000409686592576,14.100826034100503,14.6,491.59816747871747,0
24.00153504024748,14.102330987106708,14.60185582564039,491.6004942310911,0
24.000372319052886,14.100760459215236,14.6,491.60187395845645,0
23.999777710144144,14.10015044046826,14.6,491.59960803880864,0
24.000772659445218,14.1,14.6,491.6007290558689,0
23.998816506333057,14.100906828198749,14.601147678135591,491.5994875551659,0
23.9992643780027,14.101590479876497,14.6,491.59848328703373,0
24.00073530346063,14.1,14.6,491.6005938317296,0
23.99862946385595,14.1,14.6,491.59929460032936,0
24.000846850966074,14.100291267295866,14.6,491.6010163758528,0
24.000417909545714,14.10081496254726,14.602011628518285,491.5999553717305,0
24.00128045557095,14.1,14.6,491.59812706704474,0
23.999815289525166,14.101027807603868,14.6,491.60125278533224,0
24.001668599258824,14.1,14.6,491.59716560990285,0
23.999558692848247,14.1,14.600713011787931,491.59921170938304,0
23.999396752499376,14.100278678707548,14.6,491.60185859633793,0
23.99963238015974,14.10060443492643,14.6,491.5989287108367,0
23.99881326537977,14.1,14.6,491.6007804243205,0
24.00090461437494,14.1,14.6,491.5999962523447,0
24.000878323077128,14.100614122053438,14.600308309238018,491.59802977306435,0
24.000215667637494,14.100227233605983,14.600849121442895,491.59932107830514,0
24.00091627410051,14.100836198156268,14.6,491.59929468518175,0
23.99992040213757,14.101155990793835,14.6,491.5998485006298,0
24.002152383544555,14.1,14.6,491.60002140808876,0
24.000330120093913,14.1,14.600195349467182,491.5985368895347,0
23.9985814686548,14.1,14.602506200676961,491.6002311461392,0
24.001207021647804,14.101284752102309,14.601041539948978,491.5995928098912,0
24.001153350510542,14.101683775438424,14.6,491.6009302077088,0
23.999783375024542,14.100383777213288,14.60104674727534,491.60089639622674,0
23.999467993801126,14.101062547982062,14.6,491.59891846247893,0
24.00118187412537,14.101752418042766,14.6,491.5999626759709,0
24.00036146276664,14.10210766244854,14.6,491.6009658020477,0
23.998878142143717,14.1,14.6,491.6010528377099,0
24.001548960525,14.100218311847753,14.6,491.6009053434686,0
24.000002403840867,14.101099331631424,14.600554869773582,491.5994754428958,0
23.999086228378562,14.1,14.601539888438063,491.5991511856532,0
23.9986004053548,14.101595058905211,14.601295546220152,491.59933984871583,0
21.335085892924287,64.12274621883466,7.282019889726807,1060.1292783617496,1
49.95373679828217,46.92222328000969,10.83445051842337,1094.9359723171647,1
49.433705466295265,99.6,18.352199486730488,988.5625634726773,1
55.83559429053154,53.58641365854114,10.099159962274706,1176.6686650998997,1
36.23160544213924,69.94302598376788,7.445211188649368,804.1671107013926,1
54.779808525137774,59.80427563864058,16.25371025223223,1106.260555766955,1
45.318502021079595,69.25332320813095,18.625174873737468,1114.9657052186228,1
26.67353751408987,89.12413917036673,5.731392488611857,1027.0733955907833,1
44.15329776226978,99.6,18.948995650085976,993.6287185379862,1
41.10212212701543,58.06592631786093,10.621318110683296,913.4094281710318,1
44.242697434769056,79.71381565633546,16.207992645330776,1247.1795438519293,1
26.919008410390983,99.6,10.80851592453606,973.5313690079236,1
32.85380433568773,41.33657011263369,8.78763523601042,1126.3650127774654,1
36.133188050345645,67.77656104632797,12.608553343539414,1150.9882941807937,1
53.95020587698312,68.39530711120591,12.13113945662284,1096.5356839046333,1
45.569962979169944,25.18762304121237,12.69632301239472,901.8905003403017,1
30.684082535979226,78.46564928604829,14.663958822573974,970.4738895116704,1
69.0,23.436958114760913,19.7,1029.0479123935677,1
39.319506692955585,70.12510255489103,5.6059158479925415,1011.5677440847847,1
26.71658878248627,48.48400906528768,3.487636715664326,1057.7142851934066,1
29.081027587473525,72.11727430431047,8.81720426352648,1146.5107428268748,1
42.39613184667372,46.10794930275188,12.623689160510187,1104.1209039353857,1
45.97134274941433,70.62268944948796,8.767261525328449,1130.2152233316178,1
41.21046375672582,54.72046284498758,10.14449487235369,979.9393586467708,1
46.017329151624224,71.88360803184368,10.341953458477446,1237.5674280342555,1
21.64587271085574,46.261071616867795,3.772089044999305,1048.9874239733706,1
60.85106978443416,67.67588518015157,18.48412827384287,985.568583861911,1
55.189415790508036,5.3,9.827047135603715,1014.650154926287,1
20.797943994733334,90.93515488339483,10.018070957066683,1030.3806467784184,1
19.237712429067525,85.07235650339672,3.005616395192865,906.0838199614768,1
62.199099398407064,5.3,10.941721925462952,935.3902212913408,1
54.743866113828226,78.46428826008203,17.781410952775108,1009.5245453420487,1
54.29103998440554,48.32136143213252,18.05623234144068,1184.0992586949778,1
32.50213998808549,67.86946388177657,4.744002854284524,1142.6136365456853,1
64.58784770571256,29.02618477095907,16.293645276532093,989.6734520132189,1
58.91718775840176,43.176752033707295,11.35286205869112,985.008774045156,1
37.60832415226022,53.39404067726798,10.797150127907196,946.0030262436699,1
40.563015053882076,53.69650907153146,7.552368034208281,1126.825087920801,1
51.23071644015066,53.235080789564144,17.271812492208362,743.5793755633451,1
34.61758273768458,36.346357269818114,3.2427959892735014,1171.0893956814455,1
29.412300992915277,49.247987604073224,12.802037861079757,879.668984399622,1
47.620396090130434,83.7736990888072,13.03045955178771,1061.6001271127218,1
38.533247154299744,51.149173282963346,11.835872636096799,1036.1120972512574,1
48.59744418759246,21.28913505106589,17.855572986538082,1022.1249476574269,1
45.89344498504989,87.83191447967532,17.57971692314506,930.5963988732865,1
39.45982867640982,40.57132118186682,8.164794359506132,1058.0177099506798,1
38.554526775095866,99.6,16.63748984188852,1152.420423354563,1
30.97297251929411,95.45042300813509,12.883431633886623,992.8276924982829,1
43.634039147553075,56.158606477046554,7.329114466817897,1157.4721521216638,1
29.45537654365036,44.050063456334996,9.19741851703552,970.7427188352876,1
32.419509237109345,84.03634005886505,11.237515392137324,1232.2220234429099,1
52.21742739781939,5.3,7.695341010064569,945.886167114615,1
44.43263506293341,45.2915618511408,13.790697433394552,880.8088081942279,1
46.2888324820326,67.77610209075269,13.236018943596239,1140.8395375625084,1
18.764488837059403,99.6,6.588811514484043,677.1032614702342,1
47.50311447896006,31.036869801482773,6.511446841770004,1095.1895188864573,1
53.63904531460499,43.155932639070045,13.520572049476266,1131.8388003756004,1
12.262854800690334,74.88013074306942,5.27651336010247,1018.2765414645919,1
52.77346222061864,54.53000572541923,15.28039980817594,1329.0637250478323,1
35.21047628221948,62.18693490488075,11.429659392452038,1143.9219519983742,1
47.31444560365538,70.04454881021566,11.205519789714467,1205.1670675018142,1
51.64722977281289,55.048890210402064,18.31120542629203,758.6873089793314,1
58.276259951112905,39.245640007318094,14.833576742340213,704.7548795792713,1
27.976883053642744,81.50864331082465,12.519276974730285,834.3173544310312,1
69.0,68.53752322968971,19.7,1163.5279969668795,1
17.356416143937835,92.43973883371528,2.2094710501383954,1063.2204057761205,1
27.259456880201416,54.722578532479766,1.3282587157084187,1090.9224556675204,1
48.25099724779631,64.6060873012708,16.310669567105577,849.4588333355424,1
36.27707655002508,78.13774432738671,10.43844806382953,994.8415874159007,1
26.981922617325324,40.5687447573509,1.0,1007.4945814068816,1
26.156791170809093,99.6,15.891138675246632,704.3604133864567,1
39.1687122350332,79.45846377876187,11.255280636910074,982.4807778108162,1
42.89286995772096,36.74435280140595,6.684967272358354,1112.986455078723,1
30.23236466093356,52.43327577114458,9.476788036060158,889.2782525556776,1
30.448734232959893,73.94907757585436,10.296003170319205,1149.593545127788,1
27.279841757562203,55.768085840348185,4.37038328649213,1027.8641872995538,1
39.465660548541734,67.85597030080416,15.226409776506735,942.3299923610291,1
28.126680458613897,37.619308983882256,5.3284226550836244,900.329887796143,1
33.60739526341115,70.27542601781485,9.931300235871566,922.144105755949,1
50.591570994860376,46.25815390338144,19.256668833319033,1009.6899419692162,1
22.637811987460775,90.7756178245585,9.915698806823972,1176.5107653401133,1
43.17140227223377,45.32416377726445,8.051180197111911,930.4609788594782,1
25.822233148306573,78.19202162881193,7.6700538366867255,1013.5491761016783,1
36.49189310738537,68.40499421805771,8.100027530034982,1148.9176534765566,1
41.31217683990142,53.219976724802166,8.262004110483032,1148.2072745149494,1
60.158601438217275,57.687148827682314,12.396042637298898,1095.1143959041715,1
36.14027970891508,65.21623337355021,13.971098221708322,1132.7923551753818,1
38.60556386021467,67.33363148524761,8.73098773153885,895.5965884390907,1
36.00815263006255,68.89832074694479,7.858320705208418,1027.4957952969366,1
48.14381590271968,20.175757612663304,10.92977291421363,945.9180213757471,1
34.097461465447076,72.94358993789524,10.811369727795569,920.9300460928787,1
35.31942218916864,82.57704511369073,13.203609343737124,1010.1580113892367,1
18.64744800396418,33.02280573666649,1.0,806.2692460473431,1
15.518167499953481,53.444660542876136,1.0,893.6103578373948,1
63.38661687798358,81.09481067536157,18.271420419688937,1150.7699311113333,1
37.46631909418777,54.995910094960465,14.528404292854969,1138.7995015420272,1
44.67908917594348,80.24757487242753,16.693020438567917,881.6743788798773,1
40.43046172249705,7.051534260093625,2.8689587386647784,1222.7218907957736,1
51.77356931443577,21.717259578578215,12.973531288999512,1281.8187424978519,1
40.8434255511025,75.59727984365156,11.492089356596075,1264.6289898359905,1
56.803894398097896,45.86575150748744,13.955736949658442,1091.90256165809,1
35.86018471340613,46.354304225981025,4.668691329213228,1006.3950567951956,1
47.71650380262876,23.730357046796016,5.944847419369637,1254.952587757539,1
24.082199823996422,58.0349651900903,6.883550013599024,791.3787826895903,1
46.756209811208905,16.353417268247227,13.099294379325281,713.9593264999025,1
56.297837026110074,26.494307212434883,15.212443866762818,926.8907107373752,1
43.586941898711835,99.6,12.224867398365474,865.7504366527702,1
27.946876104579523,38.302791639749685,4.595506588996404,1065.0853688727957,1
48.30678450086025,99.6,19.342833452521443,779.7997557727838,1
62.493102456732814,67.02403211456863,18.863842148054466,966.4995155471167,1
43.73443026880498,40.72810898052329,6.026181262271776,1220.6174761323946,1
35.808869045711646,89.6170164680969,14.985377140631805,1102.2427300355694,1
52.00370459346,47.48031097799323,10.131783788186663,1172.5928635957766,1
42.38356799453753,91.13038182693238,11.041450705946993,1040.9283044965935,1
43.56521557792143,64.5523058836892,14.68807551255693,728.9117228083624,1
31.919604370995785,65.87179734458459,10.976700523679567,1041.6529757225344,1
43.686325597345935,77.67977662526427,6.340449570542048,1104.4987581832602,1
33.02104470859935,18.532604711911283,2.1662410407030936,1252.2812766326624,1
5.236144213109604,47.18416249073267,2.030702296873679,938.2211497773168,1
53.38368818083657,90.62605770021833,18.829229784521015,1043.9052900070617,1
42.79403897390031,99.6,12.01911601118629,1138.7242201949962,1
39.850308989249406,39.181092122508545,14.474465551395019,770.5026029946541,1
18.102250694535645,81.95306132543625,7.648170077264062,1013.4698945776757,1
52.82553565702465,67.3287854454585,10.62160853756848,1180.5190083848731,1
63.46672285757744,12.950792744075251,15.989790838375885,884.3982697184052,1
46.71035907234544,75.30298762547771,11.369048053013369,1122.514884942411,1
32.864600041811094,83.76110093111427,10.813238371396922,1017.6008785403841,1
41.89353414756157,86.9296881347432,16.301830900367175,1060.7547907023254,1
32.221533005364385,88.53656799609563,13.925368575855092,949.5841765744119,1
54.090443720448505,45.31604814524344,14.183006256758679,1275.4245872008653,1
50.74502459016971,99.6,19.313886444798364,1139.7630160851352,1
29.293576349881576,85.79284689267934,5.116803406442013,985.886672195327,1
41.34446805040222,95.8547176990206,15.033529873402827,1034.8321580292695,1
29.61452943063905,68.90304125578433,5.846386618893072,1154.2809844363715,1
25.197139696703253,92.12352931220818,14.400708494510688,899.3519679911317,1
35.688196119823395,78.70857231940884,8.64867272227264,1396.7370765325725,1
35.4597586912554,78.38417337361304,11.042505491022359,968.9622714605309,1
35.56137896939297,55.512548162066714,8.57126406853892,848.8667124993494,1
35.18551693671946,71.92834641153098,8.758411216970021,1098.1266750353009,1
41.25416064696103,5.3,4.507814020678248,980.4037253298549,1
59.06489370404317,78.6806780757832,16.833603451065443,843.6961639161561,1
41.2137486314707,67.91398077947247,15.560576947097722,1306.143862220045,1
31.12801310806035,66.85307583391169,2.117427859145632,975.5637162938065,1
59.426914647547726,43.22564856146482,19.03099467460695,988.6638072039448,1
28.272094105966254,71.37116447237388,15.359558159573577,973.9282780421521,1
47.15314750234995,56.01929473127974,10.238023412683548,997.0513566183735,1
33.49414686812637,86.07198554546932,10.601280268652081,899.966155000697,1
29.86391325790295,50.99192511099092,5.376808657760469,952.5590728206539,1
40.44304881760023,88.68250280421984,14.832141761146401,1065.445678252518,1
22.760585697013635,85.65880600450066,12.607306787568545,911.1703261692251,1
59.121612923959646,12.386518610816125,8.571199600979739,961.6073962095641,1
45.23402229561855,16.54860490403206,6.303359738528588,1291.73272307945,1
6.268383607289756,87.75586558804609,3.321021601232041,983.2164498565916,1
38.38748237817541,40.61654212386964,9.003174135906328,1007.948200691441,1
22.49099768225557,43.19976736243875,6.782896754033796,1143.6291017700325,1
45.08309409268274,79.70803924178792,15.414263512838904,784.9392747999943,1
63.61602291332441,34.41681116643527,19.7,1015.5873873527479,1
51.26713051953375,75.41012048672137,10.854583945918876,1048.3129187758047,1
54.39916245726324,63.51591742171753,12.54677155623569,900.5087628295187,1
54.26250627806668,16.077416468098626,5.964728431733778,1074.45577243661,1
69.0,73.97922414841395,19.7,1061.2278749349086,1
22.930697642049807,37.947111542800414,6.174204593306569,1059.3735340880376,1
6.29697169444885,86.22698177309331,2.5021311026768434,1065.7917565251823,1
38.1227069593233,61.738284419085765,9.91301526608866,1022.5166903977935,1
39.667982197540695,75.8366787299246,10.177698671962105,1111.0445683957562,1
44.12854476324316,57.57114092208398,15.864506993569627,1131.755960026876,1
40.31778809319994,25.81328655972454,1.0,1423.1406333907312,1
55.638531512982105,74.17178927540648,14.673026130808783,1076.028529094084,1
40.69418656357751,9.512949266744144,8.70233564882675,1191.2000081818587,1
38.10722751821895,94.33192273620313,15.825549229676135,916.3300282628301,1
50.05556871507917,40.711348370516106,9.87426680122756,1208.133061439027,1
44.06040898880648,50.61248012289466,15.245321022288703,917.4389901677516,1
39.82919130606806,41.88331785677541,6.987342899367579,1187.0729561395092,1
22.79049162362616,94.41170914421023,8.465565119458489,976.0804372406692,1
56.30083743594756,33.69815043402167,8.59707676194403,1102.7225423930454,1
60.01354146744153,44.65702004622182,19.7,1258.3630729984056,1
52.00703508630559,11.522173457131991,7.605180012131081,1337.207914456817,1
43.21271141169406,49.45124894079255,13.636213346526459,1106.4218890445468,1
45.01659101633627,58.19369237316116,12.135727389343304,1007.2859497810729,1
44.98260116727584,99.6,19.7,978.6656572719365,1
38.47598018877399,66.56718165747307,12.163715841077357,998.9439603283641,1
36.18962566090539,81.90258679940058,8.377909891628597,1106.0516928358986,1
18.439668553567568,99.6,10.38861662973654,963.9072660865954,1
25.45646794522377,31.16885244283662,6.35058198040093,985.9932003646984,1
44.87759380176614,95.19114365182399,14.576569069557275,1301.8383060234792,1
33.881255728725435,81.90241453144577,9.185234431473006,946.9702353743137,1
45.870008851517,99.6,12.356736013670487,1116.8861068837373,1
56.53953420630274,32.27300288048342,19.7,1170.9114137143924,1
49.16660135602728,58.55594173619144,16.150456572496072,950.1850449139581,1
13.828501569403283,52.14472814459842,1.0,1111.5116035876372,1
32.74666293379158,81.89644215990886,17.05611996459296,851.954582988931,1
44.05478648030697,9.521810758924182,4.594663981998015,1118.3690408695288,1
38.48679446987456,34.80750708478582,3.3836381238760813,929.1822919895775,1
41.049520331521876,67.15601082228643,13.15149029454178,1134.0405906390815,1
28.067412046007423,97.37918568966,12.797461630766419,998.3674328261301,1
35.05532169442144,30.73052656338559,7.982166124703806,940.1316373053749,1
26.72812540341228,99.6,11.821932425630061,1035.7661291462744,1
44.10591759600466,98.7085325820751,19.580981394448997,984.0116098224169,1
43.73868899527241,42.58559124622674,10.231829584461758,1030.2983018267228,1
34.75690791712244,76.83664913090722,10.186471749867712,883.6155703213802,1
37.694015335446096,68.97850921138343,9.134451123685634,1090.068418930782,1
35.14413675202188,88.2357187189442,11.831788994300119,835.945687450881,1
27.78730969376759,56.40695485009743,3.0882255714423303,806.9762014509436,1
42.5968174366048,36.900595865359676,12.686446977237532,984.1289193321737,1
23.68398525131216,17.49136784626272,1.0,1102.25118076743,1
31.935702544230004,17.872469538806648,1.795082276196318,1091.3265054058359,1
55.71707112112641,71.51543305802655,13.927417454062407,1087.6633744462158,1
38.83891972559899,81.07756633826483,12.472486718042619,1175.887550572407,1
20.600112121744203,89.08396747646914,8.124769514719835,791.8235044051306,1
56.28573377386809,44.963892674701206,15.62855510373496,1031.6226405402108,1
37.17528560875926,46.84973173088885,16.121835426823324,999.4495056742267,1
46.51652144482873,76.49908699930505,12.38371275510206,1120.5889628371688,1
32.80564977813804,25.191782255559104,2.534936398331089,1120.256879079307,1
50.4467851605335,48.229373772755906,14.18610527542992,1149.5509529909896,1
12.941317944382831,99.6,11.76078025463492,994.8290411225548,1
36.26103913994844,70.5234420023418,11.165656091412437,1116.9373144323054,1
52.18072147343483,7.744808318037393,7.397462497889427,924.7873420297416,1
38.51318094139402,79.08971604218037,16.614796006909202,1232.336107753887,1
41.90454180692823,54.23590976266204,13.991756682060853,1102.3783906000003,1
36.14522160648812,80.2243189355641,16.90975626782915,644.5775186489072,1
42.35790300466055,10.613678852975816,5.862533230912508,921.4525880743647,1
35.238404015002956,30.02076828110026,8.140278390156084,935.4779276091083,1
28.031502161507447,27.8601738893804,6.398492244219854,863.9374023435054,1
28.776470775771596,54.962745480074815,3.9635067029162467,1049.8350825948146,1
35.95535984740051,72.30595064213574,14.94935124116488,969.2751728308292,1
54.711378512109356,62.922638566306745,18.2980442028889,995.619488749273,1
53.58231342969743,5.3,10.508037555953317,926.6952711413057,1
48.975611883817734,18.57650842563715,10.435047800696305,986.5129357057631,1
44.74954858695817,57.98635562958418,13.203478164479275,933.0031564903913,1
31.52738976613933,91.03265372122425,10.00060898703174,863.4317199922725,1
35.38422503460932,99.6,16.196703998643983,845.2488837346455,1
40.870110589352166,65.9979937699247,18.723980277403918,789.0442383130971,1
27.632967862743165,99.6,10.160261988934312,1243.207758594212,1
44.31176879693907,40.20407418063263,7.542149594830555,1177.9846321940022,1
40.83470229439332,34.38727511064937,7.010955200801178,1216.9686138938218,1
48.01605251262495,96.6414640002263,16.612547542622373,746.914600031995,1
44.15459393391783,55.05293270112805,12.645154597220301,1031.3192910844589,1
50.9085489308756,19.86874101214363,12.514308989875763,1212.3542396346056,1
35.21796950100068,48.08700170367221,9.627819783450386,972.9573594195828,1
43.08489545310023,25.23740361836701,10.85293255518713,927.4790070066445,1
54.19044532653978,22.600999626872635,16.917760187855663,1037.5081287707005,1
32.04198094841527,99.6,10.295622927835556,1031.1145972833672,1
41.59609057906676,81.94312130385512,8.501448546595169,898.2466533291479,1
45.60469426377603,99.6,19.7,1093.215660323344,1
51.635206690263765,52.793971091070844,14.310581071345162,906.0776509184041,1
16.635323744204783,89.93664135264592,8.969435583640768,1025.7537529189674,1
40.51911531269803,60.52785717585715,4.575519798325466,1057.8068042923285,1
48.78373766238499,81.87417548440564,14.842792462260789,1061.8359175284024,1
45.41719956144864,47.334842765469006,14.453893591280703,753.857055291557,1
41.891977640298855,38.06675099854009,8.28669556771357,813.757200477638,1
30.238564661343847,49.61747346032976,9.03547222758101,919.5540334246211,1
20.147780841679747,74.8815347197998,7.340300722860929,867.0784870230231,1
12.233077960601655,79.71071018294816,6.121089909366376,712.8989134002968,1
42.54125060708852,74.29990678299241,13.84316681773042,1122.690918918157,1
34.460268781576296,77.33379368745993,17.753401735756732,946.1514393403053,1
38.086209925196044,51.75668347336087,11.090040305432698,764.5635764391932,1
37.857724802110575,91.3423147198577,8.751443359010361,932.570962016104,1
46.870144025951404,44.7306249338391,16.55450162500332,964.2514797518082,1
32.04166091430056,99.13408501136195,14.44224478436005,1209.5154013138406,1
21.938612159560822,74.22470523313315,7.6589976779034075,771.5849843280068,1
39.57525094143794,36.05529630567435,3.1811767834433002,1050.3170627207505,1
50.86381759619844,26.751164869399993,13.274766693107228,801.9031658015318,1
47.34257755316415,56.248379254350226,11.126735346146981,950.0778288503348,1
40.90705980392737,28.20209216812551,6.6015174495013955,1028.0961698517804,1
12.129486034925655,99.6,5.250343626836518,909.6107887449033,1
48.72657080068004,93.90272280203399,19.7,1079.3017424990041,1
43.41223721387386,51.20175643217341,12.034412708035052,1094.8132771700825,1
22.675253531466446,94.87903726751566,7.32658602760052,1013.600976618507,1
24.223823035956432,67.7201634534079,7.752405418254238,1259.1153468460811,1
41.08750327831221,70.56202606016262,18.280304313697624,1077.1251682474801,1
30.019361490392797,48.01097222947586,7.3237747110723195,967.1345575506891,1
40.77208208167384,66.59204422119272,11.381005684482806,1063.5989754753257,1
30.81065942414154,59.563851430766746,8.09504788199983,915.2117988666183,1
19.02056368305627,99.6,10.743138686518277,1013.5730216399007,1
4.2,99.6,6.11611706587649,875.7494688181915,1
26.323172225743832,90.58688984074986,7.211343588415005,858.3059555506443,1
53.94070720261124,8.318241809868681,10.068958692334101,1117.7293815616808,1
38.94598677736595,48.62544838698625,11.080655369557391,893.5523856372073,1
31.22018578897307,65.67317436319915,13.710078035142239,663.100681403874,1
37.94190581623857,29.430439727361236,4.343726604530001,857.9477735849532,1
27.723335273677357,94.78454742451868,9.453165697133958,779.2878121176389,1
38.29783552102244,51.53341147491744,10.572139493655744,1034.1669079278809,1
40.85059091692176,51.449579155660544,14.440904178610827,781.6513415666318,1
23.746612664485518,95.38403686763994,12.300303436867683,846.166227721234,1
49.94167474215502,23.49815496836137,10.339559428361262,1068.8474778360858,1
54.401978548541244,63.35167037183109,11.261661909068257,1050.418402304693,1
45.1207767562244,89.50727295146658,10.25455697146367,784.8247535895931,1
15.589250340885691,93.24820830308406,8.851978360440166,1121.4088133256364,1
43.25902664500333,5.3,3.6798862325879886,1127.4674403105803,1
69.0,5.3,8.7626365552387,1399.5400873903066,1
34.932178598657444,5.3,4.710239764833632,870.1371471190345,1
34.76285896785749,37.221776652521285,8.048463024217238,934.9357161324995,1
48.47446306577351,64.8702094934052,13.263803727627518,1008.8046117978768,1
55.873545396082996,64.02794789807798,11.578133528567141,1279.112064263319,1
38.463761750361044,22.062715036370875,1.6726303711340353,997.1545933513152,1
58.88371443558954,36.2326909493549,12.930033534570123,1172.9710101810836,1
33.94184488936544,88.93529937808941,8.196742376052732,942.1592335555507,1
60.90844972556593,54.85954597327686,17.88218145153532,1114.6956148268018,1
39.632592601827966,45.381914774935574,13.280541344130718,1027.395871658404,1
35.94486587253008,72.97525911596435,12.56811612314618,1005.9120750391332,1
48.911332065427644,61.96475916726723,11.889768350481548,1017.0963098391909,1
67.49009074234897,14.108958462218816,11.651404778442732,1234.7716811564665,1
49.00280054631047,36.07354719697733,14.422989424167705,1132.3134223165698,1
50.87242644845784,53.871524709229945,19.663273087815448,1125.6989544869657,1
37.35668878545613,49.84798983457914,9.134185843754233,1203.2204023254476,1
39.7584749791019,64.66943515748814,10.576966583998821,1052.497279837727,1
57.28921547179266,5.3,7.134561425946497,878.7219252884116,1
61.80466028992936,5.3,15.67416750034812,1036.8786723314618,1
25.668245210432634,77.36283816196836,14.285359993342803,772.5021946020195,1
47.590490613570864,67.92362773079174,10.65122660321464,1081.5739454319316,1
35.705386698886045,94.24567095920364,10.051849943167749,1122.6571463529203,1
27.117644983048464,99.6,13.858601855585661,990.0019109133902,1
34.39847194637096,46.22175949866186,2.1669992200580346,1324.5293622517493,1
46.58978427631639,53.695192690251034,13.474494944659032,772.7238057095005,1
34.25253948238174,59.293692543456054,6.479923405711918,940.6295235893034,1
34.51384993288855,99.6,10.63094791727027,999.5517637902132,1
35.91897105631516,24.085599283148326,6.954900361080097,1134.9723279435877,1
27.570594870117958,66.08639804807923,6.891221835005073,1189.1839605622167,1
35.12288603214557,53.583119211027615,9.496465776192103,675.5737423045086,1
30.476388486799053,64.09227312791576,11.134404766145675,1004.6611686898708,1
55.23780462317322,99.6,19.7,1142.9959875745672,1
24.976455283650846,99.6,18.57224004804992,1191.38482322017,1
44.00926821423797,38.252871327162424,9.503323870149869,1025.2138635582896,1
33.38810036474798,70.0454194844988,11.412890551082857,886.4654763771807,1
49.839836803081525,33.809042801667076,8.380987764022061,1124.6991097814307,1
34.029691561167546,86.77539085761309,12.036295241164167,944.180827681967,1
39.885630635265755,49.7280273846858,13.063188498767493,861.0733139647552,1
41.10846719634229,48.411077597877025,7.070699362967705,815.241093687924,1
48.24164827219558,69.56820024912697,12.994080570624206,1184.8084989308418,1
43.405035977593094,46.955917208190016,12.053523712433435,1015.87015648379,1
40.3639926916149,99.6,16.50845440938727,1015.4078733821992,1
28.201601314818966,39.82471476903815,7.5537888411458285,1206.5928093995408,1
47.42486253341809,19.991966897912725,7.8124227243036986,1056.1922212293327,1
44.399131884036116,69.58222081620583,13.21231680702282,1116.8963295172493,1
34.06297610469563,60.33899432435069,12.646784323439494,1000.5041162033908,1
57.981607450820746,99.6,19.7,881.8719751953422,1
57.085507003821874,68.52028604227792,10.577147773376044,1230.0659835984152,1
51.877521229799946,43.23232329224226,5.421762479609561,942.7395349073068,1
60.11380677096503,52.80462190039206,16.670049821272578,1106.3922915415542,1
43.0101933263865,45.527998180695974,7.258192084479835,1026.6846880886933,1
37.84586957236928,67.76872811694999,9.021867132517706,844.6140254471303,1
37.12889369613975,84.93455420195455,17.296512006788063,1091.5600140146712,1
18.768404280380853,99.6,6.348838306924034,1231.7185168430087,1
52.61639181015821,32.62191123488039,17.04586403287001,1124.8044299537753,1
12.59550948307125,71.60349999216473,1.7810372851547989,923.0801530802985,1
24.264591357803607,51.18488855412444,10.122209492726265,913.0619515368527,1
31.75372906998131,81.40836691650716,8.276510620643602,1020.0782508718523,1
40.27446712271731,61.178435775043326,13.217446036973955,721.607038647514,1
25.544331906661924,83.96541974063472,5.443752449909046,1227.7248538218828,1
31.785640772045753,42.62538245088575,7.619150339952112,1182.0675319020302,1
48.57227905126168,86.01187068945714,19.7,874.8088908735549,1
24.4501024822241,65.02030783586707,7.669859106719142,1073.4107656594215,1
57.16266423198263,5.3,13.69622924184941,955.1752981924146,1
24.116717990429702,50.909082176234904,6.258678399096048,1016.1464117414971,1
49.62457348017817,33.702905641867666,9.045297436366395,943.1672396695263,1
10.37710612572194,99.6,2.121728294596565,1182.710012481019,1
35.25859017387281,67.85022365999812,12.356072891151308,1058.0120761286446,1
36.86584502487325,78.88291516958076,13.296162676775992,895.3148034390847,1
43.34540453870447,15.748932442174507,9.28924232412396,1061.5225702068215,1
44.168192033923965,30.141874485015503,5.605525018842988,924.4671806273383,1
41.361318579220054,80.74738965540496,15.498062528674733,964.6032186615671,1
32.5990184761321,61.46636595214076,14.744476266989405,838.3685177507803,1
48.857643415047605,5.3,1.1516006984320342,987.5304859592985,1
25.59687744039944,49.230927107540865,7.647664607477541,911.3270433394665,1
37.29075916450688,95.4850019236244,10.873976909856168,1045.7774260357612,1
25.83608545758459,40.97733221930711,4.908993417472056,1111.9602202782164,1
32.70736825406482,45.299295422884086,4.014968493660828,1204.4901713976024,1
48.96561120895568,62.21097255595858,15.786683144352693,1044.6222819854727,1
53.1972060461005,51.63235186991315,12.755089541158316,1042.4862367112296,1
17.731298193033414,69.31199337191583,3.8787573498526955,916.2916361120115,1
62.22106010334965,39.47838707253219,10.667658947298357,990.2180426217425,1
54.56381100721372,24.987774089924237,18.410314629171875,1253.601798752492,1
23.64875913153652,51.88718610699339,10.269963342370513,1109.6548339124568,1
29.950516325710957,28.922063427224003,7.786387736400906,714.218915517682,1
44.76430376033738,79.2798074499299,14.964287009046632,907.5533181700918,1
29.72734519736842,71.94418983456758,11.452552206509322,1050.4509344964338,1
60.947152391819074,23.32693775475832,13.245297710526945,1010.5973813695235,1
33.182184777878575,99.6,12.987899628797226,1133.0293466699911,1
49.959955723757574,47.75377282214541,19.65365149329964,796.5686077270258,1
43.97116306144078,47.88108865901957,8.882560933115737,840.6508589094752,1
24.578442681400986,26.78332922620934,6.702909826209298,1080.5024732324055,1
35.57495286020104,91.67827419332568,6.8250397652270305,1098.4896967226734,1
45.45597432668171,67.30864393451911,8.70385779391555,975.9185674564064,1
51.97107925417292,79.92345196162489,8.391670449159964,947.2781477070222,1
31.672037612026898,9.525542362980673,1.3874347849514148,1028.3538593127428,1
55.174914442513696,49.61527743901869,15.0472232209545,1114.859446605662,1
46.38127329975051,29.072188794357913,9.638583611119333,908.898921461081,1
40.25462376044642,83.2236681429273,13.66771218356981,1156.9030383733696,1
17.501934636125416,81.82680785598122,5.658787250644569,887.6428034311816,1
62.7793805155446,86.50441660247407,19.7,1027.6927820583708,1
35.933293807669415,69.8901151026285,12.666589185668798,913.8479970357677,1
33.474880683590115,72.49982488552146,4.824859937453366,1259.9085674791165,1
27.29212534555164,98.13637057086017,10.746264231026604,980.9498223054956,1
59.294553846898495,28.87452526533076,9.989676461241027,1267.0164706350188,1
57.30208564432561,32.18706181286784,13.855845225514205,993.8601745670322,1
41.39344059388196,42.742038602147915,8.661824261673512,959.8544566726374,1
57.365771231002064,60.86767221860583,6.899048080575092,1148.8335877947927,1
69.0,42.24409101959982,16.431802449614917,958.2245709948172,1
50.25059179149279,5.97453571896007,6.76751405086283,930.7274736919595,1
56.03571582235653,24.940912489260462,9.741652473896075,1051.5097979114182,1
33.62936353003494,86.19166512352228,15.99092047559839,1097.562817999316,1
42.92354827128697,69.82523903179354,8.238685467317822,975.9944198587751,1
37.05573531387018,64.24367827893104,19.7,891.7790077097134,1
39.42230833188416,82.99672028646106,16.73512346776739,979.8448942423224,1
22.781632682520534,99.39697582839338,7.329273725221679,1008.1568590510348,1
45.55566028614271,34.93521731510924,15.434157030298758,742.3624043797333,1
40.06982874337339,37.369581405950825,5.908333912140819,1014.1379364033598,1
51.45751958954813,33.023032753385266,9.921045193256885,1120.9757415432864,1
22.752047571215307,44.607804716609024,1.0,1168.4040301982147,1
48.29947473709463,22.714247006111606,10.98898768728667,1020.4453636186761,1
46.363063560272124,48.255891058046174,13.747892253350741,1184.2302869399277,1
44.54991374652331,5.3,7.018053501397292,845.1680147335728,1
34.514905070484744,70.78528047947812,9.370403837506512,995.5024601430865,1
57.21203786200245,27.178162924917835,16.571797948482082,998.6501148840184,1
60.91200681590733,70.93737537200657,17.946508995342114,826.1557385988896,1
48.818956715855705,66.01433262265003,13.799485726202695,829.3209597640162,1
44.29158504202094,48.172521642590674,10.511931853282393,897.8948996786168,1
18.61695307547741,83.03121039127728,4.908043772249266,1084.0615198614394,1
34.799619631234734,19.487601366356117,4.551949540984672,841.1059610628324,1
49.10931508992619,64.36565784567544,15.514250229797312,963.7204336240305,1
54.470353729307114,28.028472750714727,11.784006639558005,1201.4641447963836,1
32.189703103023845,67.87621928574055,7.836702670031708,982.1314456350569,1
28.034468575186857,98.77762328869105,17.56521160674476,894.0163853584418,1
33.22137343883961,77.52601777827316,10.112159101841414,1175.3657566626475,1
34.056359406959196,46.88880920920163,11.15403035144669,971.7769738296378,1
28.91282582542663,66.72052408919234,14.009937092267133,963.1403990764295,1
23.23489534856211,85.78866977524024,7.5286137418024905,1045.0260233270085,1
56.05449672808537,36.194936500528804,11.434782785291429,1351.0351074184177,1
33.05302053114001,55.3516942815105,6.973700086252786,974.6724032709974,1
28.9741010291419,67.60118215097559,10.283432997413586,947.5999902989091,1
53.614801107783094,31.13281182934543,13.885020891394834,1164.8527957699735,1
52.074398099332036,12.02203156899867,8.938382323086204,968.6590612285643,1
31.297892014827866,68.5631134180924,3.8806015219189867,1027.697268015283,1
25.03396084722871,86.84541112509639,13.053098065079888,1183.6134207505888,1
37.903447558809624,65.42790226911171,14.118019610389956,1040.3739167920369,1
32.46839906030054,51.46553256278468,8.195569993472656,1164.1494570315485,1
69.0,39.43263550928179,19.7,995.3179364392989,1
25.253246317801107,99.6,14.76768813083887,1123.6904368424082,1
26.552590559914382,31.454648889736728,7.328584533491336,1045.190071684912,1
41.02894908415366,43.65541288745868,5.870345454296461,777.6131365420064,1
12.350575027607771,79.90688290645737,3.113081359097653,1062.203852024898,1
41.013044806283766,45.8779127247402,14.910364875338324,1005.8864359964571,1
52.3478185428736,57.06091702147625,9.932343097282562,1118.0415983708072,1
47.03182370008589,62.62727357665039,10.70964536250319,1116.5407416312223,1
59.393990628204634,64.51735102832131,18.70441267820567,1235.9384151772551,1
36.565052545476306,99.6,11.838882205767161,1012.6145015278423,1
67.60430697220195,28.79791373604698,17.11416230295732,975.824162802237,1
42.59639232691254,42.54675407686622,7.368424329773626,1048.4561667639632,1
24.843180289518507,80.64864293025363,7.794468936228666,1073.005352718566,1
44.839256706015846,67.60586537077324,10.09014824413575,738.474488448556,1
32.76733279276345,99.6,12.819736550630124,1296.4079062293251,1
54.1185276023993,35.54767925938006,11.953245914474728,1262.0552701922,1
45.130304938036645,39.85723455090907,8.956586587185829,781.6925539185517,1
44.859982323103026,78.82966981397917,9.513622318925208,1348.4684182388023,1
44.18050179446917,59.75504415068968,10.011316886047613,1044.2508270033259,1
53.25936064475826,51.30491899584851,18.62760168600141,998.9114091275766,1
32.574971110599016,59.26922039609169,8.911947749043144,1039.5105115446477,1
46.177653281698994,55.9984885293405,14.258477531414865,881.0124739442715,1
44.197518095681936,56.9496030458696,10.234943253964152,1196.5794313595984,1
36.73646719376852,99.6,15.50799020046764,1044.4728726232236,1
21.15307602447466,87.55337244202391,4.999822329121015,1001.0581374297456,1
46.00334259170933,51.84145447646859,18.10109636210947,878.5257848055303,1
37.468181586765624,32.68739273976533,4.065470417366315,1203.9597158901875,1
32.30302269988919,69.58208974290768,11.216835762834863,815.2430438606232,1
37.67256736359974,37.874735127327,2.257918551739749,1044.5964687206358,1
15.922217319728194,99.6,12.307709704767305,829.1071984335218,1
53.31604904665704,73.43360964692029,14.939939003048634,1188.6582004262855,1
29.340054658535376,36.551920151998374,8.8711895724606,1070.865739918387,1
60.127546410846065,69.97188313375935,15.427604473183024,1108.9470821407767,1
61.00668832780201,21.070451890566687,12.538139353657979,878.6883091520922,1
50.59728455769653,55.189036625640526,14.990187282994889,1028.3367407516648,1
35.29470392196951,60.04483542235756,8.873180473964098,1095.9423481873987,1
42.13374190764125,64.09011923735993,10.399570307079182,1090.2392942511824,1
43.45717200341718,16.126888815522527,6.209144051562872,1063.0406342265042,1
23.508073257479037,69.09722622659338,8.063673757215058,920.0312212507806,1
61.570478399161985,52.4455587133441,13.468248892571843,1040.3103009251618,1
22.5812730998378,51.69701875911839,10.06885569229691,1204.4223689153268,1
62.15172991571314,52.331383947457134,16.04763101489964,928.144129367277,1
41.23022249962976,77.81757113362502,10.932379415699264,1143.2603972401826,1
60.78767132172132,40.182699579777115,14.55695963638181,1321.9046749439972,1
59.15631294763647,94.72519166938329,19.7,712.5033373489308,1
61.48352637654297,11.533434232134447,15.139771406530802,858.1139411549215,1
12.667339463550984,58.78914301868679,1.0,1094.9846170029398,1
30.02571492843279,46.72589115438829,6.6555729243961705,986.4122090340411,1
34.86103685085641,72.15428383115875,9.573812123422977,978.4058107167423,1
32.75283731185087,71.68439350640183,10.058264618999546,931.2568944882853,1
56.152003550037605,67.6054831309062,19.7,854.9553437319353,1
44.472200312617126,78.886491240245,17.64070326765784,1160.9777058446036,1
50.05044995958725,5.3,3.587183881165709,1344.9329014054927,1
35.613966584498066,52.267965639218794,10.465686144067464,1032.824579366947,1
41.878949217331176,60.17475333894156,11.399630086714806,940.9348837996206,1
42.82593005975133,29.665556930527796,1.0,1053.5539095857164,1
40.41426801387934,57.13875805580199,9.965586772170827,925.834985090116,1
51.034892991471764,38.42089847795902,14.288010617991409,855.043823016784,1
41.576561184682035,98.92560042796606,17.167521008545677,1171.1300388356174,1
32.28128309743023,47.06850121041975,9.282091499813376,881.1413322740926,1
34.552239427151285,46.83352251961277,9.401207428109322,1121.0576763577817,1
36.44839698853115,42.63355337755637,12.062928159435785,845.5574167663351,1
38.23718603092233,86.12115934842012,10.621868036374323,1028.8309016379005,1
50.32958857628744,66.10720663203229,13.266280569865836,1126.0669390962944,1
46.67633563652109,53.12415381532283,8.160522714293693,1309.3439936263105,1
62.45213838400235,40.04823017765301,14.211327975712052,924.8326412272155,1
28.087918254810816,84.52050556237891,8.222466648742245,1140.719968158722,1
24.350682303025607,99.6,7.419532319470692,1065.128049513068,1
27.648905310123368,51.5266695142772,1.9246706203080706,1015.6515137966488,1
27.220550456824093,48.15187972893677,6.663085554008726,1479.0233384459311,1
29.105814702606946,73.86065291622086,5.872968021612405,993.3124681669785,1
27.620717281825325,45.294700933578966,14.039665421800187,952.9475514812815,1
38.60347050786043,76.49091124026195,6.956759244759168,965.6889478190014,1
45.55961681932718,72.67749912600814,13.789477274977289,1129.1433903323832,1
48.26528063702939,29.48708696119599,9.571014954975558,1147.908256828598,1
33.5103693736041,55.283388338451914,5.249602722924242,1073.959171943883,1
56.08848388201778,71.75741249648308,14.179725326490592,1123.463462398491,1
43.02587512118796,36.15996133142467,9.469152179896529,1095.9570737160639,1
33.361983640749145,65.62674072916963,9.589630141231087,896.6814075017846,1
64.04582473817567,82.71344581370103,19.7,984.4868752750154,1
30.04073780892768,35.70210889568414,9.958278146721963,810.4028814844695,1
48.39797257886881,57.450817019680514,12.345133037081414,1011.0740903234708,1
47.2716166656473,29.642457122447045,9.109833368321151,931.5078618824425,1
61.75088726855183,48.46275857351094,9.629287199024576,1024.0387590257421,1
41.00061852815991,95.2065191116086,13.856286246161742,1107.73018222465,1
45.22799078951756,20.16562539364402,8.864852902812798,1092.315277558062,1
21.305101782884837,91.48436736073738,8.256536073014267,931.5232465271101,1
49.74991355378122,94.66134187559877,19.7,923.8606888781429,1
43.419879554569675,88.12641313255808,18.5634236177117,968.1471870950436,1
61.397640828880206,16.275087823159048,14.139398313610727,1202.8097997022553,1
50.576897076536966,45.53182897990223,11.934442996811981,1073.7189646151487,1
27.12472720294126,87.63888880770449,7.930124549570684,1018.867009384828,1
64.45594555787105,93.57995106168198,19.7,1058.913726756868,1
39.30264740991524,43.384919351010126,10.011961716277664,661.3761058383111,1
55.43705208439542,48.47818246099111,18.014033884106983,1020.8482745172957,1
37.57725274637896,41.82089097747023,8.743651641988311,916.7838788325486,1
46.39729742288351,46.988969643059974,10.302634955908209,923.0946483380591,1
63.51746358725519,21.942191299243582,10.056746298413849,1008.5158887074156,1
38.09705155225829,59.83046609771274,11.01720803190776,999.8038889195426,1
67.44689815950527,23.65227224163872,13.195115683063595,1057.3890425423651,1
32.37883787095559,99.6,18.100524277635692,1040.668085554411,1
56.18754951280712,57.81379896014593,13.94242501849252,1021.1558358912675,1
24.738016807372126,66.87520734275763,7.917598773123891,1081.326561657547,1
37.711193964000074,51.75795153687689,11.730309738928577,1191.7788401742366,1
41.44527456797884,93.48501830452878,12.19854173846631,787.023561712035,1
32.42323399525979,46.323313703202324,6.4574929800856475,1059.767923134463,1
49.41112319138235,57.87703371770115,19.7,1072.5437289729048,1
22.50065946679297,50.01772702094491,2.729497130643079,1266.6560398122422,1
39.716858687905315,70.9272476374017,15.853967874706248,1053.2788081553533,1
69.0,19.142866286539963,13.585099645143211,1356.5596715707375,1
61.96805482075606,47.72846657075536,17.692990570074528,1088.711219475881,1
26.832372357381026,99.6,10.467536781933326,720.5471387299643,1
46.20929893993343,62.63440957628377,14.908773174434598,960.4146345317707,1
28.20774593294539,68.11632773145179,5.328257767427751,753.3057558092119,1
28.217262445964444,44.021029744173234,5.569299277944593,1168.519122347159,1
54.55059177110508,63.328115251528175,17.436985466599673,1071.489376386724,1
40.91239141101892,75.93079477354254,14.271619098568035,891.9357946797112,1
17.785221458952353,58.471128983830255,2.2722080195810115,1090.6068797594583,1
29.61506781835027,77.24117112096553,8.3399917897753,1078.8112512378948,1
33.572685697316395,21.55408539707137,2.304872352073822,1122.0141420802943,1
57.06944103350747,32.27973930770747,14.3025330706611,1304.9206862410495,1
62.64516565227782,36.36179669627842,16.272056677775144,1320.4584433043394,1
39.21406255891316,88.2380899893725,15.565786286125924,1022.7036370615791,1
22.511223062750457,42.00099091835268,1.0,1008.7218418669845,1
48.35022720809022,63.00648278123937,11.07753080793822,781.1104542312028,1
45.79159349994197,35.6737683310547,14.580672213499964,1052.7139153596072,1
57.40732396054014,62.11168834117159,16.559683064629322,1242.6942240662154,1
64.99532543399835,79.37826507706258,19.7,890.916771319238,1
28.6203116179962,48.75592773461108,2.9907032477688222,958.9107023016197,1
64.70630597853611,33.11463807044627,17.545863741905464,921.5815411419085,1
37.67028396161836,62.38234319316254,8.35601442706248,1100.4918843510036,1
55.2684690616321,62.01548874285131,12.069521694751224,1126.0293872177504,1
24.808019137388495,92.43270410458433,11.186284058457996,922.8790839060193,1
28.35632383802287,75.46644091836681,4.168366441260947,1284.582790208483,1
35.38006339753674,46.576339564267876,6.717932761816639,1094.3922432488232,1
29.01161711244341,17.76208424617969,5.2939956949032965,1114.2500175511113,1
44.701051967305276,85.23573254117298,16.595835501755765,1011.9003223622196,1
40.88870067532169,22.653126223180635,2.9263666330544105,961.2341730107561,1
36.66561713421796,90.98733681493427,14.5516691125919,866.620185306064,1
45.55845300916551,5.3,5.1016485882437985,723.3984964511703,1
45.8138256229645,37.931577627992525,16.29079555657547,943.8469482658204,1
34.648782390937214,46.61789374902065,9.116510796451806,989.9039039019755,1
42.33971506442107,80.96974675765418,11.051795568311524,898.4857344067642,1
36.86196251131985,39.254662062725316,13.070152217770843,958.2911166252903,1
56.487598535351836,45.34959116425688,13.420127152841973,1025.0188649143465,1
46.59154437728936,39.69504796896109,11.158355486545982,919.6122449736807,1
31.580881749441772,67.12646083384871,9.274897475108459,1253.17197840856,1
39.963794993341175,60.9251177981635,9.254486149972427,949.2359947773436,1
35.92478692504345,50.00379582469992,7.378092796432549,919.3752454337316,1
57.38987448184744,29.474197961257758,8.826062749145523,1348.0394523489304,1
24.2531606016636,70.8462270525373,9.240866337481762,920.5605438461411,1
17.722120121280653,97.36205346577292,8.784001851765149,922.4013788718438,1
61.50290066081897,60.404588305568396,18.748275738826777,1079.8147645357853,1
51.64950091280254,99.6,19.7,1179.6713106221114,1
57.506129766684865,19.99047409634744,6.559879165693836,1118.6046360869889,1
51.79258672835201,26.38954261890403,8.505064978915447,1192.078955327112,1
28.872784213880728,45.20985414601724,10.170466336556393,1000.5240397354072,1
38.570314344967834,98.05996415702793,14.767903697563636,1079.089695138799,1
33.7573779045084,85.65315716882093,10.466090302883558,1169.930521583659,1
39.66503444051599,83.00426475417112,10.262907852843163,1019.8527692513637,1
65.24381246154182,38.21837623405267,14.610539452138743,890.0189592745492,1
42.66679068029347,77.72988053380843,7.8165660230011405,1249.8836611728168,1
34.8320405806357,87.23715168983927,11.375712885202395,1163.6248667101818,1
49.36472936839031,56.717995427275206,12.046881829345818,1132.9986865867804,1
57.34166430971132,29.344644993074077,17.140121638071925,772.2004145217394,1
21.838367809456088,91.99143427825007,13.568978643460996,903.0581212608049,1
26.520783865040563,82.89814345922096,8.672272986628895,1193.9094115415146,1
37.690144166008366,52.434361993985476,5.63802687537429,941.5412342927305,1
46.717268309145375,31.25553341137411,10.69780180738041,866.5953891025508,1
40.364736151367936,44.01274867418253,7.765707135360923,1254.807524719828,1
30.541092663457505,71.32268748747873,6.692913605355358,855.625672002408,1
37.30920971702009,65.81869159694347,9.354594717761142,1028.2069668200793,1
51.379246301566326,39.88829225251519,7.36068399679205,1043.9810251876288,1
57.42266891013409,28.351808526724888,16.698446672416843,760.733045718343,1
39.87208394403556,52.94918330865114,8.862745165611912,1100.1885417511849,1
49.53658623762869,81.33961625310177,12.90470126351805,1142.5613983815922,1
27.7781339211407,79.17236116936428,13.281911016205115,1035.0513864044533,1
36.99970576319781,52.88813948614297,10.01631851316244,1111.8332040333792,1
39.84206119750542,40.51936711038597,4.973737659545756,1012.9508233977583,1
51.536631005309545,39.801515028746046,13.25602430753389,893.4129238072928,1
23.54755443128776,65.29293778414984,13.7607373794998,922.0532953874073,1
30.85013674191979,97.39917984814304,13.244337016615976,1143.3388019147899,1
62.98405417023889,23.686170245093308,16.388550526926075,1058.6169777438583,1
29.324220724157886,9.586687818269105,1.0,1115.4167455089428,1
50.59851272520399,37.834693004605825,11.315128537355097,1106.8922697727444,1
30.887119451451902,99.6,11.385202078203012,1021.3999604984853,1
62.52550452558694,23.382426090195793,16.35778384949896,1098.0852171692125,1
30.400630027831077,67.01652405682574,9.188626426176532,1066.7599316605133,1
48.41646074825775,36.479674325455306,9.661799493312236,938.349990460212,1
4.4556527337019105,76.27037360780794,3.8107212800732597,1188.559093634298,1
30.655980511817848,94.68838344082039,11.897863705578091,1228.3482228928874,1
38.835515537333066,69.3414949613535,12.822855205245565,942.0815791304714,1
31.71288337935114,99.6,12.125429237443319,1012.3656385852763,1
51.976003227232,5.3,5.424297406450374,997.2507508766364,1
35.52406023222272,48.44488400627193,10.730921924793652,885.8189712452478,1
25.049508482998334,94.66162928925479,8.396013542907042,715.6578116808356,1
39.11477518274816,88.33255503796286,12.994225670830783,941.257595764957,1
56.83107681870524,40.059284958187476,15.144850501517752,877.2849400002564,1
38.06169065591595,95.48179611081432,12.306520871410463,1131.709157548269,1
52.86237568145681,55.868302850056615,14.810996751528657,659.1653473498334,1
68.46160304795146,9.243228801262852,9.844477346741071,869.9503940855357,1
47.26736394219016,54.940753421300016,15.792551404233025,742.8742416755562,1
42.108379485388966,56.69008034868672,11.750508834239445,1421.128915598183,1
53.33603905015368,59.418023453359595,14.98716462349943,1176.929404755763,1
50.87047674082122,73.16700360651949,16.924679888641805,1159.2601572045328,1
37.963612248711584,69.39695694684558,7.375223597936696,895.5049465952146,1
12.48878474931983,57.42790063915003,1.0,1070.0519399004584,1
37.5116393074896,35.04625981684769,13.949711430751798,804.0511487598526,1
41.066021333037824,51.012240609178924,14.228517691409927,968.478495955266,1
49.40062087814916,82.83429415567585,16.496157345129937,859.6476867212476,1
28.48530955355376,59.67830620245231,4.933748399354614,1145.125997488774,1
33.289227978967524,58.69818427780437,1.5550015097018655,1031.0923305898884,1
29.93749947945939,52.49208611316231,4.712088553985532,1115.9424867891719,1
56.24438036968603,43.37598385494553,9.132501875100806,1306.5368917660635,1
49.58625881444218,67.44131443463472,7.409071727075952,1118.4336332282517,1
38.75149839687138,26.698721261667032,4.1658546180750395,889.2779941102904,1
33.519373636685415,59.91630276004679,10.530287195852855,1054.9887788111396,1
36.12626315510391,56.79651879710238,13.016857166870503,1135.0794475084806,1
40.70840821661576,40.175313019258084,13.83000741860533,918.3629732226606,1
18.518256452103135,82.61033086166863,8.61319692236327,963.4526679761109,1
35.13962594948884,73.22364506005958,11.616220915859452,1091.4378451496914,1
21.593871501545586,49.42918990335846,7.12244492355835,995.0642885476054,1
56.11249748632175,37.80155164935928,15.072704849681275,995.4278103067113,1
45.01085546264609,71.83026022009446,13.141761045277047,752.3421859771338,1
44.164338613280535,82.5641894473909,9.279095074887913,1188.6783614333378,1
53.92482626035439,38.05667174226859,17.668184245852192,1021.8043970068054,1
51.235870052328444,34.9197822969148,14.847033517568462,947.3002437744796,1
45.25503712676655,34.93777854589234,10.654833473614257,1188.563932741209,1
32.55171620906057,83.39905266526047,6.915312232419654,1201.8000661012138,1
23.631689277179525,98.24014292892312,6.051354369050068,955.4731365035809,1
49.665990341271105,46.24928012046404,14.718610500799914,941.1845856016022,1
49.921130384897666,79.15270998574206,10.213548728036976,985.4003770605607,1
30.407232437568673,99.6,11.797674857919297,972.5236304601361,1
40.20078809119989,71.11143554894127,14.793237111304071,922.4783432174168,1
37.377426009254215,52.70246551449181,4.74607559272703,974.1136764937407,1
53.42695800631141,47.775674742648974,13.746619118083133,910.367470087944,1
34.74223899200599,63.97127283817568,13.81557819507193,1030.6069106287057,1
22.71686616148471,97.32647739436928,13.996085303613565,862.4099815372858,1
21.836607570457538,27.682026446801807,4.947289452527015,966.3359173187503,1
43.69017090113597,32.77988613982038,9.416365025368108,986.7384318572732,1
57.28874122609054,19.21003171839279,16.534665484277774,1076.8043434035383,1
29.520118921154072,99.6,5.570076939080969,949.8841247409366,1
50.11182195892692,39.14784776627066,12.784111178872472,930.0922409216007,1
43.607324369662194,79.74662033471645,19.7,730.6510191044217,1
23.262563036353402,61.66109711926179,11.227420333224094,729.5194618295052,1
24.2785265346373,70.73898202699417,11.309700865048107,1136.643536419685,1
12.623329599337946,82.51905392761442,3.0599388900012716,940.4954010056638,1
24.836728662935602,48.182842845459554,6.941037067215926,1075.1208485343534,1
40.86995274770925,49.03349180999941,11.961433307828274,962.0254315565038,1
43.07871511284552,65.83879764709472,6.767626634080299,1405.2133944001496,1
17.34338949325612,63.59823141992413,8.904699695903112,966.8207666536007,1
41.895552560985145,65.1747239926723,10.161280633497856,1094.679864456185,1
47.97590947947901,84.59180690895946,17.990704929765563,995.3364520765049,1
25.165898532928725,82.7595394144923,6.911448831926363,930.27743633875,1
44.1009955413448,39.18952819259041,11.536838574382791,986.2145717026867,1
43.51009262177712,66.7046784444156,9.90277849054282,1102.2863671127368,1
38.31132920922443,99.6,13.865701581874296,1051.6182324537592,1
39.95612050659468,67.66827323489375,12.80839630498869,1063.1930814221944,1
49.24394547248984,83.1895443712853,13.735088049906436,893.0486282260247,1
49.41377392964058,72.30133941774368,10.750996268030045,1097.849470699785,1
36.249240077881744,54.75612472602283,6.925032347761533,1093.2089583924117,1
37.52950964104713,86.5731105895756,9.802121574697042,1087.0014602643905,1
33.293359647504715,99.6,15.389097224282537,938.9215958734221,1
51.21611684342265,5.3,3.935931047786771,996.0402998099128,1
32.80736084645945,99.6,11.062026308707278,1039.5183836755496,1
37.16796138194436,78.20036761299961,10.564216381655232,887.0360844926411,1
13.350581378616585,68.76829766932009,6.948228439572444,763.4025965119686,1
38.50306199010275,51.72936154990734,3.9348985273250925,951.9641764783673,1
47.31104183107981,38.32069183608477,6.367477800978901,1066.2108241503092,1
35.65161520445123,12.079760193583873,4.133778402657229,1032.0646110002049,1
56.06134264405439,76.49377057003448,15.677477441092396,881.3053204665616,1
38.223234510428114,71.70642810662076,11.793395438055327,789.5259620481349,1
19.845369964064272,15.055558787970483,1.0,737.9177900119375,1
16.143260200860933,99.6,3.9446738246354958,980.8291081282179,1
41.36452982230566,93.25732519250833,12.301687630394667,992.2401007410189,1
44.33051658299815,76.21798781856258,15.910759771347221,1116.1314843497073,1
30.978988001837017,51.507200702636766,4.470054504338748,1190.8793491621327,1
27.47135107418696,64.30784647949709,7.144182706196398,1132.8310211805078,1
55.912342580466046,49.400901217279795,16.48302101161574,1104.1642639089378,1
47.940933368551256,72.37189879813798,12.272912216982167,963.0751812687595,1
52.3553650909021,29.579551116370485,13.464682193547523,943.6155517132328,1
43.338870639039875,74.84464674446379,8.894377526744268,1338.7048403525773,1
35.929854360026084,77.8917338866479,9.963101415014224,1165.722281105885,1
40.76325770998714,99.6,16.557528870646014,1361.9084013481965,1
48.83942702495929,71.92360938383453,16.850865155348156,1437.9901671682687,1
43.62584504453831,50.68249707560673,4.152899213727555,1082.352614827897,1
30.52844150928706,54.44227184455344,19.7,909.0784937890244,1
57.39520235205892,11.634554797093344,10.54029938269329,1337.4572671026885,1
44.30513859612377,74.04273475648336,14.603212474182499,1031.4861959158743,1
53.588596373673,39.83282172942758,8.379909341533683,1252.465486995998,1
53.773025358218376,27.244490789760334,12.560581907791299,1091.7659710438681,1
36.805512406791436,37.67796180678203,12.448915228316062,1134.4050157608224,1
42.0847325254611,42.24590798837864,13.413445758616092,1050.7918520609585,1
48.25348276102855,40.36089324694185,10.617987120760512,1132.423923096927,1
42.60248109092022,54.79021262022114,11.807424205495025,1010.6734832064111,1
32.5701497929009,34.970220553493334,5.6658405158485445,786.9706176147049,1
36.42967422801558,31.762367148102083,10.430928870286373,1158.171164832732,1
59.2588784144523,70.26494351825964,16.403797553085823,1115.2566817870256,1
28.553059530951508,74.38894954411896,8.792707238507736,874.9169764497783,1
35.22130865739348,94.05300667502993,3.8964750729102464,976.1884603509712,1
17.975522698047413,99.6,10.335907727336208,1053.4410658059571,1
56.404805631378395,21.725694868677905,17.84434789264226,953.739347694731,1
25.202493169331504,67.25449901899373,4.1092450375248655,884.5838140903936,1
45.9370658428986,78.32001544761386,10.699431539231727,1148.7182080320677,1
32.680363513197136,69.6943062023832,8.673322174170707,840.723012879681,1
67.53952181586531,55.294506949721075,17.517591750445565,1298.0640370824817,1
43.85771565752187,5.3,5.286207148745026,1229.8697368015082,1
26.64501566084369,85.27370649123966,10.719776744111238,834.8531209900186,1
38.05501700534385,25.30804984749755,7.6268604671797995,984.5405167168587,1
40.46069904976909,85.65560256373217,12.506859280673934,1273.828377701955,1
38.34215770916077,5.3,3.8867512694518283,1194.0050136814998,1
49.65120094933858,69.2267461662772,15.167597424131147,1013.6696188682387,1
29.57152302134812,95.23376165071362,10.790054680429343,986.2749815378054,1
43.24298997044035,82.63624868136223,18.3684705273035,1311.82377392933,1
27.90986851148228,98.3188937386252,6.566553636708705,941.3609179778546,1
35.1871548135661,75.67780461212153,15.787431062456136,861.8756279221636,1
41.58805880295129,98.82531466596218,17.436781496761245,1218.6062754178788,1
33.467785903284394,99.6,17.172673049661892,1254.0357264204752,1
38.65944308396987,76.31126572654662,16.554907705612212,844.1363992480599,1
40.18261642056425,68.93602507815525,11.583824167346426,1306.0059848472501,1
69.0,64.93017420766672,18.661778893508334,1100.8679662767959,1
33.03010757136266,88.76769995873622,13.242860265710306,956.7066797767287,1
53.03297584944764,58.24225419758327,13.911570600725373,1075.89843348433,1
46.12675064681599,59.07558596848049,13.858709996439586,932.6436363180658,1
15.14033127855425,99.6,8.133835381058582,917.9485869970273,1
61.695924479233256,32.10309564732809,13.106825279562475,959.9438225298206,1
18.248205931054464,79.28300109842,2.8507284891224973,1068.4985644399308,1
56.560488860663,57.545601177812,14.231901371694335,1107.8886756968336,1
39.37077660116738,71.33426302123442,10.394048853571245,976.9137643841024,1
26.002152310279563,46.928196008250495,3.6590094412051064,1252.5504160827547,1
56.19923370099468,44.77684022740125,19.7,990.2875043648073,1
55.13871202595756,17.8577505825928,17.026547888073537,993.4996524407196,1
39.08467558288422,46.92465718403348,8.995880544497863,907.8136428262874,1
61.28059190874666,63.51450742052973,15.640598548461258,843.620607398582,1
42.00281324128951,52.40824217262537,14.201849075401,1052.4364838640256,1
65.38439251448771,58.15697540264486,19.53708244236463,1317.7645960504487,1
51.34418809812679,51.130642816861474,17.36692134926904,1038.5309022738604,1
41.94772118621923,46.95567805576276,12.681602780516682,867.6613297850274,1
27.17839183157433,33.319647671136536,6.507881119123348,1130.8856314681063,1
57.96077761530344,52.89705609021846,17.015898801491495,1134.0187812293937,1
42.626872878814,99.6,16.94485638652384,957.2514590948733,1
30.084039023162955,93.33568175299251,11.53826348292573,1070.309356255389,1
23.614852323895068,79.30875544156969,12.35062364182617,1054.240984156576,1
33.08435481160295,76.65196341303763,8.762826602844168,1097.595119689729,1
64.80683846598659,44.369203975812084,19.7,1045.0243701836696,1
39.0460341128042,72.9996645458198,11.761132600421721,1013.7693562634812,1
51.52880943252184,17.733660393456766,10.036126955344992,1284.4998748202852,1
27.65066524109586,89.90747713396962,9.842668007267793,881.8523829479078,1
28.726699905051863,99.6,12.358250205198697,897.9002726838116,1
50.39512035873761,50.741752645745564,11.370705150213942,959.2735013430174,1
26.782713887345416,84.28451161629008,7.783732962099439,1041.6509904508252,1
58.29314678630355,70.15937487533861,10.384973542929993,1461.8154308186572,1
28.728416570273907,53.91344352778339,6.4032743592518235,1210.8877950338344,1
49.971583758251214,49.16455321329792,10.261054962562987,1115.5757796523244,1
38.00900503120335,99.6,14.71318827509833,1198.766377674304,1
48.42560222176992,74.41858009592084,16.791305043555788,1039.1194140024215,1
59.470536285071304,40.4838789109899,11.679806194544968,1222.2821050666732,1
29.79722241318499,71.00776341341165,8.9595340036032,1245.5480460642368,1
53.47531732090945,50.76610902458289,13.992725314806314,877.0439737318338,1
61.86199005475019,25.938967127116612,16.416146921745824,1141.3183992684121,1
51.929207756028816,13.067715144264824,12.678945095544487,889.5748455882858,1
50.55659029005561,85.19248365941056,12.977595809384582,681.3022971136668,1
32.468867950927965,99.6,15.949996919183926,917.9575620520295,1
38.56968675674663,49.18488426086146,13.240357579402605,996.6280385149731,1
46.922125366684675,79.96882190594724,16.84895443222052,1167.958265028763,1
28.457301628445887,48.25558441027389,2.943230555978534,889.1376649762675,1
34.718992309251554,19.96413478152283,11.709875982325663,773.3964937531098,1
49.06984236119615,74.74663252108041,16.087323965926984,1273.8577243049044,1
30.91975674314311,36.19496651861017,6.592587377721265,1182.505516184493,1
42.816918036666614,90.2705425232028,18.89319498272009,982.1202522597038,1
44.803154145685745,64.99644056022083,7.312112089859708,907.2597663571689,1
67.19238432625261,9.955287719440093,14.092468169900615,1184.819239227637,1
28.43515466401834,96.63816535252924,14.527765497164193,873.4987211943967,1
69.0,5.3,17.10668793675894,1021.4804060569877,1
40.59238679305512,39.30511597274652,6.426098174471834,1050.3623110380058,1
22.955630783516312,99.6,11.687554776673363,990.858564834754,1
40.240870894405845,32.48781302718754,8.966517245027791,928.2000601512051,1
24.11504103854331,76.93192217231856,11.02702583823816,1157.5575521092985,1
50.24944569401079,61.29562964234038,17.624616613089163,1060.259975260391,1
59.26841014596346,10.935460553204692,11.324079016684342,923.6775158736004,1
46.4460097324781,44.674808361728914,8.796971567645278,989.4936303210819,1
51.16483204471507,44.31081543758033,17.63953398740165,891.6234589566088,1
36.944279968471626,59.055453802643996,12.34260563233804,848.5198071186327,1
65.85157979324366,63.444493072529696,19.7,1153.8784372659024,1
55.91047695676827,18.67154553764889,9.699524856546361,1258.902161807886,1
26.66810506820513,66.29890105759092,1.0,1119.2799274598558,1
53.612635997001625,56.659614960634855,12.624483549164186,832.1707142879691,1
43.28929839072781,91.71421270556084,19.7,772.5653073106282,1
33.0831588414234,87.49164913818032,8.53346067269757,973.9857195213075,1
37.14118667698793,32.65814032282532,9.01193530120955,858.7049461450866,1
49.03847248325921,66.14267221931786,17.184077191571426,759.4723146099535,1
33.74167377405744,92.80823508936498,15.155830132115408,711.0741648469058,1
20.672455005317886,85.38744252478287,14.173609742745846,1033.224659578859,1
52.20231674571837,89.53831717978733,18.76699885138185,995.151127623653,1
40.844153985985066,50.09619178335868,9.130060578607527,858.3503929002974,1
38.53023351804821,35.57057524773913,2.1220726780264876,1188.6978153098307,1
25.21474748374534,45.46696793607811,1.6688224050736995,785.4146532954662,1
35.57605343483267,62.058983757470024,13.90254893806842,1230.188289577286,1
47.803605830997306,70.77613236379464,18.774523745070823,918.3084080007259,1
53.054334586726924,15.473313096879068,14.437834200707982,1169.1198740275815,1
44.15598329897775,67.26770199436228,12.401826900634287,922.4089468522593,1
46.559580540971226,61.136229491465635,12.87238999319729,960.0267098712053,1
24.631080335928438,99.6,9.02462524402616,1013.5371771267236,1
55.39649544246834,99.6,15.898853286848958,1198.3545896002488,1
58.13379253668396,7.805374448153387,11.187114822893264,1130.4890773499467,1
42.05224089576115,58.87488137429921,8.002799001167391,964.2579534235216,1
66.27665420346179,17.517398471309193,12.96647286070942,805.4292047614481,1
30.897901291677485,86.68667950370215,8.135000926304112,1067.062188653126,1
38.3010091022641,31.061112608860082,12.137554850827534,698.5318245239171,1
43.83040599792221,80.0637682847571,15.262865224695586,858.2880775891322,1
57.429896708157685,62.201063895032654,14.930919551074291,894.6640995611322,1
19.31550337209859,59.82310119995251,1.0,1036.0064352981778,1
22.042133123551647,16.808139324627277,1.0,948.3496110098961,1
40.13965239945797,46.10113176885777,9.47513107649486,950.4847440236414,1
18.15937491391983,99.6,11.721101543868917,959.962677548487,1
59.66828481098385,6.385377513072271,10.16738138253254,1057.2356485661996,1
37.54517345955485,88.19961754456897,14.113024900787428,725.1893187245561,1
54.42306792105684,59.63706983385532,14.495558685703005,897.8318358416499,1
36.256667882532064,61.70412565406789,10.505976667513327,1116.0362276989265,1
46.14628991156666,28.80860321626639,12.27833118175904,1291.4338841661088,1
38.75633541473487,30.488216533190197,11.774208913869494,957.4708333617541,1
12.415785022399515,60.02248656672831,4.953282368518726,946.4048308166354,1
46.39069921366345,99.6,18.36048813598917,938.5145046645018,1
33.77770889301379,77.73852659454678,15.569530043738556,1002.940535572413,1
34.637814502785446,94.16351669986436,10.704244915258275,920.3286398733989,1
45.54587236652097,73.53652983228635,9.829599739185007,1082.9472447751457,1
68.63088000738617,81.91321919212317,19.7,1043.5590199373303,1
36.63979718996273,73.56996412938388,8.416335724152976,860.908185214937,1
43.7866602427919,11.11481618458879,11.444084079383337,768.882915300553,1
37.34915556542763,99.13923495265936,14.534811335033817,998.6042757850405,1
41.37440572041908,66.98131123278046,11.321943169177421,1093.0124786122406,1
43.777878166530115,92.40318103197922,11.494634024502195,1016.9494713506759,1
12.75390738320317,99.6,12.985938831930055,878.3992034620728,1
31.359739673652204,99.6,15.138135313888867,1070.86589603538,1
22.310980977548194,70.87305037838867,7.345497631897301,1177.0154453333826,1
37.91345694047612,99.6,13.328444109429768,1164.14944765582,1
28.91819466227716,75.22668242319921,15.077028198286435,950.2229623403298,1
40.55989532340741,64.34936942251831,10.993591449402448,901.8851898291763,1
33.70787581714556,80.18756900865563,11.963838264887304,847.1962984164064,1
30.708046142665705,97.74827347039779,11.079647952801906,1100.57502048908,1
23.485866324096747,74.56377229065265,4.655296675976365,949.6791567513758,1
21.774427655482498,99.6,13.006749542071786,767.7066535118622,1
32.15944265460328,46.709156476627264,1.0,1144.265075528608,1
35.29996844675543,99.6,19.7,949.679253870845,1
35.883069060067506,92.62301331129802,18.665440578853044,1112.4945812609574,1
20.704357738214426,84.15830961708673,11.169546531097051,1300.7256580509222,1
9.178624666759394,90.61784968774005,8.72334583248519,1040.8986035954777,1
35.149135625754866,84.81146860420587,11.851865581113294,922.7109510873341,1
38.417896054205144,20.59314642831866,3.1361675087516625,974.4278082806784,1
29.802581655188504,52.95801856580388,12.34363728760511,817.5312326304154,1
50.136536314780386,62.345273563778704,8.601210690129669,1191.6973574404685,1
69.0,5.3,15.255628274344023,971.285240841368,1
41.9359096826197,59.5331299215796,7.9151364309712084,928.1417204003901,1
59.23330622239466,86.56557546811939,19.7,989.5041904370669,1
34.8700541234276,60.577407613215726,13.240246344763097,880.4410488075576,1
46.80173130207782,37.13726997193572,14.796005490331822,990.4952620345997,1
54.59388021010559,59.00407624983897,16.556212037330347,976.0671971797333,1
49.008525826577724,79.70194991182126,11.806398170077411,1149.8042597067874,1
22.045024884083627,24.354925023782144,1.0,704.7676211851697,1
41.932258469136066,98.67549440685711,12.682955920848531,1014.1803218694704,1
22.861519984949364,71.71714398963903,9.292516417770589,838.4135049456048,1
11.987567623733721,99.6,11.49233047294304,678.7566269291688,1
44.453185257017495,31.78917819569355,7.779563728079641,1170.7030431335024,1
15.56839336293055,75.87905763437304,3.8001057293684743,1149.0741823230492,1
42.08861112185558,85.47853782101146,18.0584273577848,907.0903712039276,1
40.86526510053744,70.81074545401403,11.400366863375847,1227.7388803687704,1
34.49178441496224,48.69651768842761,9.89896313487737,1051.4972680163123,1
27.026370157611495,65.17308987332503,9.007415208040285,1173.1595882657057,1
67.55219726884563,53.78901369812124,18.089197920902308,1230.6747534670624,1
39.519314623647894,91.55753829444504,17.809944550680434,739.3077897613521,1
34.53877393348321,75.59423094261955,7.403407760377623,1256.9533533867366,1
39.92556860925904,39.732061430376405,9.255974603886356,1059.8861534327993,1
44.11059875029472,50.89566562619186,12.27747885417815,1075.4514613895615,1
51.67416816978178,67.72095800582557,14.853177099648146,1099.2409753035122,1
33.2841450220132,90.27093303545709,11.718318263349248,1146.9960767566774,1
31.184260992611424,73.37239360873825,11.629677889709034,907.0269852460985,1
32.94511622980665,84.29811186044753,12.489720813253442,957.9795661294892,1
25.513595261922916,99.6,18.839892902707888,1024.2662797497526,1
32.8998763054965,80.0526769639822,11.2073603374951,1079.0457972904426,1
22.1783806565687,95.98199599762691,11.517033696114694,845.7040202006393,1
30.214556572583593,49.602115924298495,9.053642541128454,1046.0118428704013,1
48.075731958465056,37.40125765324566,10.318873769219167,1196.2295950151306,1
26.14727983780709,63.272586977598515,6.413110848811335,1013.7951586728562,1
37.826482737051876,69.93028672896257,13.92593269473304,1193.167178246388,1
6.4054416794042695,80.54568524082288,3.296609013008794,934.5233171574284,1
29.84950142652816,66.06228178750348,11.724441661549143,832.866442962892,1
33.640792074414236,32.44355931344859,5.881413278432693,841.0912266971947,1
33.245369282261905,49.66996307922803,6.345031288037466,1110.6067103327498,1
56.565892844714995,25.116413533627885,10.851965766647568,863.6972886050796,1
46.99825222785621,53.43867219146436,16.378250121830433,1045.5285810612002,1
56.810061094658124,64.1827777872692,13.00591438544984,960.534400779006,1
17.202101131854807,99.6,9.186846705127001,983.1830978800031,1
47.108628943979014,5.3,9.512994992953182,535.9066501060215,1
66.97578899906439,19.85978282717435,10.731483849382185,873.9568159875826,1
38.42118498403391,43.24029055121041,11.264850167604678,1118.0397624601037,1
22.04043128668799,99.6,7.845539298532825,1205.9522548960342,1
37.13296116127471,53.03413439323406,7.067452854153482,1328.2817810080028,1
45.946244330692316,66.27061715696472,8.86101300650151,1093.4274918839478,1
41.074399308855995,45.40542836994658,9.521845831051527,1131.9572472215455,1
65.93963010784249,69.31155011627948,19.7,1174.010361805341,1
35.438754664543886,99.6,16.16245673648403,810.0555711131475,1
44.53290887974778,77.4289940595178,9.085550803898279,836.1321792233282,1
47.88645339499142,5.3,7.620831073448794,1008.3603190832624,1
47.91324886741324,63.56690434743379,16.49847380769176,976.0192940867695,1
49.681097890260354,62.83227668573444,18.383898553523714,990.4815743482159,1
25.107840254261525,75.65678534106611,6.591285157673809,924.9186565194905,1
57.566689691845916,84.5840966533827,19.7,1142.2105135145507,1
61.450786096789756,96.74403659793629,19.7,1300.1365492087668,1
51.69248429379017,72.59455519306127,12.180278098279548,1047.124977144692,1
33.60308277434905,76.79568473783215,8.121992180774477,954.9442088873495,1
40.67463519378806,24.83595885267072,6.218972843399493,996.9764108059898,1
38.68845486621342,68.45759549339301,10.444894574168272,985.9645827741092,1
53.89648885015393,57.642514593985936,11.805603046926922,1049.0589994284435,1
48.616859732841725,99.6,17.677952572899322,1233.8169709042875,1
46.56274433745846,46.55009379770929,4.751503040102377,1158.6766051196068,1
53.873718207845975,41.95337842966639,15.230188769752822,925.628758928874,1
58.64289523618347,60.57489410393203,10.706312609424664,1153.1661964794357,1
46.11586745067304,65.40571813325718,9.389320541458465,1082.1269044868045,1
43.081906912330666,53.4963443360921,11.32248609024736,1084.6361592999176,1
60.88996511120853,30.528688118865936,15.42877430256906,1124.809915442332,1
42.87472229201365,50.4325304666818,10.076327994731043,846.5836765381767,1
41.57847825594558,99.6,15.51156293395724,869.0528007600042,1
50.57385374547932,54.76091327660066,13.74284656053883,838.117647588837,1
28.32158087765585,78.45809393994519,4.197203252360547,1117.3570324194407,1
29.190315756539476,38.886114688874855,4.977492915976201,782.4451176501681,1
38.54349038204767,99.6,15.999321167168965,1047.548977770949,1
35.66200207131461,94.40278469237873,13.557020597126241,829.9323471746604,1
55.06831000228954,44.72532956048764,12.326472028264359,1234.227837298958,1
37.514882631290824,82.51861673652846,11.275833423997758,1092.8271878699168,1
32.33474604462809,79.77221070398707,15.081658778595497,1080.8358735644574,1
60.736974753712786,37.01189156651428,15.718504711783236,1002.9854493548352,1
42.32287421580848,99.6,18.586032768146996,1190.0617810438393,1
56.7387432739328,59.21050702867772,16.320777302278415,881.3496456718716,1
62.00399521340472,60.97219521842502,15.558745639872447,978.8401780152809,1
68.07357203065847,51.05461369759543,18.420544261698353,1033.698035710933,1
36.27747925522222,36.73721841207714,9.03658340297362,1002.8808000778586,1
35.62979131181875,99.6,17.28432716241967,1145.5168928633916,1
35.72154818684304,42.900317798004124,9.914664625417558,814.7892603741113,1
23.16190561547436,61.12017691501829,2.0728401805230607,1108.5141714352096,1
21.285439822121784,70.26592987035947,2.797172623692166,781.9568184510786,1
50.7123588624087,85.23768782406557,18.03727498625977,936.4808132171294,1
50.35305968082064,89.05935791041642,17.721597509045232,872.7839531689458,1
32.92047655856767,44.35086231868959,6.585797381080629,1037.6840531289213,1
42.498185984748595,59.02324440330564,8.098159715705282,745.303048408925,1
28.052233165514444,68.21793747775547,8.937635604161818,1064.3542787125527,1
35.19374089330132,53.24215531877398,12.194839829080466,1202.051956230064,1
41.30219334685277,41.546176720989365,11.19526708391061,890.8256545407689,1
34.94667913264055,99.6,12.041327264701009,837.0061049301939,1
54.81110487854859,30.057656222027447,5.482065480478832,966.9945470704815,1
39.797721341770284,34.55843526847066,9.022318306094274,1086.3613756374211,1
29.21860332546533,95.33030398269736,8.165249785854897,1067.1969095014156,1
45.29253395829493,50.16571945692835,11.41195576614564,695.7348355422524,1
26.66182822015822,65.56204536598595,7.5063064989336405,1038.8107123447044,1
50.89513903984629,8.175286801966287,10.658669782296897,1134.0075777165237,1
41.932227881977504,50.504448597851734,4.1344834618612945,1115.9649385938171,1
47.89838422250369,29.933320527651407,8.512482284999209,720.9047499040544,1
35.86410418929617,58.75387384409029,10.17056073731829,972.3200238792757,1
41.44213203715042,21.558084853810428,4.450185050264355,947.9989464316303,1
11.619128857399389,12.293703861803749,1.0,819.5070683740337,1
23.04565120800246,99.6,9.821578828281336,988.8260095970886,1
51.037877805026504,88.90477548945616,17.527028919142236,735.2381219434426,1
69.0,42.15160478232394,17.793620888729556,1321.177146600192,1
24.86436233883554,63.8807360168315,5.6330933765014795,1337.50031704245,1
41.61687129844691,60.88332230665748,12.117347632654935,1154.4902934835493,1
69.0,48.82986303337643,18.758321007836386,1229.5698581837842,1
45.879987425088345,43.69710997879298,6.28736204553995,1097.7921609217847,1
45.14469566297652,54.897024766188885,9.327456564242341,1172.658226810254,1
51.06714241310397,42.691155148853525,11.899958416006468,1096.5897928424395,1
47.714399425269875,99.6,19.7,698.3749694578198,1
49.24665312548771,70.83433318576226,13.550745517540214,1126.6498858584603,1
32.48070977754699,40.31864953883806,3.2761565013657155,783.9459359614016,1
36.20985454413409,99.6,19.7,1198.6036317938328,1
38.83894594064663,68.46151775256601,9.599925632257058,946.8746766091526,1
61.75936790251552,43.83523867361222,17.248868561712086,993.2736163297362,1
25.630767340661578,71.9104030527627,16.710955578040938,884.6016259370122,1
50.797363117380904,51.89935594353866,13.90627048322697,1040.0291684148212,1
51.541211595863786,58.699308050735304,15.401288770353435,955.1209118957998,1
28.760618369453262,49.29331387779145,6.490340066355489,804.6091766139168,1
50.43823530643904,56.61950821040262,15.408772877305093,911.5358733197146,1
36.96456160306031,76.92437318239311,11.633265008365168,1174.0043098435326,1
42.99702068375764,29.86225727095781,5.468511403105956,1203.1859143545475,1
48.10945515061414,64.08908816725867,12.90539064320172,1255.8559165952029,1
35.18290128038627,99.6,13.89415819086838,1079.8212692596192,1
18.097654819391465,78.6459438806123,1.0,929.7186850533286,1
26.407010618022877,67.6675663907711,8.481347945395779,827.547205787494,1
46.65307405171686,75.44800809493555,19.7,853.1427040660667,1
28.922869670556203,52.98847400177386,3.1931343543104056,1041.741970285514,1
37.24993070986765,78.6870092628524,12.538526709635148,935.180069409753,1
23.87110087852305,77.71634643558787,8.835488248689764,1250.734914400784,1
43.89301138006207,54.854828852314974,15.593847087638682,1033.8918404794485,1
29.947893918598254,52.689391668503255,4.200937032214367,1054.7968823458814,1
10.679674150343065,99.6,5.813372519542322,790.8533863771443,1
36.91891039328604,99.6,12.033355228738749,1061.6458253756227,1
30.176522086520123,62.34586212339515,7.9521427190177665,1116.1777968430242,1
42.079853132805106,93.17041101342932,19.7,978.56108147377,1
53.611489309613,15.404742338968731,9.950412221340684,1134.5687842568625,1
46.18661190562377,28.340291495749852,9.187559086052184,863.1061769660256,1
32.32470770886544,50.268149632652445,7.228942240634379,1033.007319074953,1
43.06944833641527,16.45910475022476,8.700039386917165,930.9810068619505,1
25.72214415972982,99.6,11.947246809483298,1254.0184788312413,1
42.54846728436314,53.80351528455133,13.973299007945956,1101.9385907268756,1
25.321632442030534,80.11116700937777,7.501655464284839,1012.0238537817124,1
43.78825769424683,76.53767315184334,14.419896521131019,945.4363355746774,1
47.52542303071622,49.32278658428976,6.50792319347432,1022.4142024590353,1
49.14922309275285,39.68151229914406,10.51914209898048,1089.3577647898771,1
51.66428107295053,85.48453872516743,17.54635962100149,876.2050810352621,1
37.90524401947589,87.46527798671391,14.051298491123688,1097.7203232853508,1
22.046646627446506,49.432916901493456,2.778141378654551,1026.1371363965025,1
46.997008370487464,77.64644603814607,13.329168389883293,982.7418960612698,1
17.772297774813353,46.363063140663115,1.0,1096.8159491621104,1
36.355832825728186,61.68990432993577,10.222467900474959,1087.3335231504293,1
51.599544229651116,99.6,19.7,831.8726432970776,1
62.60200933596474,99.6,19.7,859.6004126531931,1
45.89294852967505,93.93406303954701,13.462299678212357,988.1320339852944,1
33.798395777052384,78.58231324755398,2.0623474929900993,1008.1938838696768,1
39.755723943685524,91.78332590991309,11.648788938495152,1153.8083831082765,1
27.614499967704425,99.6,14.665250326476205,905.2081274754272,1
31.41533171530222,77.11234141909881,5.7919475711223125,745.4704062175465,1
49.50354747087797,34.534339597762255,12.826339070123087,1384.1220055326066,1
25.09217229711814,41.340497909876106,4.123943490365605,1231.2854387490338,1
56.127035958051316,64.33236352271328,19.7,982.7507867517003,1
63.01708892728603,50.178134546985376,13.123981004792313,1116.0402102972007,1
18.963126517417034,70.07155047674914,5.931192513528527,809.0354164091085,1
55.420738169953054,35.319375423748795,13.822610177419843,1301.266148116899,1
28.32783367611916,99.6,18.169040341107134,1021.3684902815364,1
26.690355476547204,61.46764404647647,7.649053252542714,950.6022277306859,1
30.54523127582017,90.90674454426731,14.253242490286109,993.4799075800919,1
51.71776484895939,21.573069022896647,7.1746077198098925,1149.8296872999429,1
28.263424136500763,69.24794800019461,7.854630558709041,874.7123709104939,1
41.653303616306026,47.76633581059784,3.8898797561408394,1033.4209160129408,1
49.88939725598482,34.73850837512467,8.826896020997282,1192.897453833544,1
60.539173202658496,93.22360729642276,19.475215027354963,1229.0057190529403,1
37.08649125177673,87.1350398741418,13.266337978364467,1114.9231729301755,1
13.58188915215283,99.6,11.39468276570095,710.4062305356038,1
48.23744324246953,55.60318860071356,12.913690065266895,1141.6378381311802,1
34.72578440410265,46.015491128078935,7.537104590421686,797.4238566932661,1
30.623223371474833,63.061177927797274,2.1459971402348437,1248.0502600786567,1
55.242910826924835,58.663771382912834,12.293475545777723,1183.0874556752453,1
44.38663328667096,99.6,18.1677515724155,1088.627056151784,1
41.36155949158465,99.6,17.000130620658688,1221.702779646795,1
39.424331138831434,74.29643709494033,6.577824351745892,1054.3376734999626,1
44.92390537049256,52.11856100169329,15.03505444845509,949.9808781525596,1
47.58593719691608,28.65275479532147,8.010587136148299,1193.8163012544924,1
27.15821819580716,62.18769200223853,3.5184760090690377,1027.770267041528,1
53.527735993521574,32.83290902787419,14.459652755515297,1138.8502107926195,1
27.64046891857484,73.79460506664641,6.074609510983572,769.1558083306642,1
34.9354642393204,56.23581963962266,7.386703903780461,911.0365635160275,1
69.0,49.49227685675419,17.18777638075937,1273.9615640132488,1
16.471202408846793,53.26847315184952,6.331554803165314,883.2399548755172,1
43.99264534011439,60.289048872257176,6.724974945747255,1122.900449856404,1
62.33848635649396,79.55342361420516,19.437668644106004,1165.923281251451,1
26.918318860699536,99.6,13.28589609676812,1062.6865413437986,1
30.895792280256742,69.24685303157618,11.040624168933354,990.633919078395,1
31.111850694602868,83.58393667494555,14.244789521454397,978.6752993614479,1
58.763675030306516,5.3,10.64825380947971,1113.530619238315,1
63.10987180462084,57.98921991131966,15.851526486211089,1125.3893068481718,1
31.96532477225444,53.981791594957656,8.600106957431333,1188.9754787059746,1
54.18659319466809,5.3,4.969158637809681,1380.675904045299,1
48.217605292804095,58.07920783922775,13.97878953344372,1000.7817625628461,1
48.60382985591882,73.44249272527303,10.089623465808737,1115.9698522945494,1
36.64694358405646,44.285548277203446,10.670288888666523,1002.5284126200193,1
28.595115972357895,75.19404286970689,4.7679600597047,976.0744076778717,1
24.455430240516755,84.175548343027,10.368294469526532,1160.568896656124,1
54.43728125144908,34.340297412566656,14.262755460984827,950.7781458588973,1
46.792540503400744,38.3318609678896,9.444035025710848,1043.09345206481,1
51.27701040726231,39.48265067733671,12.563755453071252,942.8072222134527,1
26.81761763229739,99.6,14.541527190779929,1184.6877519159527,1
35.299511809418675,99.6,8.582737713749436,985.7331562884353,1
16.49712017810518,90.36226060915133,10.31682254046133,819.1091746777356,1
33.31016964646347,90.77657800460707,8.476152814932176,1160.4771638427644,1
59.46930424516027,79.01941223333093,12.355332021054426,1009.0218314567771,1
42.42187570280397,78.05698127334551,15.75374011362657,990.5951319704063,1
39.52394712752541,71.08565410034916,14.272470363509223,848.1065511576703,1
37.974293384346,52.07695900699894,10.240630721860695,1228.7147170762166,1
50.62352964042372,81.3192573593226,15.146071236997777,1316.0470164927654,1
53.16244660477007,22.141616599478112,9.987412509281695,951.6652736699459,1
24.80341066736525,52.26419552965705,6.859829722062092,851.7275581182712,1
52.78096574047287,99.30114187187044,19.7,1198.8698987565042,1
36.92621208560898,10.299846663446424,9.133398706356983,845.2910311597607,1
25.718664206623345,90.51391032691984,10.101088174489833,1112.3563591045106,1
37.41785363440594,49.91672317088808,12.892707261774552,1008.3492992847757,1
30.293305707690678,46.453350776658006,8.848584077127118,829.7234571316094,1
60.13166443411963,42.49462576407258,18.331752452074006,1093.4959782719347,1
53.661168388494545,53.42495185094893,15.229210687128244,1204.049060991842,1
27.792703419586758,99.6,9.639588128619355,1030.278744782749,1
34.73151128547511,62.09588553484897,7.082514351519109,892.0716522290804,1
28.25077147018134,70.97540693850593,12.729660468479477,1113.5394561173734,1
69.0,35.41546522822965,14.72758147941087,1144.9832600028196,1
52.79114111913768,99.6,19.589818681298727,1169.0322833497594,1
34.930806251043904,49.2363524964662,8.636233976450887,1056.7565774670927,1
50.78618006269467,66.32681597081971,18.71491387393756,925.4904821613765,1
39.59251189644773,86.88177801458252,10.162406478117468,1113.4739562109764,1
40.08313614815637,50.93867374813376,6.76634525209496,1087.2909194392068,1
39.82593438111334,29.650070396304113,13.488374843037366,1097.6800603694255,1
58.50811147431922,34.230925151405444,17.41808205721991,846.4628625879478,1
34.85069523432236,75.85510957998889,13.59212902844338,1032.7925922643299,1
26.790602360511784,84.92245558412209,7.539970102309815,949.6393801177746,1
40.015859171529335,70.26484614743704,14.366455747758526,992.0629363478605,1
69.0,10.380433860981015,13.986225098972461,1180.1022846469841,1
43.77544730822001,46.11306088377869,10.684759214336546,968.6702449470151,1
21.849396203671507,65.29846147132356,8.325976021465253,963.1197024603947,1
34.340310910674475,89.40546542611489,11.800132581644727,893.5921509558412,1
50.08118527032295,51.003632656660464,14.281171270229379,1175.6525203896747,1
61.84705051275161,14.457539513082828,12.9148898982136,1184.8439629784605,1
27.03529073932544,76.83032665179246,5.210857423423525,905.7632057669188,1
43.961474717037184,64.34958124129076,12.803213124911668,806.0373643314329,1
43.93982931414879,80.16008509534474,14.146795658729115,902.9749719916251,1
58.40294047627261,10.684642554620929,13.183882322171971,1200.9296405766358,1
34.01943656825801,88.51997162207137,14.366238351405617,993.4129931620305,1
34.90680387775413,26.087130093360415,8.23430475644545,1052.6565521212847,1
42.40777680803086,91.58120674133866,15.062493822673435,1094.0004272284427,1
27.505967011383216,99.6,14.077132024250414,943.2170865904973,1
41.99747735458716,24.358854652561483,11.481197509023799,1065.9690454870695,1
26.403782195363746,31.721997736632506,7.233101673942695,1057.0091341752072,1
45.021197672728995,67.39207053897945,13.763466866703478,1188.9067630396996,1
35.33790651667218,85.84468657940758,6.3465958701882785,921.5954518700743,1
33.904553726011265,77.48186431202029,10.86036610732308,807.8457355484659,1
22.886379237213912,99.6,14.267975734746225,853.1461178992834,1
59.84090935810566,14.952281863594557,14.513015687744389,1092.1039654339847,1
54.34245765331918,28.83475112833372,10.245965702302854,970.443097448391,1
57.80460229999474,54.534041086695126,15.253552999910266,859.3097326735877,1
54.096386674812074,41.154642993611155,4.810966038360548,966.0207144905474,1
57.73949693082517,99.6,12.540571436455638,945.9380220652686,1
40.424409666245325,59.08449997013178,15.732476495722327,902.0734254630302,1
63.057089386942735,20.748619102797655,14.604030637249256,927.9418230484825,1
45.18381336073972,65.75423922427562,13.630375607615719,1267.8254589652677,1
33.78936714233438,42.33953830415771,13.533272218796524,1017.6478105214094,1
34.07857703444428,86.53380533592451,8.897855764176382,1072.3519454582288,1
42.12066735541601,72.54108430240747,12.556759288572028,801.6517286845441,1
43.53590427899154,67.56620507341543,18.392537968336256,916.487992720248,1
36.73167399702881,58.38812113324957,3.848014573714921,1153.4298412461287,1
25.292076158770016,89.6733697319307,6.537500728426776,952.8013914643085,1
34.75227078446133,30.23404919494265,7.307215103063562,920.1203857741956,1
22.025631639417142,74.15718022251235,4.073063190537541,1059.7786227170272,1
56.094410588965474,43.55826489051608,10.530728296085558,1180.2182489248019,1
41.91578741395576,72.73327070771722,12.266608574980959,1241.8908183976166,1
43.23810662900941,48.72822902511625,10.834137562771001,881.261152100929,1
44.929715682193184,27.080713657793943,7.936050101571489,947.4115139766789,1
27.070960736580602,98.18292366294887,11.48693076500905,1174.5338323651836,1
23.02344721215319,63.071899305892,4.571365148864329,937.9734267655621,1
44.191387140722725,64.87200460319724,15.244316503077917,880.8070423716276,1
40.42559038918558,52.03850592217332,10.304896619555247,962.8450968834526,1
32.84907520444431,30.785215671201545,7.725542916456092,665.0042210008653,1
40.725290360851545,48.645702989001975,9.732880569208376,872.8938240767509,1
21.808079127461763,99.6,12.466931131432595,1037.8553428804453,1
50.06316361467701,65.52255859377713,15.78758362613534,784.8068678628466,1
41.24217947467564,46.08958022936246,11.785372926812965,1181.8388158004752,1
57.05591738772105,61.90514845958632,18.003478168581413,1143.3398065449526,1
41.39366660338593,48.41223950063737,11.715322859583361,946.3604633249363,1
34.49349891400902,71.52714573280373,8.194407529933217,783.3402816156436,1
30.816845593433406,55.36436611535799,5.800065987567658,1155.3163467128531,1
44.484169994195014,73.2380232214202,14.314230892165291,1060.1272036095932,1
57.497600698745885,25.275271634372785,13.808476140439165,1249.278744079084,1
39.05632094525109,39.809340185843496,8.48253392197254,1215.498429642434,1
57.49333948540058,55.609438543832724,14.40622969838144,1173.8984453832395,1
42.87281455940315,41.240393214027094,7.627900765440248,869.4389590352981,1
64.2063222630925,66.22143518664909,19.7,927.1163956166215,1
61.88597013542683,31.476275538764448,5.193694946462828,1027.5975297641269,1
61.039235564996794,57.47350964870914,14.59249755221251,982.2244526302129,1
24.6622908809111,72.39716567483096,7.372682342424383,610.3187773016816,1
47.71613539534114,63.79170788384443,10.721095987941506,1339.0284093711402,1
44.846610410373124,54.65921279180794,7.835336939128426,1041.689325406371,1
51.14895066195895,99.6,19.7,951.8074394577087,1
55.10736447113692,66.70319687877688,14.640508110782145,948.1042171170327,1
40.20144567698345,99.6,17.41843812774433,1064.543773604703,1
28.023864831557194,73.9619191966162,3.6683675663044717,810.0978071533025,1
31.332094596743985,83.86188851198,10.228634268892757,925.6932608883722,1
25.84760841832176,86.0932071194619,9.128687918304067,826.3378214983229,1
49.23752617576293,67.93726580816228,14.42802837932014,1048.3245606174632,1
40.14405478779186,54.30585717283999,12.611277931166374,1033.9425464826672,1
23.956472654127626,90.14548071584578,5.836615669356536,886.1264537710884,1
63.568944454919865,49.03727433697718,18.06547392764836,935.6472381109302,1
22.91955024112857,79.05661124528754,4.8173262315929195,1095.5042549759748,1
35.13031026835429,56.865225281531515,7.7604984036862135,1145.9533675182702,1
65.27350751999501,53.00066981160986,17.610882446026416,848.6029994566823,1
69.0,52.00401970497662,19.7,1108.5713729075403,1
24.611519567781833,55.03471128697504,12.850198697914621,944.8577136751728,1
42.021218485223145,36.37258799762032,9.257823357409844,893.2849154416514,1
45.989744277106325,85.18226769337392,10.822389428534368,1096.307092787304,1
29.502282227026065,99.6,12.097952904412846,1036.592809823268,1
4.2,69.39023486407494,3.550249220003379,1003.1362181567563,1
52.24020183677589,54.77875236148524,10.077319719645613,1211.6036531692666,1
52.58114095929328,48.75456990322752,15.536852874017619,1225.924721640678,1
54.434062978031875,26.673825182748203,14.270403776423308,874.4926242120488,1
43.56311242776237,76.40777739257747,19.080467937017577,929.5068409097802,1
53.489318579492526,46.27346280799839,10.192597341052457,989.9946445961582,1
52.963954489514165,66.15369334466187,15.126075015321792,1110.1188588318662,1
30.360897169967064,88.26229739534354,11.02546501571454,1279.0675831550382,1
47.71218869102511,90.96525121444222,15.0397214799962,1083.7121475693348,1
50.359525003440005,38.16574034574214,8.877159557322859,927.213059022151,1
39.98466557515229,85.05645472039423,17.647056204111013,984.5078069579281,1
53.29771658006982,60.732087164001314,16.503748982685433,899.9118746709796,1
19.613144150287688,70.13926813243191,10.028713886414161,865.0742928515367,1
30.24542663821546,53.79364176905936,12.652923674885137,774.3096611850863,1
41.45979105171698,76.63236637844838,14.078582204412378,957.382481872725,1
32.33518032053147,61.95369576012271,1.0,1218.894240617601,1
47.37360242620468,33.53193168661615,13.344980194399724,793.3023558118108,1
37.148497072975545,26.083274738645265,2.0377640204637633,1023.8098333061558,1
37.61683501794385,67.92469530386033,9.084910164204915,936.3070451671973,1
51.23510762400139,37.189125463446274,9.422001928672193,761.1201619463584,1
39.784864301808746,48.10440408125661,12.97101578686831,1082.4988758180655,1
41.237696215770484,35.65129186855727,5.049327298428766,905.4472760647096,1
46.58838523668868,31.999403496508506,11.372273831756877,1053.652461933779,1
36.75846639937262,89.3904507593129,13.458730471357693,1072.8624678206022,1
50.174676585274845,68.52586770216368,17.84366921084298,1123.1654655645614,1
31.752049302184634,18.07828517814653,3.2316535511283595,1068.6040273899612,1
49.356106099373164,99.6,15.092608359538879,1176.7444209133826,1
35.356218920656445,60.02454858588599,3.6246554601776904,817.2012920164138,1
44.82555081922424,34.84462509206779,8.277870972650346,1204.5220810207366,1
50.1351118492819,17.73098504256196,10.345172800370367,939.0170137693384,1
69.0,5.3,18.31312646102419,994.4806050116929,1
51.04534810860294,47.02703585665118,12.76751048155995,1041.5520437366797,1
46.939166243921456,5.3,2.2356578291298455,916.6061908654206,1
59.33680445091394,76.9588430137747,17.466343848714253,1088.2001907569474,1
19.719692531477467,95.17706801629222,9.938788217602909,914.9387414000155,1
22.821061670066737,60.84846210829234,6.906007560764875,1135.326113697036,1
38.68632152873315,67.94137615690103,9.615810936642118,1023.339782336874,1
54.07898893998212,5.3,8.776849157820951,1340.52169870569,1
40.10586880555329,82.33817617295537,8.19925392568334,1033.4858668298807,1
40.385616116515834,99.6,15.679522449283981,682.2973507783352,1
50.1225419925096,64.94949415569982,19.478627562864457,830.6406003001107,1
31.373330297798404,45.54346087414116,14.38110096446346,914.5733344005446,1
13.076187589884242,79.96944695836476,7.07917463048703,696.3618154278386,1
32.83891851103353,99.6,11.492313363360385,950.0379091998526,1
67.32652310587598,37.34675587832042,17.91753538509008,899.3334783522131,1
28.271091234211205,66.55253502733498,9.643324914742614,855.9956812838859,1
52.72859868105256,72.10134920774802,13.0286536636349,973.0728321467967,1
40.72909393004311,62.27554878816372,10.539263757491828,917.8355710124055,1
51.58950645846392,33.30205817100047,7.410070242339159,1070.0567457246173,1
35.75034238302318,67.56142325828095,15.704818792306565,912.8088780975111,1
55.334282026118146,55.87411737761062,14.640339038776183,1027.3889130674868,1
28.341352242751842,99.6,12.432297203344104,933.4491741410045,1
40.72486462358148,31.909950346153867,12.631068068721598,1018.0839077138974,1
43.43877309644958,56.4191011103925,7.426942040957103,1173.9900958506325,1
50.20108590769763,5.3,10.054329457275426,879.9336772642231,1
57.37336126469826,84.97285213891267,16.9364562536864,1011.8202495114348,1
54.2914066555299,13.008550700608637,8.313681813681315,1233.3612678838595,1
40.83648728204465,94.97353418446136,15.631786216712277,891.0906295780275,1
37.76422044638848,48.569324001900526,9.945904061897844,869.6876621131494,1
51.97626328048837,58.49420576895643,14.981998303250506,964.1456859669046,1
46.446859868988874,57.91674277885164,19.517950315030756,1186.0270656067503,1
34.047914633476026,99.6,14.558347564452934,1031.044385199992,1
50.27044533962128,82.88901817951528,19.7,772.8297726672174,1
44.24982157335875,71.97866470541067,12.043942416654932,1232.3659247240532,1
38.191748663367335,81.70052679902832,12.971951158795655,921.0982637816884,1
34.910904947531414,57.82268793214239,11.591928425879948,1002.1174853066481,1
59.50419554500418,52.67515158130122,16.830163258468296,965.1198587886352,1
51.44026924402121,43.65608739422903,11.174025226956623,952.0812887230991,1
33.37046766760362,43.92298166637758,5.220847964193928,1110.9037473913024,1
40.46545205634922,59.610646446305125,10.989791926740278,887.9289053349609,1
15.6464318231349,49.20353796670402,1.0,912.4843235154541,1
46.072049573803596,78.41478174504192,15.060742182793213,946.6883116844168,1
58.6045262461914,5.3,5.3794884773824885,1002.873110958085,1
29.727106141738588,99.6,13.84388408326912,984.2023661515901,1
49.433701606560874,36.85960654110738,11.627996950629832,904.6350848006741,1
33.852953664130524,91.03975718101447,7.480301527939497,1140.2349725170095,1
28.31400257144579,86.52897731828043,14.894039121874608,1087.3975869070262,1
34.98108111294203,99.6,13.388214755780515,1220.985626047803,1
39.40293820045916,74.26906560624484,13.36784838911832,991.8112224161719,1
31.4762291424151,99.6,15.475734879123223,868.6811231806706,1
58.86662073794342,13.889590742596667,11.216751980949867,1161.9778027009306,1
56.95430952181556,82.25214052988781,17.754289980163335,940.8513684482486,1
44.80010785751785,73.54292183449041,17.42454058953344,869.7204755737887,1
36.084157343363955,74.43089667199848,13.081712484662585,1074.5423089075305,1
26.631324103264348,39.87486231541229,4.757832583382403,666.1844180487167,1
42.87841657186537,58.35079774419121,7.390881674788666,1178.8741209647526,1
38.42441529226149,49.33856150651408,10.544128478894514,1050.8709662170909,1
43.807014006134395,77.11171262509366,10.370912815846642,980.8842656578812,1
39.57881646152859,64.27087265351315,9.722455291673116,756.0431931813849,1
32.18371716793854,95.7467270743035,15.657912847854407,583.2786228192945,1
23.376753634893607,32.19247138529993,4.513887855280787,934.240618325096,1
36.21159487703188,65.77231311524199,15.583321429461279,1183.5981938997502,1
47.290268862427865,25.83707026821652,10.984416008722082,1234.4744772436518,1
27.158643466713713,82.69970385037672,10.8749995409041,1040.3298456675006,1
46.10485982493737,64.7936015246967,9.30066381267575,878.2418656860438,1
51.971019968171895,53.02180152711998,12.971912626617708,901.0206271262715,1
43.749637117952446,99.6,12.663650583177365,1095.1555669411603,1
53.817209115483195,83.79624684467483,19.7,1086.661603462566,1
29.86643842807684,83.8925876702333,12.279057608394348,836.4721706758265,1
21.492539901110074,83.52332466601041,6.517750063650802,845.8394319713641,1
30.62450439296848,36.32903025955627,12.055265811552868,1225.5139663046837,1
50.79334965779661,41.139149779727155,13.7151939834109,1204.7597688150297,1
45.73676052045605,95.53898202623769,15.360807141807165,1246.0942886887808,1
33.36183945853087,40.1893456757922,7.849812401065908,1120.9517605854574,1
51.16209346053657,54.32956852022188,19.317826386108013,780.7597433913343,1
28.623172006913695,32.283897480788546,5.078818305053072,1115.5422018288102,1
24.37696240522059,81.90541049707537,6.216007579372409,1250.1511232026426,1
36.1763997472617,39.21954018209237,8.28170330760346,1012.4562044477664,1
29.11524898747089,67.82236510438554,9.565107950931536,1056.2103048213805,1
48.92215011303986,31.849983550164616,7.926155654235661,1062.8794089065052,1
38.91121219468566,87.40464121095158,16.411491263938853,1139.058285483923,1
50.84315904380922,56.49827481209974,12.4702833541401,1145.5175993795626,1
44.44219112446367,65.57602235142136,13.19540924544816,1251.7829357521898,1
21.16986742907091,92.38582596671728,8.84951800389364,991.5644240159506,1
45.451175808144946,62.92067190198359,13.678450777145866,994.6603641529093,1
36.22788627507835,99.6,14.492109531020265,953.5455253172058,1
55.17632176435036,30.708910262345253,11.347211206646765,985.5093197363342,1
40.51959350223561,83.16916304854476,15.283598170980877,1101.9085137812708,1
64.65673138353507,51.76165881312622,15.342946696919293,1182.6910653600835,1
55.06966512684265,16.15556961243349,4.1080716260435315,1073.493953279333,1
38.06122401071404,56.32755037151356,9.248333433230453,1325.3518746127897,1
51.3850820425274,30.573680433301245,14.281646744433626,998.9039767616248,1
59.86380354188034,87.65975760227275,17.919168718974777,1270.1090368052312,1
41.21812581724738,58.35602268472748,8.12495538884234,1031.491465065265,1
17.8926529758438,99.5992527551071,6.622395389325354,1053.9062191621142,1
64.8518287099671,19.92401308708388,10.835120843675112,1097.3712053618342,1
37.10713482933128,60.656339395461075,11.250022831505646,1189.5779292552916,1
16.05757677238257,99.6,10.261634428969838,638.5272846511382,1
47.126470368261096,78.94251660526098,19.7,1112.8892225818702,1
24.745672184353285,59.6818674120164,1.856492950749498,898.0441351067991,1
39.61992712441722,99.6,16.358966083065873,1225.3920811643043,1
55.98755963495758,60.0603754801785,18.51554914771186,1008.8513281906584,1
64.58891362160523,45.33740755394328,18.390515018600194,987.9979772624976,1
35.00156218496625,69.54929041765563,9.434478058023483,1203.4670875034521,1
58.51463979853678,62.78722171145325,19.7,1152.4555989973337,1
53.14676020196739,31.627000702673836,10.32199930114181,1054.987232510297,1
54.182919588318406,37.52735338644782,14.378465589961323,1139.1346807969576,1
38.207567526086066,99.6,12.164517916504515,1082.678512135766,1
23.695867870092304,92.30356279484262,8.584689245212347,1020.0210695424803,1
33.50892406793514,41.23136185378081,6.497567806473845,1051.2127734255967,1
40.99023524806807,99.6,13.836480883061956,1141.0791489993624,1
31.137507854687296,69.83170293680351,7.130313433434544,1008.6841072049835,1
43.02135348784072,28.165046867317535,8.207781545654848,1032.8030879388562,1
48.42053715082038,79.80790814205818,13.421369268646554,1115.2050906303402,1
50.93539713169722,70.77060221590736,19.7,910.8013257804258,1
36.990095057943265,99.6,14.702597460942163,976.8597016041404,1
18.312069976815895,91.87012365939684,12.727400303889668,768.7043474648152,1
52.14854952213521,70.28272561648319,14.650462430676582,1119.0785920410503,1
32.43198733095142,41.28081836690191,4.0456375036296155,1030.0083110442135,1
41.38689063598485,58.56759975929161,10.204235127129184,1320.5724105679924,1
24.51458615006935,54.37947778958479,6.046170040842678,1073.9088780857787,1
39.038211794823006,74.4912493211807,16.658597839999473,1080.9110168972657,1
45.113775297732545,62.352535654912415,15.884804743228386,1052.100165763672,1
37.188286172922176,51.62523506847804,10.72268407016322,729.6206404082445,1
48.06115114713081,37.21315301911214,10.35112560539137,1383.0151232349542,1
43.69329734918412,71.49783637148926,15.70118938551959,1131.6846180620237,1
48.63570412146465,5.3,3.4543101752473406,1080.8868721401368,1
60.33211105032247,83.06612321857918,19.7,1043.828383586632,1
40.92453360502158,47.828537210826205,6.1661246691235165,918.6257394637571,1
59.986915620409704,40.45750390982188,7.100789480087182,1096.8413740066223,1
37.98880656960782,64.5045479939418,12.62411532077999,1058.819062671977,1
28.22310019010688,53.241475778431656,2.1270501033209346,928.7314812658285,1
57.70784464279403,47.84065113536063,11.091073852972698,948.2490419155002,1
30.735879560785378,77.18506342565304,7.053567918547113,1137.1171263920157,1
26.618326397946163,74.74814817307319,7.2863489233110155,1153.7729108753936,1
26.42505065462823,61.8012775505133,4.108102579875865,1051.7618173235232,1
37.9593545428156,57.09487094062216,18.53597395442271,826.628252624476,1
53.91515844519261,71.83666653771948,18.56371348875955,1183.322993463472,1
31.745209547754015,15.553340242693316,4.255154212126699,770.0861668928088,1
9.172773991231775,99.6,6.309387154602693,1080.403682729352,1
59.09749059014605,26.103063460009878,14.28543390828776,1097.9860053663824,1
46.16935308726658,44.18028908744001,6.554935761735741,1050.2947968255805,1
45.398427951642915,32.566936609166504,12.100333398083048,1012.8563916583973,1
49.01366953365221,61.702428643179175,15.295026711204038,1181.779046878631,1
31.180354211431666,40.136037226263,7.9737437690617945,1019.7778760344928,1
34.93286258505577,89.35411835880835,10.779601196058076,983.823785274185,1
51.89242650898976,73.73314551454536,9.804980260358748,1076.2834044034546,1
58.03450597454193,57.86506791187854,15.907713390116674,1124.8142335740226,1
22.597546016541052,32.596193565040466,5.029169535418587,738.6269850571675,1
43.41916984747639,85.00104858627908,7.088536999615851,849.0584108595974,1
52.16685223898824,21.984404077084626,10.976393365104196,845.5331389522477,1
33.14685702969423,48.08854522492146,1.3539803783115651,1137.9910420161223,1
36.260862224701825,69.2247568871353,12.258373535188014,963.1035265679852,1
41.792771635394935,64.14372138249237,14.594360552778587,1052.9047250487831,1
55.1058480933604,58.60521097533577,14.729376934034217,961.3098907021988,1
29.506873249048347,59.81569264465328,13.48186489991923,889.5043071272914,1
46.40458496733904,62.07036083174244,6.130967867565582,868.1930718828639,1
34.80745215466648,69.38505667438123,9.451113627608006,1050.0738445298066,1
41.76643265566564,99.6,17.90628449692269,1073.2438703392036,1
31.297878264273194,65.5749116086564,12.855135021150481,766.5524838839569,1
51.74016222265308,51.442351718995624,15.667488666874,1146.3333084002106,1
49.72190066968358,54.8023265224421,15.677084560205373,1001.5913950728682,1
33.70283694573507,92.62754681401609,14.558649760345887,711.2730073131569,1
66.02227668300219,83.17461783077,19.7,906.0622996504682,1
34.7258221093522,99.6,19.7,910.7016429734309,1
43.83952335833666,38.015344910932185,11.184495678611748,806.440943579186,1
57.18063219450018,32.24696047045812,10.897833324753163,1043.7413641977062,1
22.936356367345535,61.47773682389058,4.163536616366463,872.81552445187,1
36.83498522506264,87.06133313301137,7.999343712155279,1033.1100780807321,1
25.49592139041721,98.5531398194515,11.855675648923615,1098.5358564256537,1
23.55661136004682,17.34103560105332,1.0,1284.7785170581542,1
69.0,5.3,12.833448865495065,1119.854443422936,1
43.50927750489175,24.163545736109135,6.806118706083515,997.143315245617,1
52.014726307729184,71.46346551772098,15.230094110545114,1167.6263647210756,1
20.1729052829697,99.25166153441032,6.42483870655256,1110.139207195697,1
43.252792018615274,64.60754686724839,5.9230196056273074,1215.3809555433108,1
14.428336551312618,87.0400745459896,7.148533808714777,975.3107438842986,1
37.9851627203374,81.339728195307,13.879636417034227,1084.980118768393,1
39.16191001015063,67.39262474504889,9.403557863697001,1028.4849741954508,1
18.94961750583398,99.6,10.402619449469327,1077.0676418435864,1
52.221290737468856,8.327704927192848,5.557421772147023,1140.2747492820158,1
36.43167457205584,51.02214990092831,8.086246865436715,895.6159205900979,1
33.39649033762284,68.65921653510003,4.080981223214497,956.9534568182016,1
59.65124108712985,15.24274423419535,10.295837163691921,1089.1298753078977,1
59.87777684914906,98.62342637193602,19.7,1092.0399887545443,1
41.35374853204153,63.32352185287641,11.802336877537606,1004.1357057880467,1
43.62058688940463,69.31144283216342,12.908382436859268,870.6860831396571,1
53.43950095372876,24.70194300105362,12.248083471169004,936.8505353724804,1
35.37903778668047,89.51058581987665,8.14632019491596,973.9975247697344,1
50.59762846017369,49.569365599087384,12.28251996942354,1290.5108404934592,1
36.831641124478665,88.63069191718144,8.94206052040387,1027.575971013152,1
33.01179140033823,99.6,10.768534574696197,815.75247461198,1
42.30910323649289,72.11010094423727,15.863302798909523,938.8164237659904,1
55.268339529609385,49.64242065750054,10.391010427378854,1019.8031358496281,1
31.49045408870898,69.08141375846756,8.79544067501304,1008.6512369406963,1
10.295218954911629,99.6,5.209560622943434,994.5639512371537,1
32.0025681043994,85.09730434901388,7.383968054650691,919.9517453226131,1
36.4685893855471,71.562285581111,13.334749393427472,956.7088487427611,1
32.65890365450314,76.95099446717641,15.537680455516723,1210.3192013843902,1
43.30310198700297,44.653527424583544,16.065952357715407,1045.1588213698417,1
65.39705095058042,60.33303617138424,9.959403350622214,1287.0918167364896,1
43.690449917849456,58.60406646102476,11.748740400152974,979.7371841743728,1
26.574624749233678,72.02058830306153,8.24373610989261,558.660126026075,1
41.383713064012355,68.6724387484461,17.9260608011294,980.2115882588646,1
64.41434662597402,64.04167796891845,19.00505553576979,847.0943382927921,1
19.15880454754224,68.9230152782772,11.570220509377458,618.231805420472,1
62.01260910569731,89.51869583394526,19.7,991.5678324224293,1
57.43822413229961,58.01442853724534,14.749680784323935,1146.8854418577425,1
53.120350921517804,55.98319327238857,18.304016036211785,1019.2617975699937,1
34.07517249066409,99.6,13.323961022477617,1114.9216658436358,1
49.974743023628704,24.75866527618271,10.112498727376199,999.9162908326789,1
45.63768157797744,37.08740545863683,8.020758481804588,1190.2673296120645,1
66.78112845379248,21.71737246552498,12.107466512054199,1310.4052156479722,1
51.76567576813931,98.36280699553126,12.40259942604884,970.822062831304,1
4.2,71.80220063355189,1.0,916.7309990509336,1
37.23820736063462,75.28162880365133,9.265072875085995,1163.4109003680035,1
50.783311995651964,92.41983603556172,12.669777427434251,932.5625507536743,1
46.785043700537734,73.28807486917444,10.589591461603785,1359.1860882820838,1
49.301376617551746,30.637889200927695,6.289275933620854,837.0359685745645,1
46.490498036965526,78.59692956673086,12.218151106766673,1109.9195446872927,1
46.7798607156589,72.31899766514101,14.35409710495313,1122.9144466090256,1
21.34349234849147,84.64493007062676,4.577177786206685,970.8545770830991,1
55.05850789765222,50.23293401601974,14.291155275663957,1267.690182730814,1
47.24061626824062,18.88854492623411,2.267669015367648,1385.758821306882,1
61.720376347963054,15.147940060155427,9.388732051963736,1246.3308072801444,1
45.756007514072834,68.1054231016071,13.794405913989749,1365.5502049753934,1
29.655723538352724,99.6,13.487690115868853,1235.6391957411563,1
48.42219486354058,29.129382525824482,12.327484326693284,1260.574392201597,1
27.901499888801737,99.6,17.366112326710976,1035.9935025381292,1
44.96446664658524,71.9842555995311,4.036179080987671,1159.0827796037638,1
26.069477669056504,87.51602301914014,10.228984503812192,773.5412527116234,1
42.98612378840078,52.762794247101866,9.302428560864142,835.2072236099752,1
22.298999509034427,99.6,7.838069575247587,905.2775653760111,1
31.000695689618176,57.431707890028655,8.866817901536528,836.2408176078021,1
32.260342320717,81.17617098379587,9.516772465088694,1288.5807988398465,1
51.249113676543736,54.1717401827875,12.3702344858901,846.6263371878935,1
8.7345041770492,99.6,8.45498958738371,1010.1438908138306,1
13.185329123053052,99.6,14.405894347665912,840.7568448190013,1
48.93834144597033,38.818353509739225,5.659110827621582,1222.986796909072,1
49.321125567886455,40.09877507606804,15.700191405535305,950.0746449328446,1
34.81030804271971,99.6,11.926770172512615,1275.8355673508465,1
39.656017903168696,36.87244951857911,10.278269452494769,1132.1855206239572,1
47.01708808070002,45.00813326482948,17.663794422679654,1042.8571783254392,1
54.294842209969154,5.3,4.5873003378168535,1146.0714528903916,1
27.209446258310926,57.82541708710035,11.259081055361394,818.8824447648026,1
25.517520526179055,76.18661101023955,8.030987825361423,974.087616699105,1
22.889694969653853,99.6,10.156661036775334,922.1970626754974,1
36.669383405353294,46.01642066764555,11.088753635925963,775.7026113379242,1
28.720083335742242,11.344381201599269,2.4084202144451243,1174.5219492938177,1
42.48105514976775,80.8605528138756,15.195135178901122,785.4092825027172,1
30.96763436974574,71.6728290219315,10.34712144427337,959.3690628574319,1
35.666360988363365,43.986481716095454,7.390733677378572,1174.7052954355008,1
26.999672306187666,95.84540177416093,7.658916362448096,851.6541083691856,1
50.66795697352179,79.20959406209532,13.643846953145985,1192.2301833861895,1
50.32143372721964,39.229157611841636,6.943501978540501,1056.4320551167166,1
33.50056620685904,85.98438215122553,13.67420016158909,853.3615260357269,1
41.1185263802784,30.944492471328314,5.643699788588653,994.2347720285687,1
37.06140301121173,59.16487393683636,14.480231590512897,696.7850082079021,1
14.275514653475664,45.883759958074464,1.0,987.2874444566517,1
31.094330887698607,56.04538577875383,2.5985554367614228,1072.4755098422715,1
60.534134928476604,78.16180756555758,16.41313745892497,1320.1983290630396,1
50.35328536395208,89.41254892894052,17.83044459342824,949.0757794832583,1
19.439986253473187,99.6,12.2218144632816,895.540223284553,1
20.28251142578691,24.993245865004695,1.0,880.9658810436807,1
36.51609149777865,72.55658819977756,15.720128410324643,1008.2590389431574,1
22.658027865210077,80.10081775929991,9.226939739898858,1227.421393617698,1
40.611606920968605,36.337371734317855,12.787868558913619,1078.9836734994901,1
15.560978222663291,27.894158413676706,1.369646697447056,1013.425432334963,1
46.05124576330552,41.70412880285152,18.16932188771638,1016.8898950009091,1
46.86753959597843,70.52163786274842,17.601868719808113,997.471897938622,1
30.58229543099469,75.5581615790513,5.440811159814443,894.3608319975663,1
23.92996917037418,46.039774334600295,1.8909818503732012,996.8428567553578,1
52.386494357777465,86.49272716809071,19.7,1217.0003659651443,1
24.645278628541014,52.313845292220506,6.671625482752295,791.6942590432695,1
43.67428954592716,71.48434956517113,8.355865379121287,1038.9270689238315,1
31.114932212983582,61.36958059777497,8.530093997857398,984.9524506282457,1
34.66496326911235,84.74156959212738,13.734198971458092,1049.370794566983,1
41.56029565495467,57.14007263194451,7.839810653435759,1196.560897607776,1
55.34404354824055,56.42992533489101,15.970943083998742,1112.7615996967495,1
22.74236249886495,26.533985592417658,1.0,1159.2396113161653,1
24.737527284327236,80.38465759672656,4.510052489490478,944.6024440417601,1
37.83555684198547,86.76050473614401,10.104331190394232,952.533620784286,1
28.122994435098164,84.53446112485614,9.095938099884506,901.2353963978812,1
49.7574734642971,58.66451122596974,14.35330295142144,1041.633639410842,1
18.19750117186377,82.14552007336445,11.833997002474794,794.8359333750648,1
31.677642184538513,99.6,9.85732731078419,1147.8829223551857,1
46.14580220355739,65.02322128495342,11.338695639826119,743.3353255877391,1
33.430642643311145,78.26411892988844,14.361403749689977,860.8397972371558,1
40.84484881898773,61.83046077351063,12.923020492274782,1097.4456324241096,1
37.42929863440387,68.26409421059797,10.15083768900326,935.7906890154474,1
24.84287205622864,48.71835731569148,1.0,1247.0349261155804,1
29.06604932671118,82.64358568345631,10.303878586958866,1141.2749631893507,1
36.22849295036771,86.64869645077852,7.410179650833467,1048.7284361763009,1
60.01567672339178,40.63975339342599,10.701468922025652,1002.4910866480446,1
20.835351881971096,78.19191157103558,7.274031274969266,787.3622945369202,1
52.84805438463647,50.88691490955609,14.270950037711614,1048.657465212825,1
30.718309652562738,96.51955124563996,10.436776061847839,1082.460697851786,1
15.738092778252557,90.96611258187284,8.655709881477755,1048.8637419343554,1
54.079582176693016,74.06603384607838,19.7,879.4125947967377,1
30.83957839548011,80.71126484050151,13.464857897654195,1034.1030741828463,1
36.05835653976964,24.41927515099482,2.477011117756277,1027.7542271792456,1
69.0,39.66671936017532,19.7,1125.194284455148,1
44.871105321685114,73.1818009205102,11.44801209201404,1239.9255277046707,1
8.553635966333843,85.61987937662563,8.461370310425492,1108.4005194024096,1
55.85986707143963,17.11542381966646,10.893394112411178,1198.784847537715,1
25.901851375138868,77.42302326432296,8.334285465950757,1034.4699824699926,1
46.020208497142065,98.8121041827465,11.362929488491833,1096.5486226071764,1
35.73986772189183,94.41889439829271,17.166890673205064,1023.1264931352512,1
36.67633839989395,63.62504096229667,16.8055277122943,844.1939193214073,1
53.001338078514735,73.89213814839792,18.08146393435153,946.142289556384,1
32.13026970130317,79.43702636254915,9.814359671227274,900.0766397741614,1
29.214009752197015,99.6,17.323343603542078,1053.0903582461399,1
50.27029256691735,60.496474415468086,14.740669631567123,1119.4301387613516,1
20.165010690070314,83.9505017212418,9.474680432921469,1057.6831660612993,1
37.85665261014478,45.6366614316846,10.039288161518066,1115.4919069090215,1
56.394897218733746,32.64388868143942,10.755797743026745,1279.004669517342,1
42.04180741713168,58.242384910636886,6.70350911078891,627.5698507544928,1
41.47199588557427,99.6,15.806943191250587,815.8193286355897,1
42.63055489483281,42.410275544669126,11.911345340210712,811.2247077611139,1
40.84431767416961,56.31132447602638,13.123649566196557,1114.8689564761423,1
44.10762680495871,49.73022953458497,14.105877491310277,878.8730982704835,1
39.278167540185926,91.76537012579152,14.027637954260669,1038.720543346512,1
50.72500982621861,70.14101975149032,16.24365735969544,887.5349941203482,1
29.89619523613836,54.33535128363855,10.102903118986065,1007.5998869356462,1
49.5106238908413,79.37665928612577,17.52461252060592,1114.0259764480143,1
36.680718443536904,72.16617603148099,16.64159841854358,806.7260531032583,1
54.21089478331636,52.34599351641291,17.088146137960752,948.2074327068503,1
40.93749823404548,92.09532307335544,11.859784403240743,1164.6703475353472,1
21.51611803839636,98.40857879356875,12.022856911093891,1058.5647101183363,1
58.45449737453284,33.197264511243255,14.984162571537228,1317.067570908174,1
41.67652728009969,60.55239721171711,15.020465347631422,1034.8528570886638,1
33.563345936873425,40.570297065729655,7.815415119891381,1211.0144878298715,1
21.474909515685077,77.31224730872664,8.154678877004349,675.1995575224015,1
40.600812625498904,63.76521188270368,16.371754893351405,839.0008826798037,1
39.257669967519185,99.6,16.217456086887715,1098.9345088672424,1
24.147420675549505,58.063611457125816,2.4207482143275794,815.3149152943553,1
41.08889097487047,68.91587667027072,11.943897887865703,1091.3378757550377,1
34.86690325702573,74.32817420227974,11.030119568722002,920.8158430703186,1
43.70133019729541,63.565207376541956,11.074745782390702,1163.8705856917377,1
44.400175228499826,59.884809784942085,16.104751716037814,1019.7266425307183,1
9.130433176716835,74.2750875312878,1.0,1201.1491018330867,1
69.0,43.58206125649825,17.26768299604752,1227.65089248203,1
50.6129318267853,99.6,16.75987785175643,701.9893859032073,1
49.35108403815209,32.63701196520346,13.794441463362332,888.9863807797528,1
51.38698391977289,15.459305594097543,3.9578628194960572,814.7603893240897,1
43.10100347608021,72.54592597233719,11.832429162928008,1148.1631589475721,1
45.44415055644615,28.037218440042977,13.496303417407386,855.8183432703103,1
29.667832549317097,58.305984603910034,7.75291398270647,970.8896872314177,1
33.76087986896439,99.6,14.735376416235077,715.4349037515884,1
47.604965140733796,27.681859803899656,5.898531907679141,958.0119515799025,1
64.1146716216911,45.77288418213581,17.818437638455233,897.287271134595,1
49.96414409850938,78.99959567133737,17.144385952967035,1263.8809638975565,1
24.702832230113692,95.50780943310542,5.213003768376806,1007.5517778818497,1
38.9123978649716,84.81059152032714,14.816486571300299,975.1480321381745,1
46.887780934229106,25.526292351167164,10.789387929942501,945.6711027489306,1
37.540145029768915,54.94771590221728,8.782451245782207,1090.4268073437238,1
42.90667573656901,49.238755596524214,7.022784139743944,1295.8424643738092,1
45.93896175312945,18.174030318044558,6.581803675855209,1217.3507827049825,1
23.995414782555365,79.7177472274302,7.098994622033102,1196.0971526158764,1
52.146479317954885,47.853875815027834,17.584534749974566,1107.1254797021163,1
44.06638848150405,78.13083445416189,7.106696836894511,821.1017787859206,1
35.527025473313486,95.9162801787842,10.833209866700761,1247.9203547862653,1
35.92560713908049,66.07289509203389,10.576333332809748,1227.1326198113472,1
58.832811504226875,64.77874660071996,18.5728425516345,1310.188430457049,1
42.73322535601849,88.83414952395539,13.905056895557744,906.8024458273011,1
49.64895198995285,49.29181375237441,13.88969610805624,1363.3182505614125,1
57.4123267423775,80.17014114266692,14.55614368917513,1189.7765190345924,1
56.140958832767055,33.777098291595955,12.68840053982824,1201.935759603207,1
35.876991382253635,95.888832769102,14.683558199887857,1082.2706989886735,1
57.443467002474506,39.346866076501655,11.816009868279941,1205.8451907023193,1
35.45794319886161,80.38417859859686,10.896777558166427,944.9738868534538,1
47.340835916575685,99.6,19.7,1005.6614723469124,1
35.560672545703746,88.26931450707654,14.033017270280444,868.8333350857632,1
38.17747362438451,99.6,15.978892506196257,920.8502547401304,1
55.78010212109091,5.3,5.384999816269825,917.8952643855481,1
46.03471623216457,25.761138310844835,6.731981318333423,963.6152173723542,1
52.77300219413594,46.497334834836714,15.478389231952615,880.0911119854294,1
45.357982529190856,30.61025860167939,9.186069921068967,874.1402961953095,1
27.368481890994495,95.86746617341672,7.232857744481395,840.4183832217758,1
21.86671573101961,67.30951153894256,8.02120690100657,864.6005885276561,1
32.68194165174788,17.223697601475052,5.617586190937488,1208.3438390585172,1
39.53914504476798,68.64960319764424,8.741771876815424,1139.2561460912373,1
67.08208689521891,65.15965090229689,19.7,769.5472573587749,1
44.19750100966638,63.48898206264564,14.676748942292784,1076.9308365463394,1
43.06748164574356,55.91144801260252,12.145610453695474,855.995053221787,1
29.180467483877152,82.17318759408745,10.984630762612726,1021.9960893491929,1
50.34577322330776,30.264641252744624,14.821952609463128,792.3305939174766,1
52.99285902524839,42.30056528749901,9.239016912563873,1167.2951421157147,1
45.251428244388755,99.6,19.7,983.0956182727948,1
56.606838904299366,75.06811254954711,15.311347725515379,1012.049835221384,1
41.69038589276812,45.69690740926933,13.689902278508859,965.5435300593938,1
39.850874104944985,83.45125171678795,9.210138851647955,964.988125204667,1
37.61854768919655,28.96040144905522,10.95750762500264,1040.5880811884194,1
49.083584207666306,24.00636824810435,14.220697764842036,1069.6718887558304,1
27.851682418744076,39.06507307593282,4.0320149768364235,1027.8422506097995,1
49.36109906524835,26.98605133618993,6.523359686798575,991.2441403753633,1
30.02526620171085,76.67447170936475,14.57327208955816,702.4093739936415,1
35.20988026140829,88.22316314757795,6.171987909120886,1116.4660988236121,1
46.74134853900003,55.263333547027614,7.517092194433398,1067.7375496701889,1
21.39108915485207,58.01671052229179,5.041665480939312,784.9436968920493,1
47.33316440896416,53.55457389804573,8.157659368975475,1156.8123711024887,1
53.004525643696255,83.87489806544662,19.7,803.4338671122225,1
56.52641776314957,80.43269738255192,19.7,1100.4039353212409,1
33.13657283793914,56.04269053642493,8.346839918972606,1218.6743983670597,1
40.36531325292655,99.6,16.581857801232328,1034.0114022807031,1
34.82387118246067,53.08096869464972,10.655465351361986,1143.0371893921179,1
46.33922281622676,5.3,5.338216439059747,1208.39369822892,1
66.6529532638057,5.3,13.505600079215581,859.6508281375746,1
42.943845810554265,52.05608501967638,8.809890441130245,1382.347860813059,1
25.55916453484066,99.6,15.768631980100137,1123.8145039200872,1
61.229850561386655,51.518022882406335,17.69836235387045,1113.1017393718867,1
46.1030153203143,83.42426815418648,13.667624137156091,1083.8914412528666,1
36.98137848914384,98.776441485106,14.019512353664505,967.4348323980157,1
62.638469195252256,12.453693585515666,10.224777046283183,1189.1500258056044,1
46.872659623921614,9.828187324563991,4.108708772143928,1171.1963394755662,1
36.25978948036085,57.042528550429815,9.11257580024507,858.1328676854287,1
48.40919336179201,51.66274403425498,17.566135135379298,1137.1390679276262,1
52.49478418915036,17.59951938324422,10.27965507881399,1214.9763043582313,1
27.804631837182406,78.92245403474662,1.1972407372714713,899.5506030046001,1
51.3703415807514,88.34009617009886,16.167362985763575,1133.005786217262,1
41.090611969540284,42.37505319058705,7.577085446283993,966.3348373581229,1
29.00167980068614,56.420982055131596,9.501974810496144,969.1762316817858,1
43.32643589927823,87.5507282504873,13.068933828671685,1020.1910790245583,1
34.58341461640067,52.19122671671865,7.779597645897313,1072.0166758205194,1
47.68609296989421,58.800809356853485,10.332830550213048,1022.0096814462119,1
36.148284406566916,77.27460113495097,7.715855280433546,1288.9414989833012,1
38.543898286220255,47.53835450089022,5.505553304604948,1060.2520128386966,1
57.37583729214607,34.373354670432235,12.063001002206478,874.0223656374989,1
62.85542112936966,71.97237472905167,16.162872098136507,845.0964561091837,1
39.37790922884464,93.80594140784719,13.982851941867665,1062.4234890418018,1
22.118650948682316,68.88362319744859,11.459481588456983,804.8945283714124,1
60.05082950807578,59.422565079769136,19.7,808.4288762257502,1
17.195215872614437,61.3677621251251,6.994618549163627,867.1713028883624,1
43.288514542182774,32.43463420300844,1.826485277972555,938.7335784020042,1
57.13265886486498,29.533908233064693,12.073164879568372,1099.1265200560783,1
34.28346806319891,7.8547801545650415,1.0,1181.3802359048746,1
29.0801223925491,78.91949401758772,10.870630223386707,1002.7512115353676,1
8.306522674088356,47.84783026687112,1.0,902.7870946023497,1
61.17586774816262,73.36693515266917,13.072510481470303,1281.7739070474413,1
48.04819387707437,87.08410506641023,16.9626171152594,1175.3805326708693,1
31.290497523949057,64.05223482397021,5.601189573641934,1100.9059016217163,1
66.77037516128424,55.57632579602216,11.511599184574012,1063.9172338367255,1
18.94134002871097,44.20807580140688,3.0491933771453787,972.6563363877503,1
32.59501385281538,66.85999503123524,14.851119602603433,901.4009363590721,1
23.434811993765262,42.705743512725775,2.6842878151925404,1344.2697603693837,1
33.47080401236681,81.06100294108742,12.313398486729241,776.4940220063127,1
50.92772403652018,92.32349936140807,18.364323146834955,1358.4098003901645,1
30.96612968519797,52.139000018361294,7.237229529207156,893.3910339839565,1
37.175243681428356,62.82240398519466,10.332592887681505,843.7734964757193,1
26.60902904852967,72.30085724602161,4.807821716455743,921.8896635944386,1
48.0024524907592,41.30464225623126,9.129070760254702,1189.6290355183046,1
36.04459056869872,79.33637717162176,16.51189324213573,890.8845988149569,1
47.15392790597811,20.633626559102858,14.03349491714389,792.4848381472241,1
62.58963998558683,89.20956427919721,19.7,1167.3052849493877,1
51.29621789732532,65.29842094946777,16.404057625323492,1154.459183359361,1
30.663580629575158,96.22215085026204,6.81757566126521,1081.5725595517526,1
46.92344702503794,99.6,19.214332934750015,1151.052573037277,1
37.64413743471839,99.46347192731609,10.826634668545923,1320.5947362623037,1
54.625909689763105,15.46049462028919,14.242372192770837,724.1689138833094,1
52.170111951162355,81.87110358741506,17.59099466776177,911.8409525433663,1
34.185078791305564,72.45723363398642,7.741906487709654,1050.7811897558138,1
40.39298656664166,56.35866030998593,5.970840180538995,1197.8721848938576,1
35.4796790466057,99.6,14.756732230558804,885.4785425769946,1
18.70042973915369,72.51615617964906,2.022665344456337,1120.744628381982,1
35.48818479131064,52.52886527449403,12.005541115146265,657.2195143559932,1
42.33816309441904,94.70850355360835,14.93917173141132,644.1625556549511,1
29.37642863934711,99.6,17.548046553753093,1020.3590396185625,1
44.5741536170771,70.64368404489477,16.238069133100467,1001.8203078963473,1
30.268069647990643,5.617620647667785,2.042493555818208,1148.469836087053,1
34.34254218407445,31.139665784490386,3.4545691539967223,1026.1094803994074,1
29.422527902351256,95.95757625885486,12.677271049797222,1104.3081199750532,1
56.99998355700943,74.96712198271145,13.993818265895737,1227.5813225354425,1
39.990139977261066,83.38862292793885,8.690668398272434,941.8681292413842,1
48.01555275659681,64.40754930450552,13.415032193890742,996.3497043250329,1
50.5237592739936,86.48054818464658,19.7,997.5372420228274,1
26.90486286695007,60.1433779324833,16.783653738037035,1120.076956146691,1
54.082151759348605,48.8877254319525,11.515816727938494,1211.5132793992525,1
37.86383414192261,91.80015538065813,8.288063675441185,1133.27212370503,1
34.122694534973036,60.52062533427456,8.275931169010459,882.1875724505755,1
56.09884908646825,55.44040576083058,14.133821570574245,1079.534535805586,1
60.071595964637126,88.4992553368561,19.7,1153.8918632341947,1
37.35484501706409,26.735988030562538,1.9494199760674693,1127.595536545696,1
36.97448227754726,5.3,1.0915468174570009,1187.6932868791016,1
32.21763180582543,78.42774317203838,8.18322270343641,986.1298048954136,1
38.91124685852637,95.10794158688019,8.9342620738906,1330.736620667003,1
42.81424590820153,92.14242559404073,17.585181834419064,1034.9582017778102,1
29.478833194643993,60.125732916,9.03703955877943,987.4912986263743,1
40.48391525373731,77.30364536329431,9.956465089068665,807.044836253698,1
31.110347223590114,31.445583489051778,7.484747163406839,1088.988153627917,1
69.0,32.590029206197485,18.963535586255215,1293.8390808169945,1
58.82663556940338,43.95118941331421,18.494778212403823,1079.477803560651,1
52.99474672918701,80.20216097277635,10.52803969068002,1245.0005817809779,1
19.8245037806764,6.592782771556401,1.0,1010.1438742494524,1
33.697490007799,55.71000061163943,8.156367947532939,856.5867324112617,1
49.30278331170429,48.11692832241824,12.484192832595024,994.9589907659036,1
56.86358055991546,40.8004970136015,14.049784308882558,1032.9216971434096,1
26.936682842101753,29.437502736528526,5.000733673938161,736.7632848139572,1
29.221823264752903,31.780472908463945,1.0,976.1529394324779,1
54.114938122460316,24.36648053008073,8.507527059042635,1221.9563734842645,1
54.201709623429494,77.09990477344692,19.7,1213.246463201895,1
32.682965296160475,61.51759608405207,11.471659652241854,1028.0741756951445,1
51.16264335328623,34.62498023176195,11.633086447607102,881.821567956522,1
35.461632394931065,76.86749788796658,12.9087131611062,909.0774228619741,1
21.29758327180953,99.6,9.829508663977235,907.1735725287982,1
23.642927485323213,37.47067060930395,7.827358077598437,918.1524223101445,1
41.57614272153619,23.08709011576758,8.654503593588274,821.5653587443048,1
45.29784658980908,43.05103017186802,12.689550495728968,892.9893115167582,1
21.438404031496752,82.19773684886256,7.187642368066315,1030.3428286048877,1
33.11285935486174,99.6,15.540777981434758,716.8642377367819,1
37.34272866046187,51.746783833222324,6.5477864040499725,853.3754624640476,1
60.536490277212884,53.82103922360037,14.222146648241926,1198.2884959635082,1
14.933110636140114,85.51113343528502,9.431992996464663,949.820287441455,1
65.38107409794034,89.60302367880892,18.414882527960476,1260.9232923243612,1
32.56850045997815,73.36145679583903,5.732202288403629,909.4776582016151,1
35.490331090412674,77.77460443014166,11.534721148400273,904.7281540849235,1
26.06531477458681,89.2185519678157,9.448391469311808,1216.3985952032906,1
39.55682178532871,54.18408328814798,5.620209990197148,866.5038915243853,1
18.408133456799877,57.66950894525671,5.382238153650747,1065.5614187965043,1
47.77569134245689,48.56635797794664,13.740861355822343,793.1996275164468,1
39.30987915453481,88.35349150736654,13.067952811776296,989.3009531020513,1
12.889478607162864,99.6,6.532967400880085,783.9241479597509,1
40.565723150419224,25.26828060474309,10.03271079753575,1230.701868981392,1
43.311129682548255,5.3,6.297858303991627,903.5066281051138,1
55.46055531719063,29.51341883774984,10.916855687857206,972.4382122592932,1
30.058012176545205,99.6,7.667145380398783,1071.7634053448103,1
48.68109105651029,38.21511223777798,16.49273326744596,1016.2522847611968,1
44.11083066863153,25.793955558704475,2.0927919902504364,1243.9457637301975,1
44.71201817351322,69.13856310174302,11.205441649686954,616.6644772652498,1
39.329228366692,64.47925827323941,9.928150226368501,1057.7274889860357,1
58.59383153735542,76.86845916664501,18.643844507971636,929.15915881384,1
58.63190522830635,50.28920724802748,14.354938687432972,1380.445084518764,1
20.755076950471555,87.29788872160117,7.1228843228542535,827.3799176247949,1
43.09097725936897,75.39300861482073,16.933260292487045,760.8544409214478,1
42.31326983748133,84.86755585540888,13.616564966121684,1090.345614615384,1
26.126946026694092,99.6,15.13242993769323,823.3477815855186,1
47.86469568325708,25.93283645403752,9.377563016671159,995.0146950911723,1
43.40976216940769,60.156359270947625,13.96470371879735,935.3879873135737,1
43.36415701108369,77.94409399362705,17.326917200154533,1122.8840561241218,1
51.16919010123085,46.43225529968837,5.185220888677217,1508.9522458692663,1
37.930990445516336,48.36287236618776,1.0432563700919548,977.8710580743582,1
24.897980672980417,81.99645148106222,11.548875466796195,819.399438187962,1
52.09540312577324,43.41445124166204,5.923079294405657,1156.1410157314058,1
43.42004823663315,86.15909220042103,14.345628353986609,849.0444262399244,1
34.48717149248607,62.65008047301448,5.3892331378112095,983.7061318320472,1
20.37921493657417,59.7767017474728,3.4051626875632053,1136.5762971985262,1
43.6475883577443,62.922234009721464,12.408493366354843,861.2382331818544,1
28.278989436088,41.74607047758013,6.018257851551897,1049.9179763725142,1
37.73355944334179,90.60358140448159,11.99420508447198,846.2621444043231,1
30.390620564677118,70.50934549503225,6.158539495011736,977.4934901420376,1
65.12643872226107,46.15891306547584,19.7,1017.5886373190515,1
28.488449205421375,99.6,12.757061143952232,1067.885936041121,1
37.20168549956633,32.50619959682959,7.840245166660831,1036.6741792481441,1
20.215292808175207,61.77011396030291,1.0,957.1414155808925,1
32.04187913247843,58.433281253878874,5.558956195119569,1003.6564054062297,1
40.84012960584964,53.66572348745139,13.489706022268233,1286.8848266812602,1
23.352790847323988,23.28837067405256,1.0,1215.6316962935377,1
40.59245742599861,70.57828122830009,12.718053493150702,1218.919663370195,1
64.03156741853562,20.624634838994844,8.681952467376146,1112.8129358269962,1
25.197643925819236,99.6,19.7,858.8886006682899,1
35.13568170205208,92.28890273061057,12.388025318399002,1026.7610389354275,1
53.628331304528345,45.06436295179027,18.93592438697987,1000.0522270161705,1
49.532729726149725,42.701765211024515,16.20265678391172,987.3803793975803,1
53.7717096555243,55.589002026925954,11.532138733564475,1062.9933039826553,1
46.515247636694895,76.45394450346002,13.210138865939587,921.0635223003511,1
36.68701573152011,79.89421472309098,12.392124463505834,919.6311440108005,1
33.970909719478165,98.63055223909122,8.993721652692612,1313.5412538175274,1
33.35302531735093,34.40051848974559,12.379122837777432,865.4208270563543,1
48.36585642771855,43.95832856757481,19.24369401013074,1036.8022167394427,1
30.22899126200157,62.71469504248413,13.674354164456213,726.2566120461275,1
27.386838298439223,77.45320026441048,8.605830833483495,1047.0673489128087,1
54.510048593429126,87.94872663451308,19.27425926768166,997.0776686918832,1
21.601684063083184,66.20290646454494,4.035385374468991,888.7277118331905,1
42.73670847976901,61.72023955421268,13.31838886970743,1183.2553753119432,1
27.49675944256417,18.834919634558084,1.6563183373811636,1140.9814945338533,1
18.861571221216753,89.71470770219388,11.228506061862285,837.1233794246245,1
69.0,69.16511683544927,19.7,894.2404442118079,1
35.65660926266004,87.25788633768468,10.399762653237492,1119.0776248938641,1
43.69609288271039,90.43080481041076,17.88536441193299,1148.891329867753,1
43.99965885468224,75.43659415457773,14.167655467012732,1124.1248227369465,1
10.428330892741062,99.6,14.58426987627188,957.1588724271306,1
43.389906314524524,87.74210616059264,11.583510327220122,1182.806288285654,1
40.64230208994259,99.6,19.7,991.4102703911474,1
46.79350382548572,25.779220159552857,3.120151580983534,1163.8082448157938,1
43.12527896199368,66.38052618886424,13.727747604211341,928.9798119996391,1
29.469120053261655,40.177899480869314,6.9231495469869335,953.1202870408903,1
7.537681872611174,66.36662226493893,1.9514920888973606,1232.1271177903584,1
39.2261690319093,25.872896154963044,9.85092791736117,667.7332187079583,1
29.951868972840895,99.6,16.24271862406071,1030.6931205542523,1
35.255175436948335,47.81223524589476,4.683491597605854,1114.7529847553992,1
46.36926589486325,90.73456488636083,11.73671358836944,1092.6687567864744,1
60.15338274651727,22.984439331324765,13.109428677028692,1159.4078360177264,1
32.38165821238881,25.470003599123615,6.920511377244937,1100.0301217270319,1
50.02368572095541,70.02300487011787,19.7,978.4530840053505,1
34.32727756271987,40.16012461502356,4.534630232797656,1138.7772488748399,1
23.075401426839715,38.56371345694373,2.46265429598569,868.422673400878,1
38.327998675395634,73.04273339658141,10.698231970054238,1218.2111951213387,1
24.14516767708879,99.6,16.705833494520927,1084.5128907057688,1
35.75585336670615,44.08439919646692,9.331838768360994,954.6240561360081,1
44.479977364119776,52.72555465228048,9.811948899798335,884.2331108308965,1
45.88008902350906,52.984581274857504,12.70694870365253,1061.8784686872116,1
29.343906105401352,36.56514184911194,5.468275678085063,958.4259040040345,1
42.75855364506508,69.48013945375199,5.964160255947876,1221.3992597920221,1
32.376189607439414,58.30426379548572,13.438877470426911,815.7114399026345,1
46.294810632923244,45.042363928988266,10.175970627313635,1119.1518988485543,1
54.60958987939749,15.161770942690836,12.348650095738256,1140.1206301628815,1
39.19738327493292,24.246547975360244,5.529778644329519,1306.3873112695658,1
18.999882979027344,46.0245687756193,1.0,1058.8970011828892,1
34.131869229488686,87.64636584102058,11.634476488821225,907.2417151668349,1
53.092638090456326,63.079452256532406,18.13864660147092,1088.8550378779464,1
52.15535326759267,45.061411980807264,8.103987361514505,1294.2144403365266,1
32.449112484411174,99.6,8.799851690463564,994.6481199756493,1
39.15883493280859,88.25513972059441,14.721681844860111,955.4397650443246,1
58.251459364176796,64.77415141619319,18.490550736779777,1140.5888765421396,1
49.317041360956736,5.3,10.053230481012541,758.1556301376061,1
44.29212368898376,16.239912636332967,4.654871240612259,1292.029009415575,1
40.80506623641943,70.92205496972831,14.649087383169501,838.4942123858148,1
61.042769551555686,34.292431452201285,10.847466934126855,1184.010378407625,1
54.64214380518819,40.90732119013862,8.672431782115053,1161.0462132332839,1
55.85886446745406,64.13780106033478,12.339452801417012,1115.5026548723365,1
34.76815090723677,88.7576983535175,12.694746767648713,707.217297210527,1
34.330202666237284,41.9497082182957,5.764121574233592,1087.8863593883561,1
49.576407149285494,24.389335715468007,14.437077425485057,1210.1536895560016,1
25.554343635707156,49.14074007781991,2.0022870872464384,1362.592952962475,1
48.9974709251011,54.1942067775836,11.95260776875235,1058.3066508256456,1
23.681982883858613,75.56223217493219,8.214889010217293,1075.7996925545367,1
47.718017095299324,40.32242890394039,9.074844908533057,986.5468643966179,1
54.09016084211485,62.7836303960461,13.615693449893957,1115.059646029386,1
69.0,7.986993124627922,18.700573608973894,1101.0675717000145,1
28.437994056597176,58.956466867603694,8.639341424544316,765.0568671563927,1
28.431800260387895,99.6,10.52653974192453,1125.7466434657945,1
17.953710280051148,69.79665654990845,11.305755000843599,1145.439104511079,1
50.14036546256435,76.70393498942774,17.42040320139139,991.8899257110629,1
60.867828090190045,75.29272185939735,19.7,756.1123301447742,1
27.255018553186527,99.6,13.598082079560472,876.9192174527104,1
25.341292939980015,81.09207601907534,6.909262141020694,1035.9907984075326,1
18.33845132264121,99.6,9.887311014804961,1248.8893153776412,1
44.698699295324616,74.98949244686592,10.647887948947151,1011.3966371622411,1
38.63936598821791,99.6,15.330010819245746,1090.0872543925775,1
28.6320085953945,61.387322247602974,11.846658217996376,932.9869636471092,1
41.11573863539505,50.242724780389935,7.999772263839132,865.2238904775988,1
42.01448486794968,15.114321523446193,13.221941677229776,912.7746709570224,1
28.03690931826338,89.15503531686713,9.460781194459,1254.592162597733,1
47.09100055114805,65.48843117075687,14.086214041809939,826.8173200365583,1
26.33704624541326,88.03438423752476,10.644182175216221,1255.680189285426,1
35.47583381124676,99.6,11.091793739441275,970.4851373794836,1
46.61638280257414,81.26049895332544,16.204323656408917,847.6282439968696,1
59.218017188922786,21.65856917959983,8.222495897394099,1120.2346245274673,1
52.83327576750537,60.76321437386819,8.874342284608291,1348.3389294984797,1
40.21408785268473,44.43887217827702,14.374347767520462,845.4714520600751,1
45.33610916420109,86.78306423414936,18.34469000878624,925.0484390234267,1
49.2643599679046,58.836211071193695,15.848907826889636,964.7747429951677,1
26.01417972534272,60.43438990532931,3.6241535832954455,1138.4676736515044,1
27.140976386881423,86.02274291494646,8.77467925209638,1261.7112535551541,1
33.298317265941655,74.47357205633821,7.399521374085111,1044.1971768897477,1
46.37430239688531,83.89750919854703,13.639806710285004,978.6999425609591,1
41.642613016504654,62.803951820148704,1.0,1081.044532777063,1
24.322414066528612,68.31254732767063,2.57092325790547,1146.4140897713523,1
62.25774260370976,23.12737195433263,15.507409744041752,999.3840975645348,1
49.21361553087836,75.9553093329715,12.528884640469414,1145.3003455965284,1
25.68367285373116,39.71296259023355,7.763369168275288,615.009374201439,1
35.01049240483011,46.402171997184254,3.794305898629869,1266.216519816155,1
21.49522707805358,39.84133178898581,2.1791352657980863,879.3966265282543,1
26.60712693006768,67.4354690382223,1.0,1190.0002912567863,1
50.65983755896458,56.934336063248374,12.227364678273311,1335.6207055723125,1
54.33898024636811,81.08518695943752,19.7,882.3113294542871,1
25.09516433367809,86.97374355836051,6.733278022056429,1175.1097169427853,1
31.26118736557705,45.992687617656145,5.400059173976097,1034.105411741182,1
17.700686681289284,99.6,8.558714523086458,796.7639227882515,1
44.82843066894428,60.60589590603635,15.567673685805257,818.0077870573423,1
53.620835952463445,47.254435412126526,13.135540257591401,889.833495862902,1
33.568188995002565,61.60972765400716,2.6897538749984538,1025.2856584938634,1
48.081342229654354,71.73676963329831,12.631293425375377,974.2451189454534,1
30.379128100846106,99.6,15.37373333048017,1057.9591349142502,1
35.87304684384316,84.26488360595475,17.110171345582017,944.6963370728135,1
47.926135683281466,38.89398347941343,13.634178754467571,874.622276967171,1
35.829534196617686,65.81433760653518,8.003731396582777,1059.880697460263,1
27.793659596888034,66.25328700562908,13.138366283888084,800.156420687664,1
24.728275521064116,99.6,13.468134282397376,869.9474391536709,1
38.82271625537207,94.26074206796997,17.7350962831846,890.7107516437857,1
22.99211680018108,65.41896040945556,5.0280764116506,1139.5057960338881,1
34.88763402347251,84.19195115185043,6.954188171688919,1134.2331536567856,1
27.59932186385913,49.121163222634905,7.440417519448111,1061.8747845619723,1
52.757470545891195,29.015308860905108,7.32618063626461,1131.5253097549537,1
46.55203798782054,21.359913362756984,8.773358575231834,1049.989988837567,1
44.729789304120715,99.6,13.52739407175309,778.5637170956586,1
22.906768203815783,54.20243154994915,5.662438046736046,968.6990568830879,1
41.502427792697326,61.03524398533928,5.9263706334712065,1085.364634545003,1
33.85092448333157,50.36006149938787,11.89476266863997,616.7294650617221,1
44.479796074491794,67.36456085363004,15.414993217799504,917.8224492566869,1
19.031325165619858,81.25508596624094,7.3831513875292085,967.0495424894018,1
45.5147031781795,24.099204072439115,10.399113139917223,914.323519862535,1
33.89805577041278,82.3047042162514,12.16600412845629,902.9827773008398,1
69.0,5.3,10.074531439895797,1167.3707295090376,1
51.99573332076455,45.56920961971447,16.11429855626315,826.4901533520267,1
9.221539689468777,59.5862286764954,1.0,804.1468191730612,1
35.14281922825561,28.63944072916786,5.877056199951061,919.9386917904228,1
33.753707174056565,47.004477225074794,8.986672253327583,1068.2472287256487,1
35.89481107370301,91.56772420374035,10.71586770132119,868.4214804570377,1
43.143749951934176,32.04325301843063,16.52521762751128,1082.3672361138783,1
39.61162465021028,60.01524171275735,8.859192531007006,995.4683576938334,1
45.92539263002603,30.372772006369537,7.141009034913874,1032.8964773293972,1
38.271654187385366,71.97996739520158,14.336590849672083,1163.9176873338427,1
41.846840150176696,68.53855034073085,5.548798938843923,1226.3266107219054,1
47.45553215229354,80.44403806904216,15.220522305909322,1150.0875714064505,1
31.48196215983633,75.07874703770806,14.702876687285853,1049.0089586713977,1
20.005760797479375,99.6,10.854873064343758,778.7268146675269,1
36.44080305978247,72.28428112479548,11.485123932667374,1001.3923891437245,1
41.78494911747704,86.03555451160784,14.29956542306712,1111.908565177261,1
48.764581499778416,39.743016049783435,12.875688991462518,934.1084666050409,1
45.14619720753255,30.95424062103611,9.543150292068589,879.3784067088304,1
35.31944172368677,93.41566758814953,15.163269309029271,996.200199264553,1
35.72214468324571,69.53278766167878,8.38693103307321,928.1219093121169,1
41.708208444001805,65.19551768826756,11.346820626972889,918.7305390035901,1
31.131940287278532,72.41007706155855,7.921142855145281,1034.2834268384272,1
54.30616283259949,25.205209608896432,13.33351036110259,784.3156221474769,1
18.047972035205955,65.53332195395777,2.7308804023644484,1122.8623563119063,1
54.34717140072477,49.31255007134051,12.010635192344044,970.0391474241956,1
69.0,89.59727280946522,19.7,1205.8761888383083,1
52.72760827569102,63.27056298942984,14.991004616538657,715.2935796766155,1
25.708260716484055,86.74146300854761,11.004436775452865,1094.0936122050557,1
28.17417471739314,36.2787453236855,9.309300733748922,1198.4001236276467,1
4.2,84.63742307035935,1.0,594.2966991013691,1
49.657131249549195,52.655483932658036,13.874797973050397,1113.5059922391667,1
27.88550147715284,63.54560829203646,5.93291450233321,1223.4275634878416,1
30.940078703424383,46.689972776465375,1.500655256484043,1003.2656016332683,1
34.763833487176555,68.95875865083036,13.724789569023757,936.7799265676065,1
59.94059494794373,91.56774558425575,17.876280119596505,1204.2606165220493,1
52.01604885355728,69.42199852483783,15.280088541849278,824.2731729259372,1
34.59686268721943,89.75845476731601,7.294876803183911,1248.81752769687,1
36.66256497471004,64.8381376743715,10.262750961964395,857.2376106990578,1
38.45861407209652,40.17038013285423,10.571322008432881,908.109715810864,1
47.52541131982754,46.908901799956425,11.686333766096883,1056.2442055728782,1
45.88080120244836,74.82555550107276,15.429222353869395,1065.9493525299388,1
56.40743983864358,33.26544319282241,18.347388640919107,826.8539319949234,1
54.31778054795101,46.25353167531983,14.165713627857738,1072.096252913239,1
23.749933841325255,99.6,14.129751937913833,978.0023593076826,1
49.36904096879451,23.9707419443016,12.516120944694482,1050.367758337309,1
41.966173779663656,5.3,1.3048891102706772,1357.7069409558803,1
62.29742562114994,53.502044004987944,17.069237731415946,1320.9240621557815,1
21.150137995594367,85.3533089880361,10.085115206038868,963.1678683742341,1
53.08011129755944,65.1039751617659,19.35300763445975,877.5828158307048,1
16.640933449468537,95.86856728451028,13.100884220845112,1065.9578800820057,1
51.24785463725888,5.3,7.193461524146887,1030.0517446774568,1
58.617877762053844,16.945712242164177,14.06474938347483,1118.7490472400814,1
28.059793242687427,71.30200620819983,6.441819503091533,1108.997036839306,1
28.900076176904193,26.360573761254308,5.292331100355751,1085.3327659270954,1
38.0226950006879,74.25505264517706,12.051043543185585,1123.2631199517161,1
47.105589906319544,40.493943806525735,4.990609915179259,1172.9190386636653,1
39.01653962800966,73.55080966218759,16.864364510703673,1164.5023612538953,1
33.19145244946393,84.48357731031075,10.229969770102027,989.063515723913,1
29.185891136898185,43.51476575194534,5.733414599151327,975.7072700255997,1
47.27728040009415,39.584407260718166,19.121239597540956,777.6467852080486,1
14.833016139251061,80.88714170398471,11.381834810138793,975.9529571401905,1
39.06647148548416,75.33283622811791,14.221198461263572,1029.7007355541323,1
37.9195183923846,46.92062596891775,14.368563953167438,832.1936524559127,1
49.41889320741979,33.13039121706078,12.093208860246488,1071.246462968351,1
43.365940238978766,63.15978325357412,16.209420088461385,1041.641449157509,1
13.576747186999139,76.16550852065312,6.242713901396183,1135.4164933264442,1
64.09751465195103,77.4786963071484,15.546473804739488,1383.2693434278488,1
59.753424287662114,63.03073957665639,15.091386323622705,1496.5721901226452,1
47.94295947977249,57.254487769864646,16.309195342397786,1268.9716915387944,1
43.10269317291729,41.931376488061545,17.13379423966142,811.9807784154355,1
35.50914688100767,97.27859755376362,18.79198561737995,1258.6968431751945,1
55.15874439329119,68.7811627894042,19.33743640970562,1054.8726710850099,1
49.98022550928826,42.55892967224013,10.83213093210188,880.8164777854145,1
56.991667434274476,59.79436465351329,11.606780126468113,1218.888510543453,1
44.373191230762075,75.1895997673674,14.849511458503216,1088.403911679802,1
37.48956668338987,69.3489430252599,7.9659956530073845,1012.7961461540579,1
56.846094791431334,60.158852247283136,19.395134386017254,1008.4758686972875,1
29.08045799991557,55.09347979743742,8.806820306415755,1157.3274092470265,1
27.168402054653153,69.31774481615885,9.65929284995891,1019.6883796203578,1
60.646296028586605,86.47529174175534,19.7,1117.5564281664633,1
41.395301582947305,29.008810371843275,12.004700843789456,1036.7024996324196,1
53.2792914888761,30.03041306118059,13.76545668079746,1129.0224928071352,1
67.48844105533936,56.96414197100581,17.368555371579838,1243.630386262047,1
47.5626190515935,78.19854286579371,18.076276657685234,958.3665108231795,1
35.20146566146906,73.8694197906653,18.624500417108656,1040.3530365182767,1
38.80675756461135,30.2035776567629,8.745357022981128,850.7281117500382,1
49.451490305819846,78.17695155485195,8.02444306783153,1385.1452443882567,1
32.28057426429034,99.6,15.427373031900924,1199.3668961906399,1
52.4583972862376,54.06861679112049,9.221045964513781,857.7698611206241,1
47.854198269324876,95.60129007177224,15.089176968711392,1289.1552281014372,1
47.14721434537173,51.14433270101594,11.364829061171339,1176.9842314419927,1
26.74857377007853,94.57678493828175,10.967017590388343,853.5163521001091,1
36.86715525525541,35.15072656155016,3.9971310346503026,1074.5579525894364,1
44.82546463501088,53.818544742992565,13.33312854534802,1051.8497289255356,1
66.6604796396158,14.612460448334076,14.57287392458902,981.4182512873853,1
63.495536559158275,46.69840373109445,17.33108835088857,1160.7951765604748,1
54.5475115582209,83.71266641811494,16.02905304227996,1119.3783627554385,1
29.182114797627666,61.89623467733425,13.435871782064073,861.5651731473245,1
32.04103938877742,76.33983323156332,8.441734984626772,985.152974692546,1
23.473699206111196,99.6,8.036945293201175,1101.1084492332275,1
30.243728171172645,89.44720561431973,8.489968615064196,997.5914608815797,1
36.54080874297866,35.53804122027343,6.914318433763518,1045.7123650285553,1
40.256561929624816,5.3,2.542106324812673,1289.8052407591017,1
46.49489555124432,64.20082971129057,16.557500533887854,1137.8548982052741,1
39.85658791426944,83.93114723740949,16.860345273259455,985.3018561151023,1
36.47407601046765,20.266934520281907,6.0419177421240615,783.4649950415836,1
49.4791489046133,48.658730490417135,10.412718859570788,1512.0912543278464,1
26.406137504091262,96.59397270678633,12.138890931364074,1017.0149631309989,1
37.39801646395125,35.29567258274383,6.665886599723876,921.6949388836289,1
38.92888940387897,58.311166152733485,13.238148167505564,1035.2321254367303,1
25.136109818321785,5.3,1.0,927.3751969771081,1
62.73002074359994,23.377575098247384,8.718981448233256,1601.2009332357845,1
33.47725329835261,72.3279623558138,4.8408599800547485,1084.734894797532,1
37.193479852253034,49.04433082750158,9.784201295937365,1186.682125224459,1
42.48323944307568,88.10538650793958,14.586824796589148,1143.2296295571186,1
29.655353174732227,99.6,10.872923075514768,801.7642316428622,1
42.905277124221065,31.325464825487025,8.732772233788562,1272.878649907459,1
38.54877039334745,76.12121674971121,19.41951165998232,886.1593370430539,1
46.42663248756976,41.401617434411804,5.074143138713678,1061.3893763661108,1
29.600360421504064,72.08436170606856,9.36141747836298,1332.5148005361957,1
15.763981749417116,86.82502986473818,3.4954018137055316,887.6396356107352,1
40.568293855547935,61.96360708351131,15.426615622115687,992.558769246242,1
34.99807730361482,97.53916825034358,11.249279911148339,1131.1023587175405,1
41.524339674123645,48.7183390633335,9.666836752117536,516.2140096714763,1
36.8013991239033,86.27022110056285,15.26889590772278,1307.8132657059293,1
42.31991154087987,57.274530514804866,12.993566075898388,855.7195296546809,1
52.90774030620691,13.920568214394542,9.47583105014802,1101.977188429365,1
36.146722023045115,62.28536822450597,4.65798479486981,1358.0749975751226,1
61.920968460097065,41.25876243389824,18.55671482104164,1137.027840637207,1
51.79378743831872,73.47672455043096,16.724132753357114,1104.5941787749941,1
47.38148800902837,44.83340892047612,17.101073525324253,654.1619519665339,1
42.00972852747661,22.460127325382636,1.0,1071.8216711031778,1
46.9638002166658,34.06548650869533,6.375195536966496,1175.3028739232511,1
30.764604608515565,99.6,19.45329329678934,1120.5566516529148,1
39.321551798228036,5.3,8.145210026384241,902.8922311265225,1
38.89919167547679,53.916417011592834,14.571571129667028,727.4776232708612,1
42.344240669438484,78.04094464202407,15.042878866039686,805.9346759038056,1
56.876410257219476,42.98872083921047,19.7,899.0365496138573,1
48.16856180404638,68.82798036165012,19.7,1121.0202154946244,1
24.93654812221395,83.15879894199533,10.835932158384951,988.5944530565037,1
54.94373225200652,39.87152312380449,11.873259297277801,1052.3964298180533,1
16.400583839392354,90.82998641891234,9.656281500850673,1327.7189231276,1
51.05096913005215,16.250829765616928,9.119560534180325,1014.0839466022601,1
40.963948375363515,65.02697398077531,15.14847094792638,1016.1026917524091,1
31.91970965301077,39.88743813143536,7.359753445011874,1001.9097384829752,1
33.961749399363015,96.93200391996504,11.327397296070504,1171.0140017732895,1
12.368763868009857,57.17206509007075,1.0,1011.8054482075859,1
50.750908478075566,50.15454317650243,12.557734621322526,1323.754380544293,1
63.16412328957746,30.170277421639483,13.980789824749209,936.0692266744486,1
18.070369819487265,36.19466028128089,4.436304793303101,960.1608205166523,1
42.61479393104964,87.07516329377495,12.584546203978253,1033.3286010286663,1
55.38252180406795,58.06051969547782,14.783591552831851,925.7163482423746,1
33.47049157666697,51.744871773298485,9.686141006565277,892.5398022023799,1
42.924420411193935,58.257863764429075,10.092590931018945,779.7624837784106,1
29.068678812206684,99.6,14.001659311830133,987.8302863755493,1
29.395984302214085,83.28211216602946,9.322023577619474,1230.2735464180066,1
39.615909989193426,52.60701108358512,13.757877529486636,1009.192366539813,1
13.777796904903848,98.23607533031222,7.461219135450973,1006.7584889084046,1
30.780418748435242,94.22673457316606,10.492284589485417,1113.702407713692,1
43.39458735181678,74.54710842099217,17.432496186010354,787.7853386124568,1
31.555895221649674,56.739230237271855,8.338508788566504,885.4316290359313,1
39.161969952802,28.558168261917665,6.901286174995906,989.0902485000522,1
4.2,99.6,1.4429624152652565,822.2343515509515,1
42.37342957834717,61.6604634253611,14.270863484022431,1118.9154980248493,1
50.45059687745448,53.842545147890974,13.553180345523103,1183.5325543723332,1
47.62028946299511,60.019426748567525,11.639982747477458,1034.1971964738575,1
52.16778805690228,37.36139902346389,9.954906207580962,980.9365456567402,1
30.27062019911248,61.76011487925154,5.533158980435726,932.4172559810805,1
50.37268206343521,75.09911316962919,14.00127581990793,1292.3188305496053,1
48.89342386553453,40.71203365128888,11.586364993184832,1120.081235684069,1
40.84999915630453,56.18617369276842,12.341435781764872,1000.8008938573868,1
53.48609252772767,22.729678540397387,6.609078502811987,1143.731643688692,1
26.002463044125882,83.07622572851362,15.529362011759781,996.7089696728407,1
63.217051039615086,54.57558152169234,18.490759105969452,1142.5269377657742,1
50.80461923558338,79.31810147638382,17.799406530248717,1157.8704592251017,1
46.37582443337947,63.46943852698695,18.897208376329075,872.9346503589854,1
26.515631112812216,99.6,8.545414845811962,1138.2496699432897,1
28.020272580738045,71.65469622466762,13.191151229152164,876.1039447921647,1
39.69202358257037,74.95938629621675,15.924190477335962,1206.6274397620473,1
33.93099212709732,76.00985022026146,8.156703947461253,1123.8818394623572,1
8.208311774561373,99.6,1.0,1002.4756965601547,1
20.74340032010121,58.39175021300901,1.0,1073.256628290506,1
35.92914318254776,42.86451843378819,6.300429083162246,725.960787759538,1
21.881938103056086,79.81055207214703,4.450996394691292,939.0840262516941,1
48.07381892961308,78.26494676669687,17.470328228658765,1041.649983239541,1
64.48711826562672,32.248297935304024,19.538601539320222,943.3625118471014,1
11.110787429562016,73.60778772440817,4.068761322302685,648.1225081553093,1
31.003153858371476,66.00668208841988,4.773569959904998,1231.275072380803,1
44.38154465817206,44.10340228519993,11.82891404300793,1114.6904937516604,1
46.98532982006808,49.383673423470384,12.842595522514838,988.5742790914709,1
55.48481705410174,25.692952088270864,14.913106395314005,1163.5603511592421,1
48.43230154885421,56.82219477076271,9.885552585011107,1059.5581116841754,1
42.31129220339666,88.51427312169095,13.693855063725175,1287.3517396051564,1
46.77075541006953,77.2507078492705,11.201029660898234,872.5839270712361,1
31.789750410246665,21.37846924532046,6.6460706569258425,952.0905955819222,1
43.59086110674906,14.863463514062502,9.74141666546232,928.0014118055464,1
41.55089341432856,99.6,15.119509341013575,1073.192694386431,1
48.4968191181682,8.125378170961746,11.783098908829114,1014.804533980294,1
55.263920527738414,72.23369989113145,14.381145823095466,1089.9185094389,1
28.462719261633175,60.00322046010611,8.01118650547592,945.4457783354761,1
52.62208943296794,5.3,12.075279222093517,1076.864816385887,1
34.51884936899973,39.44936461654187,7.153220017645852,1084.8301751434044,1
31.782984680460928,54.97961051805956,7.235950158608941,1378.9439987781627,1
37.86817213068926,99.6,16.979560629692827,957.9948948478408,1
47.111927604191074,28.824323820162896,11.417247208592622,962.4123767068604,1
59.93677188760625,92.92898370778633,19.7,1022.1158564720145,1
54.22700425715619,81.694628958599,19.7,998.3856438644701,1
25.011079686653634,42.62374327075976,1.0,1064.636932980533,1
26.091879793293806,63.72303186653961,1.0582386942697148,1130.0821843340136,1
37.78187827511675,60.65676128843382,11.119146269687066,733.3042861989703,1
58.605413272345814,34.074953228259034,14.814958754893107,1089.6882908080804,1
7.9358398526763025,76.48377984630108,3.0238067717100954,1083.0247926758261,1
59.30404751516083,33.397526853839466,19.7,931.7470096548642,1
46.814874398872746,79.73903023076011,14.7404014744628,1402.1957467344264,1
39.9737192292411,66.60224204940741,8.644754340399144,991.7151087878698,1
38.586838987667804,37.520739077658334,11.569604790611502,1249.6824686841853,1
48.02364176395375,41.51415733406286,14.436957103452503,1143.1554014724343,1
42.02728335771517,57.46064256160784,14.949318971992525,870.7352494952884,1
50.319264147706235,83.85621616810272,16.26720682030583,927.2923428948278,1
56.36642569148774,34.64034688524825,11.141816245612935,796.0382082663244,1
26.191056729118905,93.53175481628972,8.949125050429407,833.2831774948343,1
19.520115122241066,82.48847711725183,8.3601526508918,781.765545764146,1
54.148642108181406,99.6,19.7,986.9757521878234,1
45.491332653582155,94.66946441101507,18.088394771780614,987.6627741607997,1
30.632310363228513,64.75494819972556,5.100846150163109,940.054068492032,1
49.08123834998735,15.506972792964262,9.18127941657641,1077.5682245924415,1
17.122928955455805,99.6,14.597751283510906,678.3200398469407,1
57.292888744049975,39.52608751309278,11.895414691743937,1072.991692273153,1
29.771312704136832,37.33846096771214,10.199323334021424,966.5865266886715,1
49.89232346424025,28.98454069427006,13.457782401614397,1034.2762792549324,1
38.93879477322064,49.07929083779305,4.559455541886768,993.2514971381011,1
61.69332078620855,60.164681709259156,19.45008614277016,1193.3983806084004,1
51.36554309073139,55.5146975469995,18.939030714826917,893.2093785438881,1
30.463880120271163,59.16046705296807,9.888972626849638,718.1522254277165,1
38.067564739374504,65.2518938567399,13.896944787541038,944.8429028173983,1
29.623392262430166,99.6,10.287055144284071,672.1728660903589,1
49.07295374752256,82.49909957639741,19.335115256935204,785.0831941166834,1
37.13084483610192,45.12485787559011,10.985676053179997,761.9931410973109,1
34.050258085749306,87.75256645857847,11.518089146583407,812.0190638061935,1
28.485625964091003,66.39884880568371,8.45655790360125,1200.54376877261,1
34.4899385439161,57.47710296196644,6.806023648641155,927.6705919183536,1
38.73049944840527,55.05892473602047,10.565814623435788,1071.1162310521336,1
4.2,64.98370307206528,1.7751312919484015,1046.004902654172,1
43.32186144002955,69.33793319991413,12.767649510572973,962.4366189531625,1
47.81524313716612,99.6,17.52349764691738,980.9219428332078,1
23.399932404415992,65.72891709511416,1.6141135155708177,993.6990071763602,1
47.95722818120055,18.115876056996605,11.07672368494946,1137.1136387873087,1
33.20852927973753,83.61994699722862,11.892290037456837,716.2286786198881,1
32.99213048936615,65.26052570084421,9.071587333728411,1318.8489802062095,1
43.12741445113769,73.5455597121937,17.590177818769344,931.4968652797378,1
39.97650825077239,51.896414480308415,13.972883899254414,1099.3328368209554,1
43.972069792079225,99.6,18.860907976562274,878.7200655988263,1
26.580352904271237,71.72488089697683,8.148620840665004,1034.5658608894478,1
47.187238464440945,40.38682803705998,15.900940276552955,1016.3857410714004,1
30.903862449720123,39.78801778342485,1.0,1143.0919958294216,1
34.45364366967709,27.304757295187713,4.754315837908915,1076.0054541149723,1
34.97557636840665,32.09735938016078,2.064901052722224,1134.9259824722965,1
37.62955794846586,52.35828830896229,7.293257036893791,1205.6921337631136,1
59.02729384375472,86.2244975680277,18.95885484679628,922.3080100969014,1
53.329317283337616,71.91534004553556,10.853427049629923,1014.956078426561,1
31.24197060075698,33.19103747479736,8.33344075221165,1101.8105365687945,1
30.04809870651252,90.75476034237325,12.002544768580696,1147.7903179115501,1
38.45637807746144,99.6,16.656963345966634,964.9357217123888,1
41.389187027036925,40.65312359542597,10.622894354106597,951.0495226264525,1
40.25322137417274,42.066452704302435,9.257454079940263,1011.6240408805979,1
35.7768315931647,57.75528259156067,9.75929498065983,1064.9957291533215,1
44.21391011798323,24.745865436368334,6.803417613422475,966.8608376556502,1
42.83140424069397,99.6,17.849685067679612,891.9650763223965,1
37.36440235595302,97.25509791253529,12.371966664101308,947.2537086372921,1
38.64220971329663,33.41550774522635,7.0994034079668,1097.5700550529189,1
18.081556875970993,94.67225468367248,8.611894785970641,1107.3883060004732,1
46.89614422228965,40.88917672771457,9.56076879504747,1130.6183309522223,1
39.145141703949506,83.03327166797094,13.624827832960037,959.3111558319781,1
24.867065893982126,38.80959081250536,1.0,1099.7499318189123,1
35.93762924070289,99.6,11.721513600609816,1275.7085453376897,1
60.128825652354735,61.79966077024069,12.133096996871645,992.9933244257594,1
46.6285153891057,59.43862814921347,8.052103215510037,979.9238836181638,1
43.65775300439219,26.84813626926214,6.310348911543584,953.2604655213739,1
21.1080658074263,96.82732404235318,8.751431904373897,1018.5016256617267,1
38.053700721462945,66.34324058607406,8.31614710254733,1290.724186584297,1
28.76059908180495,93.68080252076092,8.415510392934944,1066.5724029028752,1
32.85002986312207,66.71065112899406,6.175758841458412,1349.235162242599,1
34.87997958436453,51.440685913856434,9.264324956155146,763.0370084957215,1
42.04113611037737,69.00238008878998,13.938234748563143,1034.9005606176074,1
47.60474741659496,91.29798601600683,19.7,1165.5800442165337,1
52.01041469208439,55.74517622783586,16.578019390148512,944.5433564710856,1
52.56176603422742,57.28385491971973,14.966606661400565,1041.893521344927,1
30.461710664345304,80.7968093325037,4.787691636414663,1088.6816421910003,1
53.24147493971806,45.41805571038269,11.521266401859506,939.2389473768903,1
43.717066010759396,53.54052408296487,12.447202553667633,1058.0125641625934,1
51.96987946057726,81.03534978225086,19.7,759.3012351930422,1
50.76609263476037,55.21817746701739,14.791963553266722,771.058029446453,1
61.79734563380629,44.990147891267455,14.452125287597973,1192.405401829154,1
47.3492725252741,57.203003798849096,12.577473201577996,1175.5607721290323,1
28.11217983776885,87.28273458696509,9.617472815681129,1021.6447474199836,1
49.404326798661174,5.3,6.042594597506833,1172.583056801766,1
48.13215800086108,13.04151871248041,10.759824040290178,811.043908400337,1
43.978042207389514,64.40945052652647,12.270016846251057,1173.2224723747815,1
40.97803781631891,46.382889788369184,6.249025248674351,974.3460132048749,1
41.90196062679554,75.35703038601997,15.421472601221833,1165.907722595951,1
30.820716418784155,67.76031604188553,6.714928930330365,1199.7762069074338,1
35.876640837822926,65.4407793870238,9.681576546532057,955.3995948319597,1
34.3958059151338,99.6,15.1378313895217,924.7078784519712,1
50.096984707440555,21.547079617367153,15.011882443731984,943.7467853641467,1
40.646876970742,22.63631027168627,3.7537094693683093,1123.3677550646798,1
32.57756333247482,62.059655221161734,8.145343882468454,978.4973259648623,1
48.73194809434963,23.363223247928275,12.064975153128257,1070.3246053190985,1
57.882287414543796,16.88423732030305,10.033016173236163,1057.7944975279067,1
15.718387798894124,72.30447831007814,8.146087667253907,795.6529438380109,1
31.2334354844564,99.6,13.413011990532066,1048.4575339661,1
53.00262511306058,20.60050264356194,14.31143901679399,848.3599766650393,1
40.417033232747336,32.57938773323944,2.7523252646843623,909.1175523254356,1
35.99507252067884,93.04366472128501,15.775997828400563,1048.3348002121734,1
43.07977993993996,30.0131737494708,4.93700687027734,978.3128071972917,1
50.359483799597854,54.48879085746182,8.491915596645146,1403.684500195671,1
42.0582106569712,79.38780084442828,14.084397665712348,1280.6297914373044,1
59.26187210601621,19.365667307461862,15.650736502191464,995.5084893162737,1
47.87588672594214,42.98192277435656,14.87319964984114,1017.1740640329059,1
36.415418278533274,80.57037359690536,11.261792455972643,980.3925552231981,1
32.93140971288953,94.43043988808418,13.672639738717107,951.3942824452149,1
38.79407406693043,22.936806940399066,6.5238476572468995,1019.2652616147658,1
38.54320368182613,53.31339620016267,4.204515023473427,991.9123553689615,1
18.95793939717046,99.18684320143636,7.575175681702131,1070.633072524991,1
41.86777601145699,35.999351466664415,5.271407534390505,1053.4005169300133,1
58.882228683493736,74.20977806912659,16.224517754087145,1035.0828905065873,1
55.74500800016488,66.95527856066886,19.7,1052.0185291654261,1
37.03065086650388,59.65915692296056,7.2787831421840785,1039.9710350424511,1
46.863852340370535,73.7659499679971,16.56771301904606,955.9259319525788,1
30.846047579400242,41.91280328824637,5.557811997264423,800.0703929861894,1
27.6957561981863,13.70067848810639,5.336501244614572,1264.7276215840031,1
48.44701589753666,95.25146979764274,11.768547812926467,1075.2957116062641,1
50.463602526562035,17.38616279716802,10.57027705417422,1040.1637289369057,1
10.448678311129477,69.7882762141932,9.407891522750758,818.1229630806798,1
30.12455549251926,75.78091971035292,8.03398623362969,1044.5961481706797,1
36.15428825852136,22.13224826253679,5.093164812172352,1198.303004987854,1
36.062704744917966,93.31185060926127,10.387077565551907,1214.9749357095666,1
37.174343865224245,31.01747340661135,10.761254009805178,1075.6685525661087,1
31.995079413510634,67.78841978962191,9.527387996358767,1173.8321960855117,1
17.844981230240283,48.16394844222456,5.255009969973577,794.2065588274213,1
35.18115965994963,71.49899265663896,14.065964889515346,864.9225920763047,1
40.148125717638536,43.44010159588986,14.639977582289568,781.6980128165765,1
30.346953417838165,95.99505264214925,9.607576263588186,1354.9000629282502,1
33.625308641468635,59.58355312163878,6.669906525000642,933.5417338392486,1
28.865255448589224,31.897345874666573,10.847856247916557,938.6340095713861,1
58.75703771273153,57.44529409586933,15.18415524434839,987.5252993927861,1
52.52654314629,33.31016983788983,14.337693015705915,1053.1821600478122,1
36.9980749165377,65.88563098714656,9.212506975013039,1024.9122088013728,1
35.53004871822016,99.6,12.52065315041192,1089.6527955171543,1
36.22666994204511,47.85650566491352,8.56145668402963,1102.154719412581,1
44.79311651227108,47.7390221922347,10.464871266109533,874.5895899218604,1
25.98750549131082,42.95968930453759,8.338528212062515,977.5519029236401,1
32.65005140782213,61.79998854412049,11.382727270003208,1106.1810844945724,1
52.732717696181176,67.288152038704,13.398434238205938,883.1460929444484,1
53.7928720836276,54.594419628720395,15.056105829967464,983.2822686879963,1
20.749611021179216,91.791083086141,7.193522461852831,930.1764343242639,1
46.465053440175616,80.01524449111282,14.602156909075193,835.415958991777,1
40.65079803328787,72.28024765765983,13.203795497320996,1038.9941065909456,1
59.1897141965411,66.30421983011816,18.72304222528777,1050.096689295054,1
61.245893670747826,19.48766326585703,7.86306146130241,1037.2757881095956,1
53.39296307143497,55.23018152144296,10.46965174369783,931.3075595501354,1
69.0,29.88212021371802,18.072678110380107,792.4430549057608,1
39.66153614085388,77.88664605581849,13.04097592855706,774.319030252091,1
23.827558431656865,99.6,3.645440241487253,1193.903748564131,1
61.547076876336405,40.60055023582513,13.139482503848262,986.843725027288,1
46.17644171034877,49.388469297060645,16.35345063607798,841.8227844706951,1
49.39187365632311,57.649294181835636,13.31847448988845,842.8451745080165,1
29.554284879510206,65.54464138094485,3.5171447204582433,981.6785620028952,1
50.90529289486131,55.510490341150785,10.695875438729407,1249.2098957515586,1
44.64754665934408,58.30793890017671,12.636986159689954,1290.5367286920787,1
27.50833677587466,63.162204134536175,3.0871817102982355,1014.413857056243,1
40.68923513713837,99.6,12.951125519193079,944.313841152566,1
39.31679118670614,64.65107110336218,8.301759686045727,906.9535505012364,1
33.61611280599365,81.46028071780923,7.655209870063542,1069.962056017587,1
35.870626531892896,99.6,19.7,825.0132882486598,1
32.3873686272411,96.58798061828023,10.294299767296826,1090.5080737085982,1
5.784431010818231,84.83404017531306,1.0,1151.102843897814,1
46.68394756466648,16.69558796155981,4.4968563999716045,1313.8062008383697,1
50.61829815408073,42.658392472222836,5.761380409663756,1164.6471418232695,1
15.99381331322541,72.47489386064036,9.652173495421785,756.118209201836,1
57.159322404115805,33.4838692728826,7.057544289061752,1174.6767627713557,1
48.92987920503208,50.916677446807064,11.439502044584506,1088.2373081356402,1
47.04913751410215,61.590587470443886,16.322424180764415,852.3984937605493,1
21.378368948228708,99.6,13.361506337126862,995.7717353309043,1
52.27780377878059,38.21830502870598,13.540138715019943,1021.1483657743939,1
25.265095587204552,44.398927054566705,1.0,1260.431690450552,1
37.88217465175282,79.87476990331741,8.275994637602741,1139.117727497755,1
39.47114378635668,38.19304618194411,3.275846184540808,960.9734808640887,1
33.38728731969538,35.31179908915725,8.014208696193698,874.6857649190031,1
24.668703833870254,29.797452673401715,1.0,991.376936411558,1
40.19015518270587,65.99456297616274,7.658379260380251,862.3824075930961,1
41.91098853068734,89.62924929948329,10.888558392876996,1067.670355247165,1
39.6258347480189,72.1944664322254,6.615504849894239,1092.233458659928,1
53.65931211292076,50.73832749760808,16.332581049460433,1241.7948680014847,1
27.56007104783545,42.33294375496344,4.12726598122579,990.6903094639698,1
40.8200242197837,35.70855827076962,7.459773502670968,1110.7714772714087,1
35.58085938535939,69.12468853969862,11.503852039367468,815.3394235955502,1
26.967147271458995,55.03881844431433,6.601435105742356,1165.3563744589253,1
35.071380767475965,65.01915369491807,12.008020333542072,1020.0197615605655,1
33.114521166479705,70.59077981045343,11.607199817518294,933.0990218098354,1
67.3780943563893,59.57660790165309,19.7,1175.7100365657843,1
46.92716977208742,42.52737157137017,12.696072698389697,924.9316728373025,1
44.7247824655881,24.62930225605313,10.230419821214882,809.8883310474516,1
32.21127655259274,99.6,17.868599729493226,857.9476379308,1
56.91908573035482,55.68467998150649,16.48018112015589,877.524306913337,1
53.48122301585664,53.41240559860293,10.847016586316306,1113.0652428241801,1
56.051912758835364,25.72776900202571,11.189690159772633,1334.7146764268896,1
49.68368477094802,93.52186401413944,14.339462939941633,1025.0719963590525,1
51.36593907020203,51.430942499925436,18.31057504399315,1133.1419513558947,1
42.23430886138854,40.478139515944115,14.942408753483914,869.7924218209209,1
38.19291043606116,61.42296407825534,12.295515779683075,1057.41717259248,1
41.73954378315934,76.23740061756166,15.511550932257453,928.8586117274092,1
54.53242991275244,76.45966023939475,17.17157116738103,916.8759448453956,1
62.263970193278496,15.259190575018977,12.565422065821272,929.976484179428,1
49.6835844997077,23.978708182668676,7.074331396942916,1082.671408852452,1
51.39341852396912,76.01672530503545,13.881045708784413,940.4724540345638,1
37.343092722670754,53.1618015505087,9.870130674468127,763.6087269567843,1
37.80054818265032,53.512836859770815,9.97401153439496,980.5788320852793,1
49.92841718941426,64.13776360726457,13.280909410721693,893.719612405417,1
46.882008235652414,5.3,2.739978778425977,1321.7017871063679,1
21.664632942507083,75.80741142905936,1.8851007700732172,1067.4024281438305,1
30.370131257079464,62.92349187450607,7.722157303015916,1007.5159882056223,1
53.9800974013002,67.75939384066349,14.911202435250727,1289.0002943829618,1
37.1986064578472,99.6,14.875703669383782,809.300335060957,1
46.76987547647608,40.79002961189062,11.926082887941263,1081.7114646195594,1
35.017835713607624,52.869371402983035,5.653225193747591,1118.7378191058156,1
27.2952574863279,59.034520270710175,6.572635448327872,907.174774764206,1
40.10266929839855,63.18300984281726,12.243830136564258,967.2294075227766,1
18.0927386595082,94.12065806333544,1.9664663737622767,944.4402417527157,1
35.46956783368411,61.76000815418354,13.728861141450508,1127.709281502143,1
65.80971524005342,76.99156564936324,19.489999931204064,1303.968089074551,1
45.89865713452782,17.590324376554904,11.687127229795314,983.197981582463,1
52.19729452958311,76.92968668759774,17.825582485286947,936.6906104260735,1
51.5108849212692,23.746057424604963,13.152454808129132,1248.5814530389298,1
40.62774833786719,52.950290593071,9.705904049656626,1096.7529560237376,1
54.90672027574169,52.234622177883644,10.757088209750979,1089.3681586784653,1
39.08594904576244,42.5949206872878,14.778792476477054,837.4067221908141,1
46.97144100323321,24.669580181873563,6.006536827650877,1064.4149442044836,1
41.984197436639256,36.85507785867954,12.760004428384454,746.2332762984985,1
69.0,43.1738502155047,16.420871245931277,1084.644920453365,1
35.61525623145292,69.61092778421144,7.045043789459599,877.3641628763872,1
44.94306555210526,31.852621640498434,9.743459749258127,746.1620078204146,1
35.87251066891593,5.912832461709549,11.284068007798151,869.1944326334424,1
51.09657858067678,84.86537998760706,17.554696748304075,1163.430594532225,1
29.00370706528627,63.855699833903,11.507718110848211,998.3530140089067,1
32.03844947411924,74.13984796901102,6.961845116656817,1254.39921678188,1
62.34766627060728,35.00538582066737,13.852265671921284,1144.10168342565,1
28.297368580125916,76.21661902971266,7.190273766526704,975.4443824477814,1
28.21432637803882,65.28690445765346,10.93699107698135,812.8356384847675,1
26.847544528349772,99.6,12.043927062251532,1119.7324881154643,1
40.88611788439626,68.70370299187196,18.56268527501838,941.0068614445946,1
54.45988946726032,40.44369454462855,11.190337974334383,1245.7170896936152,1
29.22670447261507,81.47712215155418,13.49067953811596,1072.6588124931434,1
50.384660527722104,61.06823770588136,16.228397552766573,953.6963673930803,1
37.974210799735665,75.81082031904944,11.833968284726337,700.2652401977139,1
23.17038619624586,99.6,10.175124989319112,1099.183567727726,1
60.56419104819166,40.74042523079983,13.083024320874227,1266.3792660914817,1
46.33528525658116,99.6,19.57374250695924,804.2357813440342,1
24.228466645159774,99.6,13.08539311373399,852.2687570380756,1
39.93363044037901,34.927687707658166,5.478961426476072,1334.1866965942638,1
42.702614152388136,31.90270337573728,8.383534790260661,835.8086813831296,1
36.37881090730854,60.02422598880095,7.7999226177862875,1171.0107059365182,1
50.49248416458552,23.222840052587223,7.371352135774215,1354.7317863618673,1
69.0,26.267573084864402,19.7,894.6982622504146,1
44.384571473846876,45.267530573720975,11.422089142961486,1239.0426985496188,1
36.276084427223935,99.6,15.901257604446254,1100.2547381790928,1
20.847407501051556,93.1306599874772,6.857587072583216,872.3779643032282,1
33.97916564192626,75.29884737096852,13.43244738143599,970.2684872826508,1
35.44642437915556,77.29286287632873,17.410979686343666,1209.449786567222,1
30.90478566248486,5.3,1.0,1154.028606864827,1
39.41238271756945,80.52729789632272,8.174491160696807,1069.6314131238173,1
55.54546374463132,21.51296614187232,11.019578959599768,1035.4375479278829,1
43.34877840972546,48.20279309528168,9.41603900777089,1280.3885948145482,1
33.73949676951174,68.14466426554927,9.316586736645702,1057.3682723606976,1
27.60389399410576,53.50799093483567,8.39393575231134,977.3018666570039,1
42.11700256553665,18.790403572633437,11.314153545895087,995.1288730400942,1
14.448927832626513,99.6,8.604845678883269,934.1028398472093,1
45.642855331272294,54.24447975089146,12.657694186121141,1032.2468035394545,1
50.14047517524191,25.93996298514722,8.862219770312901,1113.152843102565,1
41.5380421710793,52.24763519326814,10.884087361068099,1163.6532525836571,1
25.972419737400024,99.6,14.293247349525409,1179.767223278822,1
48.05764059466944,15.773087552576449,7.912824983078769,1178.4685388810897,1
23.599727845219302,97.09576529005338,6.6037809322468854,1084.9887787848625,1
69.0,37.30084131972987,12.82537642054298,1141.2349564826727,1
36.817629164975784,52.450499452717,8.013739718751093,1027.2724684390253,1
36.49046140738458,71.91884900354661,10.53565382730957,643.9683006954767,1
31.20773196103265,42.71709675574636,1.6661172480255626,1005.8862878655384,1
36.75027119439402,47.62553464893237,8.242250720854667,1061.5168930768666,1
16.49212925637547,80.97219389810674,8.794025028927768,943.5066742078,1
48.93590654594357,90.93752404919971,17.855708919566823,1227.1102952057222,1
36.61269375262484,67.79770494582775,9.21515693775074,1218.0159408360119,1
27.994998393863362,90.01311792113539,8.335678737286681,986.0766193456092,1
41.22315127318673,54.216941116598434,10.371309021057426,1073.3427516407633,1
41.746742082656745,68.96638725645069,7.4508640810503675,1137.5733415059217,1
56.7759495411879,52.35392400168254,18.58002966702915,1093.8462298018421,1
15.713995801321577,94.69389600001372,7.10240669566628,834.2185349109284,1
26.063796604019004,73.66627696306686,9.251097056955924,961.9347956589229,1
52.266303395066544,95.12656190220603,18.31821006629334,1147.2278496651322,1
44.82665191200096,44.91678936517492,7.7107348242528015,938.2027475711217,1
53.38738714072553,29.75414807772855,11.847287708032354,1126.7148106422787,1
48.8787027070301,51.28034313129393,15.056221662493094,1186.21589935676,1
37.823441215109185,76.5189040735122,10.74256321211528,908.3530864212054,1
36.6554901805376,82.46058417964151,11.840300795985135,1238.426354221803,1
27.92709600530438,68.01373925125759,7.997998501365432,1002.4751618474662,1
69.0,99.6,19.7,918.8046869306027,1
44.56519729149015,65.39299668554872,16.48566385510881,1238.9517536312069,1
30.620593273015977,55.638650201009526,8.72494995715423,964.4806413639984,1
59.26067756725147,33.49268635538121,14.881917185562028,1092.8950172123914,1
41.44907012072207,52.772034148778616,14.328026876980298,1257.3588552776716,1
31.36764074797189,73.95795640885557,9.145264692676115,1260.3265957026279,1
40.36976729719218,88.7414432933735,17.838418242890324,997.7091843410344,1
44.82511076773167,51.605598114391896,7.809827072907455,1032.1611112396026,1
15.960582323543296,44.5773474158224,1.0,884.2656972862262,1
28.841693847623553,97.97610316432262,14.763907904897788,901.3243093949436,1
51.08622603097126,65.45225183249264,11.082224684578666,1336.2578176614427,1
46.720837037034656,31.402415878274745,10.92575871220618,966.2295669216063,1
51.30783541710132,63.393693682056245,18.283072786102714,1007.2324539456422,1
51.1998273094746,52.738270321828956,12.499366941780078,979.9068685159752,1
52.05318260009615,99.6,17.587990767738862,1051.331547374676,1
47.79070635793964,82.35202512048737,13.577939366640331,946.0311879639512,1
14.407970108197663,65.83948622295881,5.9021683023492155,1093.536061026659,1
56.4185171902342,33.131368856710516,10.42794383429075,869.8529833740977,1
57.29521222643265,24.679620413644102,7.9766211105026334,1190.523322698821,1
36.893863642151636,66.74559660540494,10.873601607159651,1089.535808164437,1
53.2489364967187,42.754140554437534,12.1196815846591,1148.8247301509018,1
41.18659024283709,80.96983294270709,15.718664926024594,921.4080690835302,1
32.30580833388517,69.0671871373666,14.777695810699697,1153.8495280692396,1
36.47203971896278,48.53233785558357,5.6539239074735175,933.4087933220444,1
36.24010127379151,61.714033733514746,10.17948956372595,1007.2475531796017,1
38.2591052306576,70.72881865067077,7.887420985787152,967.5552667003982,1
44.96129956579645,22.152566577304256,8.1138850581454,1072.2720251783105,1
39.56406726095913,99.6,19.7,739.6688218555821,1
51.98765314650519,70.4143748252583,17.160325565630927,1017.5707886161724,1
35.144488484294456,92.59825566559878,12.01483856512369,943.021502200698,1
19.009505470006662,89.72179846643873,10.05180954640941,986.6549299228183,1
42.29485037275005,67.33771162214136,9.603698029399485,1079.249462407117,1
21.100420942601616,64.70147175934562,7.639813107338897,1091.6303997228754,1
52.66570837321619,54.827581480405925,14.9999173952918,883.6820978800438,1
22.219689012085812,95.37657118906802,16.57442659204142,879.1481045726591,1
42.07410189838197,23.379783103810645,11.46921909268414,864.4137192564739,1
38.71039551839024,37.161761169683196,8.264086970180614,1132.3927948329863,1
36.4174154629781,78.40147964187065,12.906335257437345,826.7687382077554,1
62.29321472377538,56.88532633820219,19.7,1179.137284714389,1
47.03514576149456,77.5170633616303,14.206108570345764,1017.608864206326,1
50.300347270059255,49.00333471163725,10.962169573997253,920.7361586964691,1
34.208158605203785,82.00899625805911,12.103589298324838,926.0176126591007,1
60.01642629262131,41.37239554938688,9.761219896438256,977.1205982245692,1
27.02773133288284,6.58569236893571,6.11329297004637,1109.653858709702,1
58.11340984477259,99.6,19.7,1053.8514222143249,1
37.83476519321745,23.62780431707172,6.809759108685905,1054.0622535594377,1
33.903529163567335,85.8240575159055,12.87060051386299,1158.810698450637,1
26.299044655432013,88.93550000741283,10.956437500483746,966.0840573619603,1
31.236967118173965,80.12017452962722,8.413842571703354,1186.0026391184458,1
44.739402227065945,50.8728574526037,12.648840424859353,785.2789042186317,1
45.936363071561146,83.12621647308875,17.306029468992232,1015.1629452964704,1
25.120193134598857,43.143417553359555,3.223516391637233,897.4376568973194,1
44.534643710675844,91.03118630853508,11.490640778001266,772.8468909575919,1
32.647406413828605,73.48717358749322,10.161106312350496,1091.8913135759237,1
46.829220158152594,71.76548382199763,7.8036933600417075,1204.084058398448,1
22.385260491027,78.2592322801886,6.71723275570418,1172.620585960777,1
16.341568864315988,99.6,11.842782398386621,925.678930879976,1
35.215205832055,76.7823905811992,11.275350006665226,1325.5087492795676,1
46.92938957291301,70.01063482173541,13.842464008261942,1126.6565507324779,1
22.959527285079528,82.47616415781187,6.176673480492059,844.8893745314797,1
35.64519435839346,35.658349902875436,8.718372511590077,1151.955550102455,1
31.75498127128366,70.6879121572464,8.239840382457503,1222.7929885245194,1
51.73087484954831,48.24433276863447,17.953415000343973,1185.852300513795,1
24.66041275463065,44.25579097686373,5.622812403946827,792.188675534734,1
43.8944063174923,21.50872679779215,7.884241829239684,908.9613894652133,1
33.89429646636071,59.37438343317527,10.196425505100237,1281.1661085883177,1
58.85721238325671,81.08771903317987,18.005626972077867,948.584301475881,1
30.74225163421376,67.76680760288397,14.383696916420327,1070.5882826363566,1
41.71731878466099,68.02017983582749,12.648006078946954,1006.0305582115279,1
37.73140361549318,55.98370872359858,9.569538203293323,1149.2049283994186,1
60.84548191892205,53.52430957383767,19.200595350112906,955.3428788966966,1
48.099276087270255,92.64008283779896,17.573137678531488,1125.7295524349113,1
27.899141794075078,99.6,7.120874770556497,1058.6824103806148,1
29.81883073173017,52.77832118265319,12.26743680797212,1003.6221409038976,1
46.01093172071809,61.36360177291368,13.061864069018814,1229.8445004683626,1
43.91466267255223,72.59601183320686,10.125156043620109,992.1704163526988,1
30.493764025653633,48.445424623088385,6.348122368539431,875.9510079504719,1
33.10347605867509,89.66302736897703,7.897977372196086,1123.7893206010906,1
24.61971418523298,98.91116887097532,16.142577491284264,746.996632348692,1
51.95219392266466,59.77081132610253,10.910384223551128,934.2290976023603,1
52.474074556703215,22.359972447457622,8.066650139413138,908.1411679369209,1
40.802319140741595,84.64654470152487,16.446383301911315,1394.6957139955762,1
45.398213428749074,54.95481882326553,10.778466735400125,923.144469825677,1
62.239180967561964,62.291263194375645,17.35018336102294,812.7310119772819,1
33.291932229995446,74.10054086605828,9.019377678177777,1153.9457965382123,1
53.65594235123372,26.117535744223154,17.314133793665135,1035.6132438720583,1
45.46038242953303,58.548798213667425,12.216626543629003,1125.4885601594312,1
51.047907970949765,51.96135623980312,10.465539952196764,957.4181701728037,1
25.5151116160255,77.27513453282609,5.025790946418246,648.2752630544538,1
37.48730155510259,64.33827333294462,1.8585120666140345,1066.7114711471174,1
31.169396076058398,92.84997426982359,8.293989950306713,1000.0098030080753,1
53.124590747204245,69.96659616443327,13.915734466656657,1153.192111789744,1
23.217063226638814,99.6,5.404841979069392,1204.853461283578,1
52.39977205790907,41.96460905443139,10.256623710398044,1051.0923380911447,1
58.98362765446848,33.43430135660883,13.906763192640552,989.9829679674748,1
42.74121195947666,69.94276291180213,8.651631699529021,1285.318518036571,1
32.16952241770031,98.96788418849886,15.13022718618329,1093.8289107358055,1
32.95056469442193,75.60654417891935,12.897897214007758,1189.9241296725381,1
39.91579012226753,63.405602781009705,9.54928300799529,1249.2926488040719,1
31.769201206104825,41.09185049510894,4.428619384163194,1397.2152820344754,1
19.47153878711206,70.23597736802378,7.087332187267716,1180.139572624778,1
48.32754845932874,53.91399425547838,12.76385988646584,928.0735373155825,1
25.601978266841527,42.87183420013413,7.657524463333543,1036.3548651831252,1
36.11283352692314,51.61254402987343,9.347711849704003,1238.1354703662303,1
69.0,5.3,9.554802220640141,1118.0263176029548,1
60.646805990295775,5.391761720281316,11.179496907796892,988.5837414813476,1
40.977266075254626,63.92899582191144,14.11996411889621,862.4849315083591,1
30.48299330352618,30.833499489297097,5.803030622068602,983.4294677026703,1
35.30078692893052,54.94912383652681,9.128120228174488,980.6928448143619,1
31.11008448130118,25.954149427000196,1.0,1024.4651826920092,1
39.8103500416543,80.83968674229104,14.118634757171911,1023.2628984538442,1
60.4548393941243,69.54640834258606,16.024716274497184,923.6085896667012,1
9.966316674251846,99.6,11.19088897307466,890.8402194335366,1
58.8874431031775,72.72841642157152,19.7,826.3492542239533,1
49.611817830197595,39.128921552711034,13.045442865990585,832.4179084168666,1
27.65630491044447,81.57523793029713,4.905273211012872,1105.1355762556138,1
53.15056279874535,93.40718386413883,18.23375402549436,1159.1853939408932,1
52.745903447533166,70.9033211190069,19.58100925393798,849.7018192807341,1
37.862414966390695,82.33628276212634,15.376173089562393,771.1553340937807,1
48.13057829170839,80.45696254524512,18.820051526113396,780.5865204482503,1
43.87853375282821,63.20515709549756,16.066975493062536,904.3024056948917,1
35.70019281550135,83.53506953165262,8.133772600774765,945.3940474121341,1
42.26481903925504,70.45937673240809,13.066022112747152,921.4221355341679,1
38.55543523133564,35.763595020348745,7.333354398439683,1018.293965841073,1
45.581205124943736,52.37913333637011,12.04518348889947,909.4957936879351,1
47.854005293931316,48.1831795282603,10.779468295914143,1046.639140960675,1
48.72100393324966,39.75190389136991,14.875225942382794,727.9925151393704,1
39.5765279627306,50.21705986502801,13.347304046452365,1006.6778709843461,1
27.363846427947877,61.445817565457624,7.812674326702632,972.7671306327528,1
42.79025554816762,53.14940779577993,11.094533514118229,1006.1810637849942,1
50.170023790268104,83.60599745919944,11.799025422455113,1112.916187578343,1
40.60544140238357,64.82872855086511,9.913474932925062,1156.9812873329906,1
41.73153137639508,12.570953691580208,5.803167602119945,1378.5732031280043,1
10.436613838601236,87.4119756099416,2.646959991237056,738.2400336312585,1
32.537451688726506,96.57410313872101,13.532227359960679,989.1061938871871,1
43.882220167022886,41.5504680604012,8.388504690898014,1047.6091634385796,1
52.50789606403992,39.40743902799057,15.020508935726216,1109.47893666248,1
14.128404263029058,99.6,14.466066345765032,841.4177682609118,1
31.60507735515828,43.32130052475143,5.672267163792527,986.6154767654779,1
30.970470416134802,97.32196040856473,13.395725109267339,997.6332019947997,1
53.95002457332616,34.601061466788394,11.463597821798798,946.4418349654076,1
32.93024288428096,67.82401168963455,10.654893193724833,739.5190069496482,1
57.829620877120284,17.073172582765054,7.9736076865809995,1147.5289312129792,1
38.94967661617505,99.6,13.067933001103414,1092.950674489423,1
24.168327394612493,78.58584536059516,12.343531762530194,932.0825253178699,1
37.16514241800151,68.57569569461616,6.73260673684576,907.1372100049892,1
26.064188452677136,82.7157617275638,16.3543151607669,1045.1376817360067,1
32.55295833084055,99.6,15.123696783884462,950.0160652358155,1
34.646580119746545,81.4575300321051,7.542962799819454,1011.7029163976916,1
56.90489814933799,44.24129225538901,15.488062579662675,1166.351167388185,1
61.8238946755133,12.661077558761669,11.11895855914257,1229.859034447257,1
34.47476826803474,76.94425071800612,12.77171105084056,975.0659219805647,1
44.36193714108322,41.425506237364786,10.604179483209009,879.7744232961365,1
50.10095292630225,40.46613636645432,14.275107337967171,670.7420858681055,1
54.557989310378346,67.24014141386431,14.723632257303827,1074.8454017530933,1
65.95611076889122,52.718283705722044,19.7,751.5116529598317,1
28.63924326557604,71.61377628088664,6.565568530365733,860.8831853061413,1
54.13595550426524,20.696364154893466,5.173353547652101,1094.7348460181038,1
26.6875110369205,61.072381593820694,6.545955731193967,1034.3066447435988,1
46.228020849314014,32.105745045960404,7.250990190744066,1087.6439912367616,1
38.487273325422876,57.665642681307325,11.537962778748637,850.7689695835813,1
40.224038038086945,74.43784813225969,10.86606308954032,1185.812484182853,1
28.958396433879315,55.517813272337676,7.798322509064706,833.2220561942822,1
39.854796625894906,51.964373567414206,10.72294023598042,865.5466789686543,1
46.205964579166476,46.379432261860345,9.046339531477173,1167.9637497151516,1
34.937825647678,97.84097239083222,17.123973079178036,858.5117311300285,1
36.4065476573443,62.61563993182571,10.685457483109897,977.1695015844406,1
24.596362557690423,65.81003092774198,3.096490467001926,1253.0781492506708,1
39.73647131910561,76.17240642137139,10.32541469675449,1072.6205162989431,1
32.555222860951815,55.429297828147035,5.068211307443033,951.3900445165445,1
35.58344517134383,66.44157380704743,7.301363936991681,1075.9067679173015,1
56.00839128614102,32.25976827267397,12.347801358116245,886.2741848790313,1
58.91488654365471,5.3,14.189375528117363,1103.655049615865,1
46.53062180037233,88.41362292202041,12.221297976156263,1215.334659198515,1
45.37142691718498,81.80434364811856,18.10619609614169,1065.0113629907194,1
36.58524300652689,36.000190483832974,8.459758487633385,840.2394729452922,1
33.464975218144595,86.4824709838884,7.407927536469308,1099.7060504366004,1
27.226580920062013,24.44289794364741,3.2919846140023425,1173.9889400275827,1
50.87475443125273,72.22716820653457,18.369027139167716,858.0250313176324,1
41.264984458115464,60.45858300975812,14.64224851246814,938.8923992890323,1
49.782927485412266,83.26326938005946,15.818227533585707,1172.9713356245798,1
47.42489381304528,80.15371990450924,13.587219634225052,1188.3489336101893,1
30.266941909513356,54.385042728326404,6.202631449513044,1248.479595004106,1
35.05813891898502,25.383546793548604,7.065518833099675,792.3810815177993,1
50.42720945089904,41.8017469604186,6.535154196319881,1020.8430632405926,1
43.966713444404576,95.08159066451351,16.124342231553236,950.8057962741843,1
30.3876214226106,99.43086071700432,14.625514768780974,1039.4072598256264,1
65.34924941048966,27.42384449743914,19.7,1193.6722292639718,1
63.32737691489966,60.65089515657648,17.894274400945307,1086.104890338227,1
46.51405972996386,65.4988831300292,10.760774706393038,990.1360734214077,1
21.108271679202453,59.21672755789014,3.876324626562041,854.727258763672,1
64.95471666141331,42.0162851912053,12.946054095927387,1089.4395974259514,1
50.24534892248183,98.2418841730524,19.7,859.6371867182218,1
46.358105300266274,55.06037453286445,2.5834824336321844,1234.150628023238,1
38.61478990508382,47.759858441605914,11.584831452434551,1064.7020718653234,1
54.029634630475655,43.095453109344874,8.943337276776585,1082.4970331829343,1
25.720828949053576,98.12573308729516,4.397048881678215,1220.4197650377214,1
38.248441491152796,68.9147867248196,15.523443788888464,983.4487957200295,1
44.365358931294956,43.97623762570474,9.694444327391853,1090.322420145478,1
12.299954134032415,99.6,9.992794537919663,679.2927581367924,1
69.0,19.872292911240663,14.773197713382899,1095.8668706644062,1
57.46771049221836,50.510928118798866,15.784353716410081,1206.0635435051795,1
34.15711224591601,73.60481078883431,9.313764111792938,1052.8396684188,1
65.22811389240474,5.3,3.4448273299478993,1187.2738111949336,1
26.100466953481973,93.26349796460948,10.000976678138416,1151.8137076679336,1
40.920949568769984,72.79659815195278,11.60168357625775,964.6770456400873,1
40.793309500766476,37.55295007763333,10.152154861486931,1036.5628597351767,1
40.347757934136226,37.15859184634735,10.016229792599509,949.1752834644201,1
44.66465935671713,83.39511194519376,12.088537175474043,845.8262097898103,1
25.026534915341937,99.6,11.101321959629505,997.7617005246237,1
35.40647954895383,81.54047451151085,15.890546308686258,854.1100256536943,1
31.206856332807632,81.5795279568178,12.206425534064296,816.7777243677093,1
25.446507712659034,67.11368801878675,1.317713981778173,968.6227380961205,1
37.42400438284809,47.22210994058314,12.386354657491665,1087.8623785438383,1
22.130019489288927,68.53206784432587,4.662024809174015,844.6122860753491,1
34.108638782948226,10.558637658561565,4.801440439216999,884.1112432705559,1
30.555391340044686,99.6,8.455849976687684,1075.0369671009416,1
41.09057421831968,93.91265956972033,13.915599867592341,1144.2224964554796,1
24.76457325982156,76.19479847732242,7.095339308693628,983.780107513777,1
21.169567629307764,50.0578136972768,3.9837608460753167,1143.2959184722674,1
35.36058591681958,99.6,14.17975944671665,1079.6517555875585,1
40.66046130130072,99.6,19.7,1083.3413206634962,1
25.80994233587007,86.7537369581155,6.533052954469928,809.2485744678913,1
29.269719727523047,55.24106731664228,2.71230429690363,813.3612116411823,1
28.392341756841766,60.60681569619568,10.417058743278178,922.7854447100807,1
28.35934711724505,76.4500308716666,8.570771323431867,1015.0021863246051,1
54.514977299424416,88.55069293088383,16.182994079230436,1155.9509574864155,1
43.92627779909249,58.916639801685534,15.30864947394683,858.571620709637,1
44.15352397318792,57.76241772113392,13.579122288243289,1149.7560332906792,1
58.124122649832444,85.89102652181202,17.261252014460496,1261.8746243005169,1
39.7696631932884,77.76725486701785,16.214869730944887,842.4519552861458,1
30.68365293104079,64.2807286390604,5.784526823054034,863.9535713007821,1
44.55728001941571,5.3,1.188374554192503,816.603562881112,1
48.5211745736969,44.289043129584954,15.32960061116821,1108.295889388877,1
35.668532305880674,81.82218328822573,9.393587015006062,936.3333241260365,1
22.836114504763966,73.41836913422382,12.90057064859043,1052.4406173378784,1
37.62329338142095,99.6,9.706071423775878,1240.4638444360903,1
27.348803824276516,37.86537638483741,5.006038177527655,1017.597441384109,1
29.96573185407125,99.6,13.333908278384452,1054.312632066776,1
41.28405330103357,83.05305466905875,9.605477532673678,928.6129686649798,1
57.14473974695808,91.66992449163371,18.774141921168294,1369.3974348042411,1
52.61765873065148,78.35418326966402,6.482353304024933,1102.5044380794143,1
37.41361156129332,92.2333412404422,10.094550756436774,797.9410948865004,1
48.433339904052964,60.61325997771786,13.185786995666398,878.1907768798362,1
38.90003930863798,66.41005577500596,9.597700663151329,772.1139253127875,1
39.36526363737749,62.17317366898569,12.579717817890781,1309.6947140250275,1
46.19121290941362,90.29729898551616,14.065668410560367,1363.1096195881703,1
36.30543888825984,63.98759605850818,7.1062492003671975,1046.4827731323276,1
42.624575861179395,51.01484345261315,16.35428011542198,883.8827808409507,1
69.0,43.60232665989778,19.7,789.6968600175001,1
33.90771946404009,5.3,8.493075795268098,904.5475623619901,1
22.967163327818298,21.566791642487104,2.620195072169869,892.2454939321055,1
38.01376385312864,66.8360893841703,9.76307174107424,1261.2487444509177,1
42.217617519223865,99.6,17.685207980358104,1212.551272525468,1
29.760366729575274,36.379486351409355,6.045465657088964,786.6940048197548,1
45.392968207510144,72.1174769380793,10.82474961861185,1286.7431375962747,1
33.29278117385941,47.741226140372014,6.509767143233227,1016.3223000182712,1
40.714563430878464,71.55193261215254,14.364136329314416,1311.1449350075736,1
41.14579832400166,45.95067233706554,9.344370269314867,1109.8597855321063,1
41.113524304751294,82.01867704027427,14.162553279038658,884.7363396806904,1
52.350224409807026,47.934194986539055,13.691563898558956,1120.5943757100142,1
47.19069149028944,56.391472607790625,11.615337364172342,1039.4969663055313,1
39.74749093835573,55.52344080545305,15.512434185378964,1010.089659037418,1
59.63119647089901,64.83215796999588,17.973785800858124,1173.400710674215,1
45.430983033202274,68.14910532649279,13.319923769829066,1192.38360528016,1
22.20081016043498,74.01323310789172,6.854467567310032,1108.1557259801536,1
22.1683945890471,64.2741968621763,4.235069305489628,1109.3044223108673,1
45.027266971562014,80.51625030903308,12.155930705023339,1128.4046939372026,1
46.1647508993624,91.965069756335,16.85183314806293,1217.3386730906823,1
24.812667625633985,63.64515596713269,9.852708451937202,1082.2069043671404,1
46.737031582655625,79.86891185693534,16.914310993495796,1067.1109516350652,1
48.58498971063368,73.58536335482813,12.457623909883203,1055.3673261952697,1
21.981367616268606,96.12612906844333,7.3100770787375975,977.0216624718114,1
34.05508238108876,98.01872507586172,11.671612611327625,1047.5352462181354,1
47.02140581236397,20.81603788747198,6.504772889027017,1031.621921475306,1
30.430724625294545,41.3903489698222,5.9931878543051615,1131.5757022588673,1
27.849129068559822,43.354109145011314,1.0,920.9509759964252,1
59.78123563097823,38.28793228577521,12.79052888133423,923.6562086473533,1
43.67678379168142,81.11717582663877,14.202546872362902,1152.7375069290779,1
54.19353887209305,34.872064161933885,10.907461134202363,893.845813461878,1
39.35718376398948,45.21088015194496,11.559384252103472,826.4382878179356,1
46.74517986722477,47.56936369506166,12.466863672468467,1028.8335913922156,1
48.18132810094654,79.63099253560273,13.080719725732925,1251.9316670257476,1
56.16882068201185,77.6360674181367,18.774294986724243,1163.9115319352418,1
40.54877711587109,99.6,17.08470612570582,1037.4497318942767,1
38.478021821149454,79.83039965180602,12.941716487076732,1106.4937449807087,1
55.64051893967513,45.90219976432026,13.143577590634191,1240.334921713309,1
49.35801057962534,77.96539044202693,14.7839817361236,1029.9253792526858,1
10.617703839765742,97.75445502828205,5.7041869739537105,780.797260798121,1
43.59059717649346,92.98198365959941,13.867796456772869,1019.5022689486649,1
44.63022921933691,65.96481153192964,17.68523712403045,1181.9157890015783,1
41.84213262210913,56.76126987880616,6.797199063241802,1199.9575958998312,1
63.92513403909449,78.125196392656,19.7,921.0275747201055,1
30.0540855486081,87.31979997137283,8.396596008678058,1193.0517938467756,1
51.1408653764248,30.55465838058699,14.511807223943983,886.0187035478718,1
60.84300808042147,5.3,13.823807113908147,1137.3669377782226,1
47.69497734976341,55.31242134773183,13.02298852110449,897.434882916293,1
42.605818968541406,51.48289888505841,9.354137541584135,1348.5144429271006,1
48.76136389333996,93.38665311852937,15.52375113954932,1472.168538450937,1
32.59363537051613,65.5103356685028,6.042473911174522,981.189937248145,1
37.393109041780676,48.53483372492386,8.679888491292273,932.6717293989534,1
49.285525217360025,52.323346267920606,15.268202377137346,748.8698731833399,1
22.953982568749876,76.3199344468852,8.719688014335414,911.7524601657875,1
51.542080327092485,50.5525551821177,13.239573220715204,1376.795145460102,1
20.718022092433408,54.09432169398656,4.123752776641815,882.7217067411495,1
43.56842397238808,40.17072393393412,12.763851353593923,930.3080957863419,1
53.99142838141226,74.73936880983234,17.101028776834,1113.9813864880969,1
37.270745034144355,27.995243716553468,5.9505709400632245,975.3615592205215,1
32.349730708786396,45.42994553418016,8.096522377436523,1201.8387104820783,1
42.56508906822803,69.90108988393358,11.285428951345564,861.4309639704983,1
37.888512118053576,63.113501855309664,9.968213402360943,1033.0405701056302,1
25.962913663095783,80.63281952566149,8.479321262373672,1045.0859794637815,1
50.54556112279913,83.98254078886052,19.7,1050.8911971349303,1
21.087398515702944,99.6,12.584013116624504,941.8264611435259,1
47.39851472949524,17.69105113521279,4.5460454128302,1005.3320763089356,1
47.04753429979129,56.25142303154677,14.727913908447931,969.4783317940423,1
60.25414530833506,33.91916498976744,10.249948251103454,1274.9541484818496,1
41.76456439152544,49.25095172284911,7.863060711337743,1041.5642333216308,1
37.1037238538201,91.94530889160322,16.02158064489772,1101.0753146311379,1
29.189582964850622,35.06467296782091,2.8596306691580455,1025.1347573410126,1
37.67149139047509,5.3,1.0,1052.093411065441,1
30.881421545564766,60.49638002847621,5.903745565538279,966.4514441788599,1
44.42988323392345,79.70354219451318,16.058950758607907,1151.0335784775302,1
58.95912490374684,80.14279178895737,19.7,1202.2196213275427,1
38.569346244932014,72.64751260789298,14.062325778241016,833.4509505308752,1
48.307714952480815,54.13278033371116,9.139793254337238,802.5032862348651,1
50.541347136715814,59.093115586295525,13.776069793924982,1192.2014152413203,1
47.82900304604584,91.59544090139806,19.7,1107.9585600302676,1
41.80795211252565,14.202706742984589,6.013281817332251,890.3314574229755,1
34.64624674612131,63.75163819730544,10.38817444155707,825.5523887694476,1
50.04680378772064,12.139319582076986,7.617754429631416,1467.4044660877048,1
47.515059539023035,57.8625435224041,14.82514702329794,1033.7322484858612,1
38.33335585124121,53.39613803345441,7.851344825011966,1221.218673318394,1
44.82478783617316,91.01560725441256,16.601836031336134,968.9833900726221,1
23.463395917615372,99.6,9.811677610337298,923.2139607962757,1
42.37790752482244,99.3424930755721,18.43420326493879,1053.922920489061,1
39.12855962435401,72.05995773402455,13.266234937303006,1019.7529965727585,1
25.848280960320224,61.62242858136359,9.668768085330413,958.5185871594987,1
32.056059880100655,59.08698923798322,9.396328803979175,962.478636553048,1
55.00142583546504,40.566345343023805,11.188082543739384,864.5246490293181,1
64.48245429238634,36.68251648615906,16.928621450257264,1129.4983678707843,1
44.86701324433955,30.0310093713134,5.430510555438731,969.6493805779616,1
42.533646938885745,93.63835278265543,13.745180670708043,1169.2096698972512,1
64.54777978515145,21.680523198628954,17.90847406669196,1199.209271924088,1
49.80246569293409,39.71762104158448,13.87560399950448,845.8879183706883,1
49.40679919511959,34.87740759225872,8.904466883661637,1216.4002258171743,1
40.72448375144207,99.6,19.7,1209.367665815251,1
31.48294423261708,63.6636961442696,13.565650519484908,1085.3575684884006,1
51.713782201808776,93.19114595202049,19.7,825.3324281114501,1
49.37869426803685,61.70714369931946,18.8231404676843,683.0143024917105,1
29.724336266627436,62.47205090328077,8.61980923326264,1040.9985267579245,1
33.59156811623779,67.18590100643328,10.011840263795232,1203.174380674711,1
48.59543169558138,36.83512982177362,11.917113226202808,984.7907702471078,1
37.738055662569224,67.58382387835694,6.834690193947155,1532.6210649402178,1
24.230382228086853,87.17362747954454,9.763077247549978,1095.225162404256,1
31.305201045511698,99.6,13.018414345411124,900.9715116335636,1
40.87585095178959,78.37920364282553,15.3337176337952,1066.9528570893438,1
48.938444879272765,8.978303712513352,6.648707712465972,1311.78822895528,1
38.068056785033626,99.6,15.098987468691748,888.5562972476112,1
32.39834851283188,63.87563562056541,8.03497009191111,819.2323463731728,1
37.067322719821505,14.08584435199478,5.190794227355241,950.9177035160934,1
35.19113879762687,45.177838358138374,11.621076656914173,922.8593110117005,1
30.256116427752808,65.27858327018521,7.898757150830178,858.5661372187151,1
43.4447792052085,68.13785318191778,6.898577578060908,1163.4875758662592,1
4.2,99.6,8.022880069765668,896.5353440678134,1
38.17099828893478,60.34684656289375,8.197086985442965,1063.872771343958,1
40.04523364056707,65.77379584481132,12.101950148078117,995.6384171365183,1
41.73192535191909,58.11367561032211,10.4429744451378,1222.1806964088255,1
50.67285335143522,30.521253168225194,11.68740857907437,1056.6045865697995,1
34.58070368321908,65.01415087052963,10.313155649112185,829.4840887232715,1
21.827293659133773,67.68271124853759,6.372328451777223,838.7210782953823,1
48.85718637839707,41.98996040480655,12.958884348749052,1153.5943575594813,1
52.9126568636657,58.65456132369072,9.319441971945386,1435.0680349394365,1
40.380481575387854,76.86769996526742,8.016937262957795,1107.9671211001673,1
43.01767134781009,23.562891725191527,10.691396895091634,976.5877069715672,1
23.886098949593176,25.40324324832602,1.3112110397705141,859.7757242915579,1
37.611475109025854,37.25459784212707,9.399754240203482,1132.5073715992146,1
32.08684730341008,63.183586076253796,7.10205718528739,740.4205620360509,1
37.309618999938095,74.37231249671594,12.10533426188859,703.4269061947814,1
45.08845645538143,81.9674247009066,10.00769664047476,1121.7359649425234,1
43.51674782531814,5.3,8.371400439292001,1142.169497998369,1
68.24017071972446,16.629618190440823,12.656702400338794,846.5784984268975,1
43.52873527452639,73.90570995921298,11.335845209178787,1145.5869912140618,1
50.06016319903853,62.82304264076451,7.873390632797465,991.4318698902805,1
43.56108191667878,75.90927626666384,9.312802096224258,1174.0646571520842,1
37.88350763702256,92.32447476866929,9.76548212388755,1098.7581889992935,1
37.90934636962834,96.69473409806704,10.563378707405448,1152.685837336373,1
41.87986521430182,51.91620940045841,8.856957320943971,888.0090799460031,1
40.11918237748495,42.24596203870257,14.17573054593997,967.1449965996009,1
42.04367633712233,36.521715364854884,11.436038794557247,955.1520911029883,1
35.6021367125279,72.07548998253726,10.983835974068015,1144.6488081733287,1
61.82004164353845,35.05964039196955,12.713694150799347,947.6114117994373,1
4.2,74.69449772897167,1.0,990.8069953165566,1
43.16148024761993,76.40620469043961,13.535804602178967,1036.463214831296,1
39.54133707032947,74.27085008396152,16.308329797745515,1007.865819672292,1
52.96878239137197,58.980460944192906,17.6757359905009,816.027162452329,1
34.50328803781937,24.122256037279165,10.881397124923025,790.432898183611,1
50.93306583874268,45.529911027422514,13.756876876688107,1016.2327308671235,1
43.65699452018659,81.16294780536734,15.565493522436707,824.6494264210575,1
47.89154246367317,43.69513335531957,16.701063445946236,1058.4082584713242,1
60.21554858976532,27.231416700858915,7.376777693256185,1218.0089635456166,1
52.36333947926138,71.44171611623362,11.044956979134579,988.6870311891952,1
38.97870586935074,33.42589241185313,7.838152423719844,1025.5897338668321,1
56.35139942631809,66.10716071819465,12.781648673502607,952.315953857792,1
29.80551203314073,63.613300459446805,9.978068909755011,1055.333093263905,1
52.53136606739087,72.61019963017843,17.920671953260815,933.4405283440183,1
36.39807615395129,99.6,15.17277893672927,946.2550626728898,1
36.44034387047962,83.76690406302399,11.544825729110823,1007.0382693405863,1
45.04889604492723,82.44281103572675,11.319326102391479,1048.6484977801783,1
49.773249944201275,47.384220072152935,17.596065408922843,967.1148153521776,1
58.2191904818888,20.83479901707438,6.165484988937125,1071.2509770849854,1
40.92928353077695,55.270582809201045,8.95308696149056,963.9848603605844,1
40.37044323254828,75.7641172768298,15.076497078809123,1029.9183298283065,1
46.07223911768417,45.49240687488824,10.34329927558231,996.6161881434391,1
69.0,76.77824669633597,19.7,1197.708314421066,1
46.25155745410582,46.265468255889765,12.368284228151271,1036.6644585949837,1
65.06060436778378,63.61979630080015,13.799471801347767,1352.2251964351042,1
43.41955116526127,25.36782588966311,8.177104603412175,1052.3515599086984,1
42.33138699910393,81.94293619870813,15.104757444198645,1027.6819898600568,1
50.39286173589814,43.729044266959136,13.82969729607513,1232.724530383629,1
36.489237632967765,99.6,13.031992136533976,880.4711977033082,1
11.314130324502809,82.1317972020247,4.107880357770167,1297.9916715430659,1
48.89239566865546,42.95028662203792,12.311168208456792,735.7611992484904,1
49.107041525359584,51.82068526061497,8.756635344235976,935.7994104852013,1
35.41933484547859,70.53459839569447,13.451945587136223,530.0050908010458,1
27.31183504022593,55.15591658389267,5.559701465010181,1061.239801351376,1
46.17827457383761,64.73938861944514,16.659962657705314,1199.48696323841,1
53.574148597263104,63.02434047696738,12.72715563291034,848.1585864138923,1
46.73717620782961,53.09097869007473,10.788738793313058,1022.1224735029743,1
69.0,66.31539923449677,17.091732205657927,1113.3813848355417,1
57.19914218606354,28.967559077807053,13.163646999582834,1118.3696859930983,1
32.65865223035887,23.588816350303148,4.604339093533006,990.2442449337125,1
41.04807912038382,79.57235310782463,11.431131345562767,1096.286088462827,1
33.55951179518472,49.108499469662995,11.848920164809739,941.2597654355702,1
24.66134573072001,58.50653772789748,6.098999893838829,744.4663185163479,1
31.85362613468512,31.893248122757527,6.465284034896782,846.108914629634,1
33.625361091533634,98.3933633147584,16.826587697103815,1125.6091851566691,1
36.08251249734986,37.813794950788235,6.06363116498785,1071.0405134158257,1
36.31671693423515,99.6,16.807156526132157,827.355598505642,1
40.49243767502843,50.33515151438508,10.4491273858885,1147.8191713823107,1
47.193452841228826,90.66160943836911,18.00947535616504,935.0551454711219,1
21.4131657206966,99.6,12.767187000661846,1120.0846484822778,1
29.477112883980823,56.82438319868319,12.495010664114323,790.3866014213421,1
43.88545431032811,29.210681684087305,11.087625425961727,1120.7391430881084,1
45.63419804886085,26.068848390869313,4.690974651427359,996.1512071336589,1
17.986617030541197,86.97577848261481,7.351615929021028,806.6768692649404,1
38.36233778963976,30.911781868590335,9.738129543176019,847.3560905467854,1
28.352659363299136,99.6,9.900554597126977,961.6895440273497,1
45.723956142134476,94.94562911698577,19.7,999.0602849857628,1
35.98366633370063,62.73126661314177,9.879772289539195,863.7266991090659,1
24.55043734951091,78.8497104468785,7.410792087206376,939.2277192247545,1
47.79354445622294,61.31833831745443,14.099301862252194,1087.6411599597636,1
31.164035297677586,45.56166867826535,3.751874000979436,1105.4232845072245,1
47.58884770819251,49.308271329445425,13.436003746905083,1044.0019644981437,1
52.42917031117116,33.94490955800998,9.680306656651421,940.552875065994,1
30.677157201437346,86.74198824556784,6.721810766535497,1071.2425332924229,1
40.843515704225915,28.8517095115983,12.385954748074163,673.19728080696,1
64.33063735168523,5.3,9.778204443844531,1269.8445258307065,1
59.60626046110359,47.644103718272575,14.631946218646142,1303.4290692346453,1
44.72549329325241,91.7788752146044,15.85683750055495,1106.7002280870556,1
29.68098015555882,78.09063631910495,16.187804230902128,1217.7434161809608,1
38.45333108979719,87.9898377292368,13.676735781334276,952.9915554515886,1
42.74842334162847,35.438284850193995,11.590756350063803,1076.8775730815232,1
50.87407208772032,25.19814776928048,7.455533022204795,1071.384876660831,1
34.37250466522602,99.6,14.68872782597287,697.5480588298727,1
27.641851798784224,12.443487250036334,2.869746773738486,646.8598876071412,1
25.52237624433051,52.70396769863879,7.86482616385797,659.6351752209496,1
40.953661530607384,68.50124641781444,13.785143700079733,1032.0807372846912,1
25.095135693246664,60.610459603917064,1.0,969.5328359143678,1
30.210574724975192,40.14661899445905,5.745332133764951,947.8018103630591,1
28.705930173253495,31.736342531685118,3.4098021903208346,993.1829948561755,1
69.0,20.17226605523031,15.474838109086406,983.5111532872783,1
37.27446003910623,32.56645474989075,6.873297365396773,803.7721905263735,1
22.555260939213458,73.47326580217158,3.8516931251153483,1157.6524966629045,1
27.18394971650148,80.70633980194215,7.199545658550898,1009.6956992236819,1
49.69960629634875,99.6,19.150894815160726,1039.588288441326,1
69.0,6.13080188610995,14.115948795290869,1222.8748453005578,1
51.592971079605846,73.94703464096919,13.081920212866391,1022.0073338624418,1
19.28266029839702,63.95041093923449,3.8631881409760087,1173.9920864838707,1
30.309129264917512,47.72491865409446,1.0,846.5874359072814,1
52.85395419398945,25.750007684979614,16.515607236154384,1069.869033162858,1
40.91338924868018,77.6762149319947,11.044110957357617,801.4262254437756,1
31.80879562495242,93.91439717522499,6.670850830642523,1119.7484292744798,1
59.482971414220074,47.91354500942083,19.7,933.3157482378444,1
51.072113924151964,42.902051797746985,14.918392106572407,946.9536451980028,1
14.76592963219705,61.67525034733666,3.809450033646746,855.4714233032665,1
34.17733477663359,54.27702905846634,4.122883725184378,852.9329769205741,1
43.509107180100564,83.30981356001774,19.7,968.9086365728793,1
40.72036805556141,89.74243810782961,9.95422247142629,1057.0019000109457,1
26.1741117428864,81.07724147153047,13.802802767106032,809.2174510040331,1
53.71803185998748,47.4751809985311,19.7,1099.512784607017,1
45.88688766160996,69.60019530621241,14.114235898297105,883.665548641127,1
65.12578479358689,9.749286293596775,13.838008493224093,1074.8693279409424,1
41.1083241378021,64.86071097600883,11.26874343676594,1027.3565825069966,1
39.560699729379415,45.950008522498045,1.0,893.0519597442908,1
22.334784518388258,99.6,14.525920119182988,980.1636541687119,1
46.76654898333366,68.14524048065311,16.82636637715187,1163.9260042275566,1
44.479696519108295,13.207074334772138,8.174124563396921,1009.7571736022337,1
63.91043818718849,42.51811519976278,17.043293957531475,1013.7754761116962,1
47.409860003441366,42.07523129122089,8.083246379510873,1034.8213299865704,1
55.489016677445406,94.80096347998932,19.7,1023.5603677232596,1
27.506431171741237,46.98205392596695,3.8020223873685213,937.4961346675304,1
48.00498681291829,62.258577199012585,9.85047795679549,1239.8146294019555,1
58.23709978239502,81.89752973193457,17.568977000022777,1036.5126267331173,1
50.62515954956747,54.454662420867734,16.102706204759915,1195.3574622042815,1
56.207136627746394,47.70432594489959,19.7,782.866063730342,1
22.454366250082142,60.61722316798658,4.752104184545534,787.7284264875703,1
22.716062647234512,76.61095612235003,1.0,1305.8101572277094,1
46.68429691200855,61.630536842919646,11.760008135463169,1024.5522975285976,1
52.928295960355165,79.73681028625596,17.748272517752724,1013.688275553716,1
52.627600589045635,41.035932979466054,9.970672971488304,862.6735234309131,1
41.517259828409486,16.483270835374718,8.6473994205266,1066.8986655950305,1
38.570575062862794,50.68464957655848,12.097770981674673,890.6010931794458,1
24.960828993245787,97.66574132634122,13.132664858321737,1107.3456227877966,1
28.572987837453027,33.90715392796551,3.4042324663674117,1192.7626719051204,1
49.65583096347015,58.165444103542576,11.158381726374891,1147.4921811082493,1
46.96702406756016,99.6,18.552246814112326,959.7429199809048,1
21.182237277295233,48.15912895609429,3.720237000595966,1028.0992963006051,1
25.662187211767282,87.64073643883664,7.876551506667522,935.0352887623862,1
29.237058532361168,62.80194761795237,3.6214880158367313,1014.0057563114118,1
39.23997468383145,63.0749510293217,9.416874259411406,1368.1852745736035,1
48.16432705262417,52.935605701960256,6.609139236479345,838.9483859476243,1
50.74637455523918,33.641358456886636,11.410582124988805,1059.8647344715519,1
25.561664141312065,88.15679753686943,14.359876762445593,961.6571137229942,1
37.506382219464854,92.9285591571652,6.4525976389107225,1050.9140126392304,1
23.410982354821307,46.165929027963244,3.623362893420185,973.9919842037773,1
40.178313255836834,86.77859528923798,9.298725205980492,963.3456935247348,1
36.41686961320071,69.09644435500753,8.487734515183252,1054.0179390327155,1
42.04014618896001,71.32302762563546,12.92920012313671,1012.1035942398263,1
45.97664670366697,40.91845544374017,9.692623090501494,1018.1968857735751,1
39.220787576846064,80.91787201053586,18.7518414603723,1051.9949154305918,1
45.594169679660155,68.62513507453221,11.977465635925673,1161.9015455538088,1
60.8367745837138,56.41745364228785,19.7,1074.0658657927645,1
58.527511325499546,99.6,18.632743913182054,929.4849229064927,1
50.17322789258966,5.3,1.031854342712382,1060.2536294502736,1
40.044617761275774,61.768787951242075,6.382564208145469,1128.356307001023,1
48.99159310700388,83.06148692802395,16.77873380521031,1044.9647206041916,1
37.031550450629545,38.40569962576703,6.679756772496583,907.9552325022318,1
39.37435445344804,53.840768305060095,8.650826090496034,916.9931760642187,1
14.378529706619702,53.70437309301816,2.292860833186605,1099.667902147196,1
40.95413802089899,83.76655370981416,19.7,1116.7588205986513,1
50.097562193429575,36.63845761369814,12.088820269329027,1084.273018559895,1
41.16394000813881,79.03809874973021,18.85711309799909,905.5988282088734,1
33.03584475227906,39.384802617309006,8.580334691775185,876.3214316006946,1
30.6855091540028,62.30223144996209,5.223814687419167,721.0961583907614,1
23.959833112651463,91.38418177178617,1.0,1149.2372746896378,1
35.15761479851036,99.6,16.199275150233085,1085.9841530186945,1
47.58386276510383,53.84224005275301,17.0010530330888,816.0073797438652,1
54.858706191798845,63.10192586895417,12.917187183228561,1021.6842744189619,1
40.316274630948904,58.37997832476105,14.738515424463888,1148.7130815888434,1
23.441082117403138,99.6,9.209783280510909,967.595289028386,1
46.97541123541822,84.06934303377557,10.545411226999079,1170.0417087417093,1
26.422749050661494,99.07020899787656,17.428279933204937,994.535977107671,1
69.0,72.50033856020175,19.7,1224.2606761748284,1
41.02652983335773,42.12788564496337,12.493496947615244,927.6723633960028,1
50.59868348063791,19.457122664836923,7.673916722611873,640.8924394570774,1
32.30233316510761,86.26575187491572,7.059546397012467,1086.0463695587557,1
46.95894269447631,38.77983624897331,7.873396924130649,1035.2149988689457,1
31.33062368434758,99.6,14.560646058105483,848.4425033818618,1
34.49587277436484,55.266123399617356,8.39400207037495,1022.2129670975455,1
45.21203894460116,73.08498761583485,15.93006202900149,1080.0011152290476,1
46.640069685343406,37.370866091724196,8.445669385725383,1121.5380066596947,1
27.725369091252688,80.90941289655034,10.120887990744393,931.8982079646848,1
37.43934043766335,44.6367455190053,11.380392222647838,1114.1995413084078,1
51.13594458281027,50.851740928823205,19.7,878.9393226346746,1
44.93726933753957,32.85124544584485,4.799072753302365,1235.442693115534,1
26.278422577624482,60.98340512779919,4.130343795858729,1043.4876900168747,1
10.136104907426404,99.6,4.030444271392798,1065.0234351107056,1
39.43785901783939,64.62199286725954,13.81540585693629,975.4315342127844,1
30.15059140822253,55.4531912434927,9.48593473334848,773.1892051119122,1
22.501716604532888,73.07671128977523,10.679835871478286,871.8479196416698,1
35.985565322888874,81.3255861176365,13.316774572269138,861.9356902341989,1
51.95178586128369,15.649262046526857,9.769446044721448,1230.2470799455862,1
41.245322495415685,98.17111863578558,15.343720036624118,1111.7389585049916,1
36.06541081604461,57.31983748175379,8.742137625583734,923.2654745005209,1
38.47210086644348,19.764566297665723,8.968596051810847,949.5386213893705,1
42.97617187203108,99.6,18.065402956841606,980.7101544867278,1
23.337223917967073,45.753826707005196,6.078442288619526,1026.3354812079988,1
46.98710209703891,62.22134259587068,14.14231920907459,835.0491251626108,1
41.236817023188024,15.773240658553213,7.49021628300166,1145.2284539971538,1
21.32280118858028,99.6,7.739244314662051,839.4142912380216,1
31.12914203078287,68.5657370471108,9.470466763334604,1025.8773263925032,1
25.931939556476365,78.35771108083088,9.720242052120437,822.5476741988033,1
40.03213711431955,84.31001077396562,15.356089507246573,1270.877524654814,1
32.8545077599118,93.81773275751851,18.51894895650053,955.226988578134,1
32.19234305992818,69.34963099306594,11.630972229097173,1008.0424840666775,1
47.151626196216235,47.430719068189745,13.607261825120153,1092.9861998072213,1
51.75052269723382,50.17955102539979,11.20186476660319,998.7578794166617,1
34.80675554169508,64.43796556883632,9.393420777557434,882.41222950749,1
35.84419589429839,79.40885260820744,14.588220666418906,889.5812271893269,1
12.632028908569715,73.41856633152211,5.199579107348619,848.608201607181,1
48.68363161589387,50.4599764231163,13.063034278316515,1181.2845104545231,1
50.18017728267352,60.86046578896268,17.16059005877484,1030.8747945231275,1
31.673105943079328,89.02592925194281,15.02494497479784,1198.9483699365642,1
32.19414356749112,39.290181098705276,8.272750618604382,1077.5509710288545,1
60.2332109877116,95.4265608608066,19.7,1071.4258504639372,1
24.641480489575304,92.79320281184276,7.2677042851254,847.8338753347343,1
51.10236173728092,43.40873511365532,13.262678049561782,1008.2810948205694,1
42.40997963788326,40.98512766347456,9.403396031492285,1086.813082581536,1
48.0132777664126,46.83575604147777,13.036279174489655,789.8247556126744,1
12.4126824073062,53.930516441178035,2.238877172250808,1036.352705620678,1
64.18833621284682,77.41810469269691,17.75589448229318,1330.7216875102124,1
57.08955434888792,85.48186761878523,18.50866651535408,1323.597218367033,1
44.387038053782575,53.70491388645842,7.284004102656022,1024.3546881125928,1
45.16862830815563,8.673462270100295,6.231269553170976,946.7270181218519,1
32.89208186337547,83.11353110662117,12.961866811771996,1239.7921813161088,1
35.63785598736425,38.25981403260417,8.852606178520688,985.1758206678435,1
52.31730845749408,57.40943923125242,14.014524556224611,1123.4418056664942,1
62.723404135084365,18.288644841781334,15.561588553594355,974.0411717290931,1
31.072401929271564,40.82901950634667,8.895475381621404,801.6319505807755,1
47.04421703365498,95.87182659572585,17.85594223430379,829.432062965723,1
38.72791563545846,22.266672519501448,3.312240930612318,1349.4331668619386,1
40.164836066324845,62.73624625537271,11.19147366559523,1080.3848759487676,1
27.194216855840025,64.91707934524577,8.944985587605078,940.8103482887293,1
64.1606570766429,26.663201562572496,14.371180619931323,1115.2180919762686,1
30.30897126127889,81.84464742431078,12.35732384000406,879.4263499158642,1
44.25357714667168,62.66261143870686,10.033391352123106,1154.015863406782,1
20.008326354081106,83.69337776051879,7.447517659499725,678.7458492990779,1
35.39790733765364,55.49689195745518,10.717174744665613,1188.1134811915563,1
50.115539325813764,5.3,5.254148841209963,788.5896135875361,1
28.688466320341213,67.86916198819767,4.326318904417292,956.662198058121,1
58.800930286774104,44.828838505437105,15.10316245782927,667.7547303119319,1
58.287782592132956,32.62141272082084,16.721647701538018,901.2315330172066,1
32.53673570105306,59.05084576191151,4.946689829307097,1317.700831058087,1
50.899213838973836,56.31275934753542,14.60551531150169,1251.1278211819365,1
60.804792773992816,85.38116249236523,19.7,1157.7153231370203,1
31.359394467622742,93.12414325233588,14.416203465614089,1049.231240083425,1
40.31648782131068,53.54362370919958,6.344666972131842,1056.9350975729665,1
25.004767586744364,75.69505088025724,11.58553254187892,715.4791883971207,1
42.43253604360959,44.471647939113964,5.499242535318707,1045.3836540858954,1
44.22478401947465,79.05703626250619,9.871697311610081,1074.679026689891,1
34.15489001056295,16.700955984734165,9.176372224350851,854.7485683181927,1
45.93891506745866,79.77064758971456,16.44391990336186,1076.5282650082202,1
24.58109289275286,61.13791187589636,7.301775458849852,990.6474272049566,1
30.177183753426398,77.25732039810515,11.861946972411593,1151.0849439706553,1
30.46433472541002,6.716043796242815,3.9258740829267795,941.193644115978,1
39.05325429570736,96.75252788253307,15.897499692952785,1151.1223684640322,1
25.43193147828036,50.249803447282495,5.7844198868860675,749.8272167321585,1
65.78173241569408,43.77874649112956,16.71930113080743,930.3078343746838,1
55.1334902852698,58.30878251541732,8.880902362434359,881.4034352146593,1
50.61023259434766,64.59565554240228,14.834458721628334,1079.4929327361015,1
69.0,48.81741160707123,15.850452087495185,947.7967491686468,1
38.23466942424921,44.162690562583364,9.737061801425247,1070.2854907536262,1
46.99632133260953,71.10858644205514,16.23256721622331,1082.266409535393,1
44.76707845316208,36.381072257298136,8.96103991058422,1162.7839163916135,1
42.25719910735389,99.08985717826818,14.024685485609165,1123.72389787539,1
34.06054821570576,61.480087486237224,8.762951056326823,1381.1594384682066,1
47.876102637612725,60.49965820934532,13.427954997507328,1099.1216386395802,1
36.49883450877729,36.09159402583794,6.9145499238415855,792.6410549990597,1
31.951369089566676,99.6,15.674692097485575,912.3109693449679,1
39.059832170963986,43.531519529688666,8.76688158894323,913.0087333755095,1
43.43617697772186,90.00152733817986,15.648718281052055,943.848138120714,1
24.4927061626277,99.6,13.507145447194688,999.2260348251734,1
61.11773523760445,5.3,9.972457562322901,1035.2826016932434,1
45.82409299760313,64.00870615586784,8.458252445129851,1083.9604248985786,1
25.44102614362489,60.23045027195448,12.335625679807292,1107.044332021881,1
41.031762504397555,86.01641541363011,14.437783033063557,823.8405686245076,1
50.58103620354184,71.27081629066602,15.3352397053381,755.9767549295408,1
43.88167029505267,43.747026071033275,13.056562807828772,910.4380561856397,1
37.391095361648624,53.87479130543816,4.856474212752857,1366.607022786182,1
15.290882266286246,99.6,4.893530638225212,1151.2514202738655,1
26.235487439130065,42.18541615097418,4.170220069914216,988.3361493619329,1
28.350576553274145,53.37545841228352,5.326638013573419,1105.8536943566257,1
47.329302629583374,99.6,19.64553226459615,1168.569987620081,1
45.83178764278723,79.04940934301902,14.646239199492788,1072.9076464080993,1
23.026196738747178,65.42719702786287,10.317288694992577,1060.9170294981182,1
54.810906231915894,51.7847644920175,12.638946430979844,1266.5357078706834,1
35.336781747489496,67.03255611948684,12.300134270015192,978.1694913717537,1
44.55972807834369,81.25482990208042,10.31477511174594,980.367617626943,1
62.717546266686256,8.284524949851125,8.419010553993944,1152.2221540736953,1
39.96528689738435,64.88300201856421,15.83863194017061,976.4793309367096,1
41.45748866434648,77.72791284752365,12.012336373916753,942.081298730614,1
56.77112933190936,74.71329684181892,18.33558663071196,892.824409936799,1
66.5308013581748,5.3,11.513914575307975,1254.89392655028,1
41.09825674204425,70.16096900021617,13.689946674915069,985.7962655431988,1
25.246165866816746,39.825266015482626,1.9413507399279126,794.935662012258,1
35.29675126706431,56.501272762580726,13.345166555018661,976.8565606000683,1
34.3473435210568,71.66816470118123,4.534112509326551,1057.981253141443,1
49.56875251583685,66.30821481906011,17.572989257289496,1060.1280893018265,1
37.6688362086192,62.673544555484156,13.545853989348657,1184.4779469411192,1
37.42052946002708,34.26100303257249,7.620539063119676,1025.9520373805585,1
34.61191896292352,99.19788946108176,10.541311196673927,1188.9672837983173,1
45.259417455213864,42.93403278644304,7.930306769489396,885.993357633488,1
43.11657716806432,91.87363179260687,12.536800366838674,947.9654094151513,1
47.36000255745359,29.234258542941504,8.49191703388488,1045.003504331418,1
55.5184735601315,45.64328867539852,13.41665384408092,1253.7668702480664,1
47.465708606635665,38.239852027520186,10.459309065015889,1077.549681387901,1
40.55513644611786,5.3,5.096127330712904,950.919408155068,1
48.69245523570299,77.8875034847472,13.775669643997484,1024.122468847996,1
56.45216450503246,44.16134467365936,17.90424802684143,1140.364258217065,1
39.20007472312763,62.0664673965799,9.648220392954867,911.4318062991928,1
54.73880076639782,33.774176711577674,8.372822244694195,983.4469660872273,1
53.61642926676899,55.95548955450745,13.121097839534752,918.5013397323792,1
42.4044200939815,80.81667599624046,12.19530929543525,1154.004028843322,1
40.28770031971472,81.71873078955082,13.100157616618262,1122.7006133893467,1
42.99962348933415,28.59809857937237,3.3546964426824495,1071.8130551840704,1
48.543563644842564,46.82690113588022,8.044810917367919,945.4977501955432,1
54.14536454885688,64.29985393793073,11.393059482025354,1023.1740198305854,1
44.080032126318315,68.54815299416968,12.661512411862727,1037.761925248239,1
35.00620575402483,70.82595897134097,8.292118319089095,1190.6883705386638,1
53.52975614723644,74.10577950553574,16.070217053824454,1276.0916064941362,1
23.313519246722496,99.6,7.023453905132181,977.2782123634466,1
51.39395683428698,67.77182116735656,13.090780921434966,789.8424866492801,1
37.11972273000686,72.37730846394683,16.339612723008393,972.356096271978,1
26.216237489272615,55.85711607462903,6.104732714445024,1129.9600161231033,1
58.59327665226097,47.21221088582651,18.451148200589344,1265.92734323781,1
42.372072230977565,5.3,1.0,1147.5540535650593,1
35.16698527576336,39.05606655381349,8.386608604443444,1021.4330827363295,1
41.17807260058238,67.38466031742927,11.902788480130694,836.1975501811667,1
36.3226287442005,51.7857589554981,11.861431325166048,895.3838827628622,1
42.91912896584544,49.10145974742263,13.982896310576614,1333.06430396912,1
50.959983380601415,16.22863725094244,10.002883036702533,1254.0057186422946,1
34.70716686946876,47.506522551976175,9.87923967692855,772.3433969140443,1
49.399715749945024,62.962711829580726,13.599935195140386,1097.2058108237513,1
49.81083972193806,46.689422532033696,9.6117555160592,1375.7957777108631,1
10.757069600827528,97.22973625799771,5.008814163261586,992.2975290091971,1
34.0872829060975,87.2628058233398,15.80458555941245,1046.8693550615674,1
36.67500158155742,38.423278005982525,7.20700099668179,868.5304874476103,1
44.4239942783819,65.06467307150963,14.739214139333903,1242.7702356501063,1
35.21546342868383,15.32004629440975,3.424395225228121,977.6584260640766,1
37.96713997497405,18.516866397656997,1.0,1294.325497394067,1
35.61117298651257,52.265106450130084,14.72317493023181,797.4620735919816,1
34.8207610266816,44.30161748511631,10.45048099974586,822.1559568617255,1
51.40765501467966,64.26760181672219,13.576753233878893,1084.633526676595,1
36.61998400144563,78.15307818118863,10.26983635940794,1079.9608181968163,1
31.725175948562445,99.6,13.778048989836314,949.5646915130033,1
57.59868995936226,68.78653145598577,18.241012357410234,1071.1283488333495,1
29.66941869957089,46.635618679288136,7.173204174934741,927.149272354096,1
33.785181231027025,56.87204116028425,4.004099206651499,952.5957017786793,1
69.0,21.573758759842462,18.133068679386547,1158.0803177744442,1
41.52861544594792,66.39784857209041,13.30266149105714,848.2056155340277,1
48.02268733685848,61.12413010128006,16.591552275641344,1077.598284192361,1
52.2818856863244,70.00795603228599,15.387958259735171,810.3053398596519,1
55.44518509253417,49.51926970138821,12.200455513267864,1051.9167369473064,1
52.2898830270433,37.98687912007357,8.826248251185685,947.321479426251,1
39.00698145385705,44.821262064821155,14.245740356982783,530.257690080475,1
43.403732137489165,37.08961132719787,9.667979268897053,1043.0271927357155,1
12.116144536785175,97.36137951718014,2.6258844731207986,1042.434635182405,1
53.242544636886215,67.28554210217897,14.551126803656247,1229.0886017083787,1
35.19492221923646,33.51339101202981,6.087260848688279,920.8956003914822,1
61.57018294905687,53.650921757697105,18.908687761805524,1016.7200080943618,1
59.32384988188613,5.3,9.472676595589762,1243.0342948480034,1
12.569893543061518,72.79072708293249,5.41882273386841,1140.9342984044945,1
38.91085434151932,15.630494589596424,3.6526901141100723,1257.2819618119497,1
18.216368757061186,58.52383301100525,1.356492117075593,978.7311557349033,1
51.830932878331524,75.62054112434441,19.7,1002.5748537000336,1
64.14455016609051,57.31416668252877,16.144494427611512,1201.972916993007,1
28.674700245827808,83.54363886408206,9.069422159687472,961.4662623429434,1
51.36152924557048,26.822100010364892,12.206931358285079,849.5146312474232,1
42.896600027443654,44.587573027761906,10.841581189602703,996.7729586693597,1
26.465345178065675,55.118767151292055,7.6340583406335245,1061.3576088444963,1
43.994241655207034,42.76996830049234,11.831427831832045,918.8221971157379,1
69.0,30.667311131052998,19.7,1186.9619696193395,1
26.57678615078575,99.6,9.423698534708377,853.4690580505381,1
45.85563016428536,35.11171205749015,3.5635074449215747,1079.7306872439983,1
41.272981951375186,31.868140051397503,12.786033652324054,1171.2190236581055,1
6.573126437975077,68.14520580561073,2.220664199340721,771.9537483904387,1
63.08304735518552,81.52030699974884,19.7,1169.2883619350916,1
33.68632334192752,91.96093541882972,13.662148063618048,784.9928362455385,1
35.95258873241569,99.6,12.75625489009234,1169.602882613421,1
26.750134185984926,51.97127347795908,4.379152075331641,1083.13925978383,1
38.17722529463841,40.76440858556505,6.440051596101632,998.7628615582049,1
54.54577474425359,48.42283875804554,18.235548744029366,1009.7399740373754,1
30.42407388760852,82.69475496488351,13.17082423102267,809.5105870676675,1
43.69234354766883,47.51636144770091,5.735775687514385,1106.489852371652,1
23.541476414320314,90.56315132288785,6.933692525763581,956.0126505886013,1
43.44471632863699,22.830576491057535,4.589321430829178,1048.4280281377735,1
34.84704117361133,75.54070405936044,10.967835741757016,1177.5176902463845,1
33.172102652586354,91.75151932198264,10.60409767661066,1151.8407013867613,1
16.234739217564755,60.13712330631013,1.2718391616784022,700.3139355273408,1
23.26872559425916,87.05731385819844,12.209324233587694,1261.820012756145,1
54.452348937671616,75.8158920579896,10.936118444094415,1142.1913219918515,1
40.990311902810724,56.68016558852253,7.0670286385726095,916.4110859783138,1
29.161174402210097,76.88081967894114,5.922170966429944,778.1110062693156,1
38.570786959555676,52.44654178082703,9.834771376323847,1053.1886431091132,1
30.895131981186452,92.71132495573693,11.975820316479894,950.6035404989042,1
55.62010688672059,62.68318875354204,12.297188262687168,989.4891945191472,1
39.91990517046078,33.955827964538166,8.77385805864789,1357.5227833168697,1
39.65370677257426,99.6,17.934279150873987,979.0021847250867,1
34.7325207546343,66.97406210224221,9.933345090810338,1004.3222970132956,1
26.093840370968863,77.27666250009472,6.833657348687525,1006.7687942648857,1
42.42445184404369,81.11895198202201,15.692904249370038,1224.9687531746283,1
52.74779775547,68.74410400461916,18.192210897052348,1030.8212551973809,1
24.36873599737945,60.12619027003412,6.715620385222638,1122.9133160888,1
36.60894704759884,99.6,9.631378843682631,1270.0874977047379,1
37.846278200560874,61.03494430731678,8.558179348617532,927.0162991492215,1
54.1621739993517,5.3,10.22263062441041,761.6156359740247,1
49.03287741848105,70.65660956847536,11.58558376013309,1009.8684633195654,1
53.301694726363166,50.46930114320088,5.286994901152379,1195.1461294652797,1
23.727015061704506,60.28066198692536,7.018158875909466,957.878906837705,1
40.61801135830905,99.6,14.31107380526304,1247.6534653613883,1
26.60143270957238,61.08650591001389,3.2632284021745406,882.852640804681,1
63.319658260275716,46.653104572119744,19.7,878.8422112047557,1
50.77030396636534,52.154930948004925,17.42992979900494,1010.2720674647987,1
39.27036530270499,35.535709520037656,4.0273762559567805,1202.786687802107,1
30.973411455798022,56.97190049570317,4.50092528517146,726.2175736350048,1
18.303888122025263,96.23227690910244,6.207927660106281,706.5678332145249,1
35.654944982155556,37.1924162075187,2.586726971108723,1117.5560406237948,1
52.41788997308261,35.69007281073924,18.065357810825308,860.0640709950533,1
35.88713665123168,75.79419601919965,7.2641170704963125,1244.0012142307573,1
42.38087276572269,55.30481510144922,13.818484417416572,984.7922567334043,1
28.612724275718556,52.21031195564689,8.483589133233075,1059.0339136987516,1
27.33023278706422,93.25962458990882,8.084378837234913,906.7953745564402,1
52.41819680086829,63.16683229784712,16.492322862976252,1217.2367907632479,1
38.91243428044891,99.6,12.556874920223613,902.5496619230506,1
47.11095515115185,48.9221256539482,9.74515807634535,1093.9676305418925,1
11.722673169546557,99.6,7.677099759271052,829.9585418997292,1
21.594359769224234,73.03357565591509,2.3192991263983522,1036.7203344060604,1
61.97812516875136,50.446344146576294,14.12320135576933,1022.3733999547701,1
45.444564391635176,87.27803463545516,14.191868395733465,1047.040648656549,1
25.84762652743623,69.85464952076023,4.68705565467498,927.1255901427547,1
62.070753001072916,8.469600292133507,7.538920315851618,1212.1235031786505,1
54.22425671879875,30.208566716343036,10.074721817060134,1286.207502777282,1
46.04637694880622,33.07684926354849,16.962094870554232,1048.1868397484684,1
36.71950916513373,30.851313790709863,6.668648326348287,1004.2131919430997,1
38.31998460238113,50.61469662417456,7.012209642809811,1112.828046300474,1
22.632480130611963,23.318154055263243,4.051466243274785,999.4573178558512,1
23.60151768418957,79.51945174967686,13.105901679650554,744.7057108965996,1
21.334803048246936,70.2714048348599,2.050371628252879,1159.8233130600813,1
37.87315228049011,15.060428420539075,5.607425038714684,1225.9851903849756,1
33.591735511751345,72.36921569128808,14.764296578215017,1031.6683870814716,1
61.373021445270524,5.3,12.03460004744001,987.8132181449245,1
36.82892988771493,90.86154766723982,13.920602684520505,1081.0483071179324,1
44.44160573586097,5.3,10.051678468721903,945.0634529315046,1
21.828115099204467,10.48201507681415,1.382280214182229,1014.4307741404191,1
36.23588487879935,74.38407225819539,11.61740226423755,1174.1367483810673,1
41.65640810637457,49.931122866909284,8.8974484982957,919.3476257852986,1
37.39196996074328,8.861707659112817,6.563348156610693,963.762244061269,1
42.324783138833716,74.27959386239598,11.584560762581255,869.7389627726975,1
25.334966829721026,70.53120153206085,5.544185910616422,1043.7420695454969,1
57.48609361107265,7.824154417016189,10.826770555976944,1144.5988367992336,1
18.888783208848768,90.58794286582582,9.413388841178692,957.2687168596161,1
31.950255607646895,82.03913654228901,11.862204634693086,790.3988011429778,1
32.05534169003846,99.6,8.41353277561581,985.3717599898564,1
48.20471491850168,99.6,19.7,971.132206029658,1
21.909805797420038,85.11539738889863,8.052675257302168,1107.370086856554,1
8.003447768269396,61.999051431366134,1.0,893.8414194610709,1
54.00976615851715,68.73374354780756,19.158600262931493,761.9333388720049,1
44.38326357764666,92.57026473405175,15.775127597688623,977.446320710442,1
15.09173110221932,99.6,8.508298321389926,972.9593652039373,1
47.68603586767566,33.40858735470665,13.1122074565386,1224.601768380349,1
40.609689374732305,62.23938772768921,13.041023473854267,958.6804811180305,1
30.125628584254834,83.05025472885454,9.177522946234667,1087.163835874384,1
47.335288961795904,31.78228209771406,10.291774117053244,1019.1376097124864,1
39.35629255513616,47.78711025026692,11.544834537168276,1114.6995380660455,1
30.22068800566199,71.50305822999569,9.080203668760452,1111.9730653429438,1
67.73899998960034,27.45868574354985,18.04677168084809,1160.2060110900059,1
69.0,10.640809380569529,17.73045242686127,1214.0397753076945,1
35.98104784004712,70.8084754439105,12.453324514637895,1037.0188810170641,1
32.42314238688155,81.71577357131862,4.6045510521428685,1160.974242366183,1
67.69506210722531,5.3,14.335859249678258,1111.2934246835514,1
36.13108938703443,44.98097736980683,10.912187796046265,1112.6615411566947,1
57.78404479681078,7.654616282645726,11.652046581715105,1053.9353031772002,1
36.8895704006699,93.08180432198247,13.902853381973424,988.0219191219662,1
62.67740525765734,5.3,14.635976062803623,1088.6369074820086,1
48.63908472432374,64.95332950306316,12.460346852726122,895.6029669773827,1
44.65068889527982,99.6,12.756419592290836,1102.9288383770177,1
31.17020665127616,44.58584271582737,9.209810696437097,822.0350010760151,1
54.467856621332544,22.749134153220623,12.06077085305179,998.8700784435192,1
4.2,92.50823710887707,1.0,913.1165295164836,1
36.442601674319015,25.266490223131022,6.231383383778319,1002.9264084550332,1
37.841614168336065,99.6,16.325244477835394,1005.4383485765989,1
48.38976563817248,29.155408861644226,6.417631307282279,957.3460243547959,1
35.605773977574756,21.72557744789234,5.732783034737862,865.2568899152677,1
55.99390937311334,5.3,3.34368794565552,866.2978138414425,1
62.869063719230226,46.59088670899207,16.842950728295655,1112.3165151923142,1
32.20313617342102,16.935861401350103,6.707487792519914,967.0494115352324,1
42.23660768707967,31.599571370994134,7.529590132357183,1349.6996733200974,1
55.16330527541575,83.21498702512883,10.530634321495985,1284.9088268840533,1
6.931275681724806,78.08854179769237,1.3848177056012823,1025.6808529884904,1
34.83483626980123,99.6,15.391654963028026,830.4164517182298,1
42.91357147466306,72.22765249682527,11.525298957942155,1161.295698756728,1
32.16641271525698,52.525433586018046,10.632750887378302,745.4654722213941,1
41.926235502182855,65.14589164330307,12.951732020537928,932.4022399862205,1
45.63075868790131,32.39031911142251,13.031814464605153,850.1509522439492,1
46.4659279418075,61.2110987428015,12.284315292985267,1053.761286226206,1
37.476018350038196,60.90450315967577,6.736717467848946,822.7693757732651,1
49.07130737824459,69.2587394668272,14.495711676237125,1071.0525996121903,1
41.29729862285316,58.64178177974629,7.776804971226902,1089.1137819583691,1
28.247303104616073,56.27861392942366,7.016153521866772,1084.7082915426638,1
24.136081953061844,45.84194134403969,6.390030073625752,1124.2851194003438,1
25.872558335928094,39.07107598663476,7.7377803273639,942.1985523262813,1
58.14201440113462,35.47603430144336,9.997802913520333,938.7685251188994,1
45.713518544091855,60.60445630072478,15.345675566893465,1000.8509035562548,1
48.79797207130281,74.90971627759205,8.642590220624824,1304.8878541569052,1
35.405920212253534,99.6,17.63906894642773,800.115492539955,1
25.074949163170793,91.28767605346661,10.598313115343608,927.8785101646009,1
39.36123995595899,54.135587165610374,9.27148168751569,673.4497716532243,1
22.389528302319047,80.27565673009948,6.5949854373201395,1137.0204558180683,1
69.0,25.011532319145594,19.7,938.6931559024977,1
52.48591797959299,51.42661115398818,11.67821777494866,1015.9578161000102,1
39.53299516375846,5.3,8.04520382908099,950.3962163462596,1
46.802697072415526,79.3231022293213,13.345797145254199,1053.5381695511046,1
47.779673306135514,79.59650788905086,13.104885853481008,1333.5325571969092,1
42.66853524846134,51.84510503922016,9.123301177093795,1004.6223754428626,1
52.40162614485584,76.2596854925464,16.293780093757253,1319.9770694291078,1
34.865052225466556,35.44916273887563,6.891036401795927,887.5854740092631,1
53.61065004407145,83.9269995728952,19.7,1103.1353294202,1
44.17930383703095,97.28255969656897,13.22086102321588,1051.1452584626206,1
51.83164827869186,33.51322668095277,5.0152780832275345,1017.6529870475943,1
43.060335177604166,66.06401125378146,10.325017014806514,1053.0440370553051,1
40.12021210965556,59.83541715512832,12.234574563094133,991.8470151715619,1
22.867312354490934,71.23552124787867,7.723230277286196,1089.6179756048828,1
38.22461874645969,27.601658821404065,10.341658697483672,899.8548742100934,1
45.725719338324325,53.47501098435181,15.769309804498192,1262.081986246084,1
30.520111624383354,79.22710479768531,10.973261164167715,885.3061985764224,1
30.067847055676875,89.36052798305951,10.28004648303859,956.6306732190152,1
41.35852878987884,82.53270722866327,17.380462044094216,982.2644087914957,1
38.91966814268419,87.09460642838377,10.012805911495558,1183.0728393275278,1
60.74153956793043,60.59029851173034,13.765061456624466,1157.4309565574667,1
45.94908009086615,53.069815337934,14.965248766269553,715.3190486051351,1
44.86729205463848,34.892544464744546,13.192768542731288,938.8895908721712,1
37.43792535929512,87.11580129638065,12.079683888637057,1331.6061476774241,1
51.11853599140516,54.33967755535042,12.195671798739873,1161.5468232105945,1
54.87350366651519,40.20758402380849,11.166951089057086,869.9444440812196,1
47.629160585365256,62.59163241047018,16.360483828541653,1086.3536086065476,1
54.834582590713055,52.96346185024667,18.716525847818883,972.0065914660456,1
41.37677233062813,32.799562785195015,4.727112421811025,1448.6584992522942,1
36.03714322882092,64.7137638931654,12.06682595846614,833.1306859659211,1
32.97330011246436,27.84738177570187,4.9919507858893155,544.8586447005983,1
26.396208801150703,82.24439189833801,9.213283807422574,1003.3800257515408,1
52.8149901314521,59.264797142156006,14.391843761457645,1193.582087446733,1
34.19410943151226,57.95885976168979,7.796916493863664,1153.908579707219,1
35.55809689406676,54.199952888812646,5.017101442898766,1083.3958218273065,1
40.28462047372528,24.447517671738375,7.55390906454056,985.0036530690871,1
34.63809097516396,48.957589784729194,2.2261073180994924,928.2703284531897,1
65.84164851921533,34.551409936712936,16.462702353366204,1257.6952272687427,1
31.821683591220115,87.50250153966175,11.299210298857167,1077.9302291664558,1
15.66353109361254,78.54256588209674,7.615991700077064,707.5573063819941,1
39.81188343330434,37.39917654403552,7.918014833811535,1123.8253950807316,1
45.13368081522655,79.61420254875588,17.024801995543363,984.608392113362,1
37.10744288377335,62.658758158367704,10.732865308391899,1058.3364566106234,1
49.390984080547106,23.91041743207407,8.26234283796447,1239.1629954269276,1
31.55451362888916,53.83388986901808,9.383967133745058,959.8078778738593,1
36.112900784856684,23.612911438334898,5.822882021979184,916.2614984176959,1
54.94931556868161,14.665907867516616,8.534820047721277,1192.8794639645646,1
45.94059625756971,49.81162266655518,5.574088519597508,1285.7126800123801,1
7.076782536824183,70.48981027343423,1.0,956.9586360153921,1
22.791497544519842,82.35413623751346,6.004834759763408,1090.5274108714766,1
60.71268997754414,43.579090305360545,17.105152315365217,1133.183165311321,1
31.274982224921015,46.83892330249607,10.698753171695294,756.5194294754967,1
37.0459586347495,29.468843742496116,10.810012692070346,767.0547967219516,1
58.150873763224425,40.98014909750087,12.837237911973016,1157.4231698590634,1
55.974982827170926,47.03163501246303,15.453932025760063,1488.0625576898528,1
56.614459270344824,32.98503677568114,16.856134544123275,965.3483536797254,1
30.47760628207132,41.76682436696842,8.040509511239875,707.6570317697084,1
62.86261179002844,42.92169560945301,14.716183709672427,1103.0074071040694,1
33.1763514991243,76.80277487156067,10.378367239944309,1291.3376423236687,1
62.57745543288321,60.69706525344531,17.090199948270353,1016.5686970435728,1
32.53618020421504,77.58661260663024,6.98300217584991,1127.373113876461,1
34.971132269168926,99.6,11.431296804881784,1116.1889331636282,1
34.093929154369164,87.46224410180221,11.335415493520026,1013.0001043833449,1
60.770819611041546,54.169172682744495,14.441238532533527,772.5873887548711,1
67.30070288454493,92.58426949353304,19.7,1016.1609324031263,1
47.851755716395644,49.22270913273709,14.106119934771607,915.9709968977403,1
52.06408235808125,56.21333603023415,18.348109941213153,1130.3455911144124,1
50.61148158703249,25.440315946322606,7.825596934181577,1260.3615323606068,1
28.306888936817877,38.686955178186366,5.844672022513814,999.4148045158859,1
21.246835912627038,54.60313492973535,7.489860455934477,1158.837432029182,1
33.6014554858215,39.11733369719197,10.809301022696125,887.7238757095025,1
34.20716387613772,98.06002275637478,9.976270071910074,1093.7266930431547,1
11.115526454221392,74.67360088777173,2.4487118369875542,1183.904096620153,1
54.37672563741148,99.4068202774668,17.34939774417036,970.2616418530117,1
31.406380704394444,52.84952801281528,10.681270401773235,808.2183966268574,1
54.958670419028735,23.351742370133948,15.624117210897564,1112.9833674065917,1
39.78341924859321,99.6,11.151803950545037,958.5124526637537,1
62.08601035211505,68.09229758555354,19.7,849.2634168995892,1
14.896851384161284,97.98804939659503,6.447966047099136,1106.1423104061882,1
57.025278600835776,75.37159252476127,13.680764500842784,1068.6046590987003,1
36.39952929409932,76.76673149167664,6.168055018891394,831.4227978048916,1
40.929091614195436,41.56188054989019,13.416577844475658,1222.729408055418,1
30.974700176158215,68.77648029150106,8.897606615989721,822.7031044911312,1
39.554982595886635,32.36773655443883,10.065008570017282,715.111205714067,1
24.56424159738998,45.03549051092884,1.0,807.2343222667732,1
15.529599944248389,72.24491214725289,9.196303561571494,955.6588752948833,1
28.438145226780374,15.70934233915402,2.6535624601467838,1019.3826231319323,1
36.01079612843789,65.93486499748676,14.787480437823179,652.719110784887,1
25.877209721980034,55.73917729581312,5.501022773223401,1077.980097418361,1
53.33062336064337,50.09561759520407,15.312653854949179,1279.3368995813871,1
35.42341086554958,19.872911361800917,9.011774481314722,919.5005970211209,1
24.812984614115564,34.6499183742943,1.0,1125.2393252982888,1
42.47957260715495,80.64896706920933,16.125982307440324,753.9082605047372,1
53.894398105966495,39.19965351258215,15.044451115702131,916.4330385360806,1
45.13487727529849,99.6,14.099152392921876,1128.0596337594886,1
61.421988710974404,33.37553491731771,16.472230778469253,945.5029432364345,1
54.38141537840131,44.03867309231279,9.598627525280843,1201.2598880566666,1
40.87899571056864,79.91499441157384,7.0136262342352556,904.4032963292461,1
43.79689110286951,40.6364666290602,6.108218436759333,881.8856269895153,1
36.99856105236334,81.6528766580272,19.7,842.846867358605,1
39.33508803416034,38.81108052749831,8.957063926903501,1130.2600904079345,1
38.70947924081213,50.947435381627564,9.48454220180034,982.0670208425054,1
17.686785545154734,97.28608298033855,11.164893868708505,797.8514535757461,1
47.353528580088195,32.45463769827771,5.163935598882571,919.0936513199804,1
44.56825418905877,90.34045573434062,11.562320793543464,1035.6601592313357,1
64.29441833107565,81.68815235702306,19.7,1096.2374816191054,1
40.67750741449581,48.319412316853814,11.449361990839,690.3387782623415,1
43.00204067518231,58.66290163025236,8.69053101691878,1087.8551765369846,1
20.56761765615173,99.6,10.037616159292519,772.0370919287177,1
41.94837497650797,55.5239200722282,11.758659970491111,738.4630681509395,1
44.373190506441546,94.88435073126234,10.407956554360235,1018.8205222719359,1
41.446374317521915,57.49846742267391,4.1700373008261735,1163.4011687625325,1
46.070547658694466,46.26244696166067,9.265156717589417,1044.9900409786608,1
45.4367045664139,76.90392185209777,14.489588880837458,1086.6678410062511,1
34.59059404587782,85.72646625603952,13.44800795456846,677.6400262331364,1
69.0,35.208826442773926,17.31603735554783,1127.2325384877686,1
45.66965377307902,72.15791575300682,15.90670399706621,901.4618240094093,1
47.90883833089886,58.383916587860156,15.320351345622292,888.0505599481376,1
31.002906413724165,38.159622361529074,1.0,1084.9858048680067,1
4.2,99.6,2.3577452556083625,1008.8227053284203,1
48.22648246854095,65.3065297198724,11.801879759830747,912.1774693204701,1
19.925159462136723,33.489544115030114,2.9669896422194544,786.0132114803957,1
42.41105953639678,70.02493950271646,9.656107986591731,981.2970594566075,1
30.889076681616025,82.25955079681539,10.71667060250737,1012.2773668581775,1
48.33519267736361,15.697603199078344,11.41794365013526,980.734327144643,1
29.851539488299224,26.208484373605494,4.716450072240253,715.6946985184154,1
27.006945636641575,96.84142060962074,11.412921924489224,990.5609160383283,1
57.82224236088113,35.207785391188835,18.998291362846263,1020.5498437776716,1
39.107398358873205,64.78182666304463,13.195497493231096,888.9342270032312,1
35.70086745241534,60.46963920216737,10.739202551518,795.784620221293,1
33.24316356452997,73.68755772775292,15.948321270210805,756.6531201329478,1
56.43504752065809,32.295876653229826,12.725311355149707,1001.9325708907235,1
34.74711078152169,82.29644905287493,13.40102768407435,801.4874390865775,1
39.202181885264686,71.14009629571916,10.995125602648985,1173.5317387285131,1
55.013765470106705,22.58947560229217,13.158910013829857,831.3212115764903,1
38.53880898149377,19.215474382266372,7.496439456142134,922.7452619292876,1
52.58142440441489,45.66303583519676,14.51132967404935,923.9421147360134,1
34.600749744422856,68.96702884706202,10.419220247190392,805.1639357544952,1
43.01053557822585,57.13233354226222,7.967961608627956,1372.6764065222071,1
28.11415682411885,81.86383775388724,14.252183104951646,1198.7117471935967,1
21.00901046845871,98.73272789650144,7.7512690237852775,817.1973203140471,1
30.539753359205342,71.58390483045791,11.349566919175013,1112.4442266147416,1
34.473680152089266,62.406681296350484,10.879254810808533,1039.429048335762,1
31.507061028450362,98.5862971619301,9.741998208067688,848.0641552137589,1
40.52381754901875,67.87105859562648,9.276780181438994,1032.2973462665311,1
34.60442420583523,99.6,12.424793696877714,1248.9951509506761,1
57.33572676101251,25.480001022031708,16.580992764199827,1125.6961042928542,1
25.51048361512224,99.6,12.140973714770137,780.978413388259,1
29.0967147104723,94.83837227990463,14.60862580531502,1463.2339885848144,1
38.7046096768794,53.362765919914295,15.54780741904198,888.6995453727263,1
56.42817941993451,85.15441723553732,14.105830892162558,701.2873045133555,1
36.55039582308056,64.70733917838955,5.7666092499840875,825.7447547682945,1
38.60593340480704,68.16009542263559,9.326337830119696,1138.0031334549767,1
24.9172968881234,78.99423964008305,7.733311467047024,1181.0731276820272,1
67.65615401697647,93.0224649853559,19.7,932.3435638622111,1
6.8999561646377074,43.82300085253515,1.0,1155.3200369798692,1
43.68093203308281,50.81524244105169,14.343528277818198,612.7266823512698,1
52.09898899577699,14.781620928675181,12.246197986453701,756.0101940611457,1
30.707704578258237,33.63773219445795,3.9408555200737485,1239.531530571635,1
39.11356450665164,49.7278952829883,9.108163032953929,1124.9106828596664,1
27.23357984949736,64.22706294679413,9.457940506392198,997.913120000539,1
39.51025496463957,88.06896582253759,14.971791691667395,1172.7802148010917,1
33.97670471218798,78.84425198960204,9.888213714260171,1002.5581918042193,1
43.38492801816654,54.07628388448356,12.692840036939867,891.9683232273499,1
29.808327646441732,78.11091458853761,10.219327864583262,827.0101194450546,1
33.670408120906075,79.44322468852951,14.476871179997499,960.6025989211184,1
51.00389154707687,99.50939503568964,14.112217050739321,1165.769584505449,1
34.28607406862576,99.6,15.59371277798018,935.4671158238583,1
35.11162677436461,72.16847221621123,11.12247636428902,962.0609381974243,1
14.059340960842242,62.16854403949648,4.848729685857312,1058.7299217097845,1
34.02418841930245,79.09448668063392,8.80516358819108,651.5532252717705,1
56.506123620263565,8.569051161865374,15.973856531924028,1145.6583666142112,1
41.579021364535635,89.28221159029692,13.109515866034364,1211.9199610886678,1
45.36397351430855,51.211933181527314,11.95889880377787,885.4990112956931,1
45.282498477872466,87.55824388732016,18.23525498237032,1072.7658650509984,1
57.78628942436228,15.354574587623048,8.029684545827912,1298.9677787809228,1
33.5677606412513,19.301195451903403,6.587585106110164,912.9646410831756,1
35.343774873383964,99.6,12.725549828743944,861.574855417857,1
25.518781956429777,71.81292370112918,9.945647733616642,840.6226466753006,1
25.505456732750787,73.9357775334722,4.426211095438543,1154.675360885446,1
39.47397890207414,83.7111451666255,13.032991671344448,1006.0115937322554,1
34.66505249030547,86.34051906657102,8.551032712377724,1142.6996573450356,1
37.32636242985613,85.93498651201544,14.814275489772871,1146.8448836983148,1
9.813333279709326,79.43016553525138,1.1598203159378695,798.509201532936,1
44.389228208741244,84.70666144981467,13.395928364553484,861.683632636531,1
36.92119529209772,44.34469416977081,5.213005756879904,1032.3545534982668,1
39.26725308885264,85.46393081844846,11.723231219404814,1173.7416783672888,1
19.185036316251995,48.2799006242042,1.0,1167.7511159949065,1
50.01755273461171,46.37132221988966,14.293786553122331,1089.5230545118425,1
48.485511614866866,9.597680842593704,5.791574150619262,1132.0822060133723,1
24.805351393659826,72.29495414311276,2.747745951315764,1113.4954368720428,1
39.378419441088056,75.99842483965668,10.854051274010667,1125.2386163495898,1
43.43218322776141,70.66778690076731,9.843859816112312,1249.0106954594798,1
44.305757620045576,37.23424274664438,11.074449525275577,920.9434325977635,1
32.363984110010676,68.03526121542485,6.040335144538827,1349.9487732593418,1
33.43983080079397,5.3,2.588870732075792,1134.9849054985875,1
35.09583553932787,99.6,15.542366261444899,853.8859929284786,1
66.500418904828,79.53516194637851,19.7,1059.8622345885744,1
57.18475502179327,20.03764370484521,9.990233579796456,942.1160847731984,1
35.590718203443885,64.06616462524151,5.670593742745774,1427.9481607026519,1
33.52799054859831,71.56567783306926,7.485402795716995,702.2309796413026,1
20.78318402400165,99.6,12.655636485809758,982.1615879110648,1
29.456600950444084,90.83921251455455,13.404902621880463,820.4814586728392,1
61.17727374141144,90.48655501956083,19.7,957.9840440336776,1
29.217447638042493,75.23252210337564,8.588531109325983,1047.8244795547448,1
43.721026819212064,99.6,19.7,1223.5452497470058,1
41.921120852051125,57.68765654132326,10.999296247148758,915.7545709626847,1
28.874499426047304,75.46310507154827,8.668180134257586,849.2463608491356,1
26.331503825192343,41.43561617242494,4.217146915329096,732.6477552724286,1
33.53391284256914,70.79455919687578,15.66552316745043,865.5506554949541,1
38.544746815168175,53.339555147743894,10.328692516783015,1181.443331435445,1
65.69307070762204,5.695694143630462,17.55306448546937,1091.5008383258944,1
66.13550520438166,14.380091267584532,12.872308969142573,840.8940763163661,1
45.291327618568836,99.6,18.320293760351838,800.5369363971752,1
50.984522134585134,18.523756000016405,8.32490121402801,995.1139858595789,1
37.35384913139672,48.12663423364591,8.3891910889999,977.6378626761857,1
24.053586027778675,80.94606250727504,6.718451128417681,1319.2065821745484,1
59.905914685586794,32.598483915442515,13.434871731965371,1072.5366353916772,1
36.74274985582813,73.57311708426403,10.667273717693737,1004.0164404928374,1
59.33851175189087,57.0803463753882,16.10170541671213,1234.8165878248183,1
48.85629361523924,73.44661438690342,15.803738370521447,817.7845930940165,1
45.620873369224256,43.73314162566123,15.438240549614022,1149.5283515270996,1
29.165125467036873,65.92739774253786,7.6291116002896615,849.7841339998481,1
28.525394565056015,69.43506430828072,12.428814255245658,1019.7287483427513,1
32.570916978435,35.2216284760002,8.121402003184038,904.2697968879576,1
32.11277314440706,9.566839093698903,1.295043375439377,1195.6448298918838,1
38.514537684238775,43.03377870815511,7.5973925288012065,1080.2104676936872,1
38.125216128738565,49.949470458721386,10.2960294081004,1212.6048925029859,1
26.933287116940445,67.33287709192868,7.77742220301651,972.2762697560596,1
60.19484948692609,69.27221979589396,17.362243650745153,1094.3089036943454,1
23.780256978884125,50.07889557536409,4.2317774220866395,921.1254737631562,1
17.101041055298808,35.59701979667163,1.63023633686195,951.3556937817802,1
26.752986369276478,33.017699464977234,1.8027425955192609,1181.6384745802936,1
33.42675038760804,26.793058228417415,6.25661365391723,897.7896518809378,1
35.64758999293229,61.481887478138646,11.706069435854493,1129.7568545101233,1
30.590857748410123,70.95108528059022,11.75705548343808,974.5678979213263,1
36.22277129552354,84.99278286195043,15.356817568045468,967.7444826265975,1
15.19441555386107,99.6,8.719545326854044,1233.570986514998,1
24.73142720146914,90.26534751187893,10.303123941934782,933.7900258358486,1
50.241531266508986,19.883458797831764,7.400086932983447,1262.435132656635,1
23.693209517106077,99.6,11.677162210819287,1082.2180205759248,1
63.622626697977076,28.993744289032797,13.239907143559547,1053.1166976585955,1
39.75545029440094,67.6112550038986,12.093821719747812,1152.5530854505894,1
15.529218963846233,80.93639834217396,12.07435479304295,1077.36113721142,1
20.800950449727903,79.83908345435107,2.2945833756268392,1003.4811032531912,1
50.680140659857145,82.45537077280733,15.45064286862121,1074.993809837766,1
42.72182086735994,59.9720346024713,9.03944868843059,1154.5622703532113,1
31.09259598656366,65.64535197384271,7.702746900408785,1080.510564377683,1
33.91206092333408,44.951126637778806,12.14803162019117,900.4249292084224,1
21.003680055550486,69.36139780781293,3.855565244866124,1193.3878573313389,1
46.74213341646636,63.49813750853595,2.999808679290748,1448.1000519901434,1
29.96584549601824,82.28534130048666,10.245934931110847,824.2045641748148,1
47.21367361321592,90.55038745018808,18.547677811415785,1218.6210815961745,1
47.33587196083968,77.06374702332894,18.46611481144351,1046.825093882453,1
37.44669793264297,29.882916139888042,8.904109662889464,803.9932125636183,1
51.20105820950698,68.34168471488695,8.69835021453528,1207.4404805937113,1
20.027329541533298,79.34879712972815,9.862499895432023,865.9984888532422,1
47.54221939002581,46.078215364970305,17.91111291124053,940.555872901204,1
49.9591290999669,54.75359930738977,10.65517288139125,1017.8736674307686,1
50.50824836324631,58.10774436555876,9.993569176876091,952.56220611336,1
56.871928047960594,28.120718799356588,10.849441742923194,1215.102077893857,1
39.810941739078025,95.93273819433688,13.307253475201293,806.6659530550634,1
38.040520830527925,7.242830134841988,8.374331123052647,780.6177000212183,1
48.323527704922725,6.364473868052563,10.016697341630476,1111.2661211326695,1
20.117163733196133,65.13085466314189,6.402053579196424,1040.8007432966324,1
48.31417499391475,58.31504905247131,12.721420594791391,806.0243396391099,1
48.11875668727958,80.63360631648264,19.316316778976777,1009.1520464503496,1
39.59881941431249,56.42640359809947,8.020739396669565,1106.5285118735624,1
27.877461966384285,93.52303990013847,12.276350282011006,806.7597268237726,1
23.212661127189836,94.97564932061812,11.182187281373507,1033.3230315010594,1
42.663999307925145,40.655555317758676,5.151191363521367,1125.9962946638323,1
45.46660862580552,28.507086979910603,6.837394448255046,1152.6805207057996,1
45.379551519023835,75.48456154242501,10.837952173962885,1153.8111161752367,1
40.80270937459404,26.085748841454645,2.1667994622081608,1286.3244467058794,1
38.49125758384641,86.99278269652575,12.152583593063937,1004.3344215503622,1
57.655426045692124,6.946629741598528,8.163302887382466,1088.171771947858,1
66.86301256029913,35.22167468422213,13.96426137313804,1138.67242042835,1
34.215363848308165,55.7586047965309,16.1617966040358,806.9110545757418,1
40.19490327469028,82.0877338967108,9.871669477620516,987.7005366848413,1
26.808870325659388,44.80732676098407,9.646704020101934,835.6396968238616,1
37.68489007500074,87.11458864428677,9.83371195436162,1087.1866605730838,1
47.73943296990826,30.865034619227348,10.848865409219568,999.3522316260404,1
54.27505611725106,41.21299977352899,6.6696334149591205,1038.285060821501,1
40.08329451600948,34.247640000688556,6.551367725965588,953.4645960100796,1
44.19888557519144,45.99443203161643,9.353033653890424,1195.164418851487,1
11.171587514901905,86.39504682125016,5.755055836169025,751.0181293651797,1
33.33659967746175,61.92774294263874,6.168691810198951,1300.8980367976076,1
52.11965807690056,65.4328405922795,15.55817805032734,1246.3584073974769,1
40.16150348845607,92.69448913321062,17.182311125897108,908.5005266851963,1
49.51707420340218,92.17244766906859,17.5807490238137,1153.9672707735945,1
34.595567803938096,80.17826936994415,16.03743082400971,978.3274337850842,1
27.311546522310472,99.6,10.993464554495592,1171.8356056873797,1
38.08328492412466,41.4607999620804,1.0,1131.2545671968378,1
47.08571510690356,5.3,7.883931856228652,1122.0520765727222,1
28.15005726717071,60.791491056719664,10.166988987653873,848.2650851162688,1
35.99029600412385,70.83253969936318,9.245967007710437,943.6161468956958,1
43.22980640187913,95.1709289296182,14.63362444924221,1022.9238212723164,1
41.38763190705395,74.16106084876856,13.144307887198716,1166.6896673659921,1
19.906246449525277,72.53239336542757,9.197481422630013,882.1551838675043,1
35.374248740478166,56.92593635928148,12.991543860286033,948.7598050093918,1
43.62014984530717,26.250982199378136,11.14365934717305,840.0740671823922,1
37.441354907734066,81.05766571881722,13.296168558777563,822.6340562890168,1
47.034006813165945,38.45173560810008,6.952310165989646,888.8810399120196,1
52.70217645407342,90.31527688491929,14.403188457536578,987.6126610118004,1
46.20469963567518,24.375207353382372,9.99521527034463,975.0235122217945,1
23.577479086528804,99.6,11.004771077052135,847.2411630800369,1
45.49290546656574,77.08121044723323,15.235690945782888,939.4688416900472,1
47.927200851621016,41.50353511293355,8.694253934876734,776.100501221224,1
62.29057321080684,24.929909686674932,11.978274299713418,1277.0077804996445,1
12.226782919632843,99.6,6.711977107286889,826.6013506166076,1
49.45186211928848,67.91010522401017,15.063407585352191,1197.3373100107792,1
35.42114929425508,99.6,10.205482589109097,1122.6724261609693,1
38.882009751567715,95.21233880065319,14.803067477970728,994.1750597021489,1
35.62226230953389,53.20507958702286,4.9272681336737225,1056.5355849355285,1
20.346897629832096,99.6,13.022709694473685,1035.4329954627551,1
31.67144841583393,49.1457556405874,4.663507874968907,1172.5766430631681,1
58.99633412503317,58.421563173352524,13.983856964809435,1166.4347847185065,1
60.43889628363938,65.70927402416785,13.537037706362335,840.3603428119544,1
62.25821057946129,41.08676748477369,17.54782595078591,999.6619085995477,1
43.1049049744968,10.656667618928168,9.293260605160693,823.868025349674,1
63.80912598672172,5.3,7.8730665568300395,1344.649037437111,1
24.19176028188659,15.094531931310499,1.125665335780381,1062.7853352290779,1
48.54195993224238,63.29245829909937,19.23099434569524,874.2869824972715,1
34.91966049338284,15.608865221910257,5.856035260339399,1117.842523715486,1
50.59356237075727,5.3,7.35620369236552,748.6459374815827,1
60.58665531699542,5.3,12.902105375598333,1304.1989221598524,1
59.17305939679669,19.890999374538602,8.57381787279925,1135.4327928466794,1
31.415273393488206,74.53410246357892,9.164241872166135,1056.212145547661,1
45.3042940956118,71.78493429275323,12.46202004297786,930.1421498788302,1
59.39770140241557,62.23803836572624,17.41913459434644,716.5755534414042,1
39.254979338060856,9.094352766015028,2.492158822340599,1009.5159835159534,1
21.597658343320525,63.49967193613177,3.6294549886044782,660.9687836458261,1
69.0,99.6,19.7,1385.3492640565846,1
29.725783204263934,86.13266681919362,10.909065054508773,992.691221607475,1
49.35441763535094,29.919116907239,8.507753168939779,930.7001908965266,1
39.61720094597911,39.73173573054338,15.874427809650689,899.8294828329952,1
32.54879138920448,84.85007284088022,8.51243155420361,1090.797053649863,1
37.57532528635574,85.23883402272604,18.799007094989914,950.2889821764538,1
24.926955815943195,80.72021948254083,4.481699844890958,1086.0215044135637,1
33.48337585360602,42.381203043981145,9.971283158492302,1128.7774275003617,1
51.04624202324714,45.109604095421574,10.343172738506205,1136.696230331345,1
31.369122301557844,77.58775407647194,11.270117660437803,843.8110518865499,1
43.52225463927406,32.83039480073268,2.1319143454588545,1185.3724010330427,1
24.629486326189877,81.23107681107415,3.799878980250856,983.2519346191074,1
41.845907513388326,50.64756280452106,12.432975993461824,1078.0963245545745,1
45.63486960119959,12.492234654165173,10.550361704280407,1252.5251485152276,1
53.11292690075985,65.69881470253428,14.632818441237017,892.8673594080171,1
53.41787263681145,27.667811930209787,4.476352101352218,784.8519526296096,1
41.66732602984843,69.36095497185444,13.727180446990154,1056.6390921445397,1
40.181242230412934,35.08253879210728,3.4611876922379006,892.4710670902382,1
48.894636717713425,5.3,7.925534114892914,1075.177390094178,1
68.59398676973316,55.366678573136866,19.15368004421211,969.9940357888686,1
48.19460771013863,26.558007855001257,4.892290134278022,1029.821016715289,1
49.43986231440603,86.76088108355879,14.43728621308921,959.9567704402069,1
39.81260516320585,26.47583329675914,9.599606734115499,942.6208091984112,1
34.151263060156246,58.58839234756617,1.7265699330541633,953.4509302168036,1
21.68661621071139,87.95950979523079,7.37156552851128,1008.3954299047227,1
20.3772023641775,99.6,10.55645747673293,1020.5975240814186,1
43.195492759603106,86.00119411061351,15.663970990488975,940.9596446976668,1
68.9157107701049,52.97288921868265,17.377389536441783,1128.5660592657775,1
34.840768092372706,50.97711702305322,15.708500299723703,754.1988856383796,1
45.267176128144726,81.06510065925056,15.363715371931855,1376.1999466747056,1
22.90820794657428,84.5282684816678,7.262890249764102,893.2930460281242,1
33.849225431786344,91.8493687924772,11.596455043873812,842.6380195225814,1
35.1316258329113,77.18897597247523,13.402916141442727,865.8991648564702,1
41.80600305292012,37.53008214572394,8.193205877401748,942.2765812272575,1
38.67002874429073,59.75721095605348,9.574544497486812,1077.207300404047,1
24.64545529340171,99.6,10.690979965994494,1022.3089211902894,1
57.77198380514698,66.40812795478217,16.954072456499624,873.5986801332355,1
67.90216415028368,44.881774248317356,18.230246973697962,1054.0855352680255,1
35.37175238753646,80.32147576950119,9.893995981328379,947.5325745815959,1
47.26071625125947,72.82770294988556,15.952218351193643,1134.3668255650475,1
16.68160811103605,81.3411771486183,7.737477586691467,1135.7232214101343,1
37.69528915494069,79.20641308666977,11.468309509771007,1304.9026520731754,1
40.374564936870975,25.721440529727964,7.5594538450936115,1248.5243576641994,1
33.17402185868793,49.563023243251344,13.348339815813368,820.4227393782028,1
26.81841066414623,84.97942471053557,7.971280663034316,859.2946256479381,1
57.29400516501242,51.850271274335356,15.592389239626556,948.3636009615402,1
33.19306090260042,72.90036103410121,12.583774317805709,984.8826071536553,1
25.742432343604577,52.294234850511714,6.753137787962827,1029.3174464956378,1
27.012791656204335,86.55279194095041,10.489411571390145,994.7998990756025,1
59.42022373518839,66.06114431053268,13.589212125203904,831.1497196925368,1
30.624224768783662,77.19005402568006,10.472499081163086,914.1713757613455,1
49.94413082103774,65.56374850277807,14.398375670210747,1049.5754649362925,1
43.59205889500809,71.52219529103223,11.962861646586004,1112.5751540859176,1
24.692907358415482,63.780585875914326,11.65047008493715,886.0773267847475,1
36.76954332549608,47.04292282702934,11.724123821912187,895.8482562825554,1
38.83933855714991,33.38395629892222,6.597070876759875,1010.884808902586,1
40.35658448641675,60.511027086874066,10.22920017755899,889.7604809392777,1
35.013935223313155,32.410629453241135,7.494046856482239,999.4014599121609,1
48.37892340241932,27.969173766554633,7.250167303315016,933.899120252903,1
43.81119119150277,79.6823891450594,9.653235764438941,828.8991644192506,1
38.28388646438258,99.6,17.49023525659407,939.0883093736937,1
37.486525555535486,80.83484857907581,10.05770726884035,916.1679515469215,1
48.90300873028702,54.40998292397484,11.88390015418391,1106.900049960803,1
43.42587603259119,27.004316063448584,9.656685113254284,1244.611241164224,1
38.643292637189624,87.13870379000771,8.439213018825637,830.658936795598,1
21.66387756060816,68.20652453320683,4.485961851759243,552.3574238073771,1
49.4590354860172,12.23574967099077,6.610958481259902,874.032605074143,1
28.568838471029427,99.6,15.9239836114775,1046.2219766397718,1
32.50886646452058,67.93096893868123,10.977437967839087,1030.1408159091236,1
18.695966166753628,52.13217984053223,1.0,1274.5898720234652,1
38.988591368891115,5.925444348001314,3.171621273112615,1036.9214040919117,1
48.30598044810456,63.28284116368252,13.758764289543652,993.4541802679786,1
51.13359128491331,59.789497140023656,10.238443543730007,1066.5201200371714,1
48.94911053062512,14.206766175936835,7.865032795780522,1030.2076275878846,1
16.865886116334554,63.07266570711983,4.182583516773584,911.4764113989035,1
28.843253662299823,82.02343063657597,10.859008971100787,919.5394015332768,1
44.724095567762774,76.30538783228484,14.821953736884652,1033.1554479592035,1
35.03501766858816,65.22262836495696,10.107014289818018,930.052176847777,1
36.47367569001028,66.24806195413784,18.59933166289287,1009.8668270998093,1
38.397505121623254,43.33489205994874,7.970539666802566,977.5393439392611,1
24.27473374404764,69.20403799683943,6.669106545269451,830.1773986358837,1
56.449381185476426,52.09601804187837,16.13771762775658,1168.6994563075548,1
54.989755419547066,70.5561504991235,19.7,1204.1464555339662,1
30.610287101713446,56.22673554091112,9.119931133522355,1273.5629851679848,1
20.75862578804996,68.34698598566447,8.880485217155542,896.836369079074,1
45.35573075814737,55.97700687559723,9.491685994752473,992.4984985082975,1
54.447555162192494,28.95303760895905,12.792121101024835,837.889916999472,1
38.97378712715791,61.70835822555687,13.389523066476016,1046.1860952786044,1
24.218697738731883,81.24313893320584,5.819956830702714,1137.4472977633584,1
43.07807312918063,73.17052923121389,16.847189107102192,1214.711369870698,1
34.272661539652475,29.301385907377437,9.369324631732608,885.202443121735,1
52.194872369516865,67.94201923115007,14.35098314281231,1127.9981602927242,1
25.82172870157273,56.375371231016246,2.864471291874528,921.8023006558658,1
30.853191305477964,95.98073704383333,14.221451176657444,949.7777984199982,1
56.01470834038726,48.38317288803221,9.509506474985322,1056.4851239703432,1
58.37007508101618,15.975981862263687,16.355224352002452,940.0556872744983,1
45.817193112045175,99.6,16.955840372098386,1018.3294721216567,1
54.05134384140936,99.6,16.639708000293066,1085.598360596723,1
45.30614857743997,62.809263454476664,13.567270369724845,995.351307544597,1
40.544580309786944,52.03678945420714,13.816851618545103,867.9879166060222,1
44.78622710842794,66.99195816894273,8.482041688883056,1168.9923439314587,1
9.791869861140018,99.6,3.383322221006315,1088.7200523491626,1
30.954291866602514,61.60527120317687,7.819656466824507,786.0448318798992,1
35.213108041950704,42.29612770492692,9.91039260756964,993.1875025925483,1
56.05114508110299,77.12896379405716,19.06821015987812,1079.914898276064,1
43.66929633083752,18.18566387094622,6.1658831138874595,861.2386103016171,1
69.0,34.13357879103407,15.479550552323053,1279.2350213660154,1
40.006830122675055,62.89235743294763,11.3113213617434,1058.3493366644907,1
69.0,61.87635110634715,19.7,1387.584030829957,1
39.838859388244536,99.6,14.937459243494125,1108.6875383348283,1
33.70722756100707,56.66294577343251,12.9735971425144,845.4640481706032,1
38.09715686877938,39.57080247844699,4.015746614834133,1038.8652099219703,1
20.450269102229477,99.6,5.278897638150517,803.5985546609104,1
51.44938413487303,11.652293685733675,9.174589262703769,933.4613644285403,1
16.677980554972414,67.61026762517747,5.074034356402242,933.1386401664181,1
49.248269040300094,77.84309272686647,13.454532867413336,1072.7727423281801,1
44.101675469575916,75.02647023305651,19.7,1077.4259969533093,1
36.38833106529086,54.56999778831499,10.102487631001424,1179.580226673471,1
33.94365445608059,66.955279656082,10.292453557308013,1033.5466150029451,1
38.941066701068685,99.6,11.416773983395247,1063.9761627889088,1
36.52284358857812,58.33470905701033,14.353242305470932,1125.0052901615177,1
41.17451710702389,38.41086726106577,12.41837076329263,1105.2183310923194,1
52.65221658482438,93.27323194535933,19.7,937.9839868585175,1
50.443578270679694,90.07467624584108,17.353845758187042,1104.2157560437959,1
28.13917216757849,73.59660075751012,9.268958472007641,798.0015782449916,1
59.532121873558,41.619117696570754,14.205607995666906,1218.1195316677101,1
57.40273547652823,38.43010716177896,15.09491053426617,1075.4915289603523,1
69.0,80.95721670174537,19.7,1150.5624389345335,1
48.01836293711834,85.64779466488552,14.993051927842778,941.8415872994502,1
28.64532546348839,99.6,18.72139199191609,917.3886395885252,1
18.264925016481143,53.00987183663004,3.9668551536134196,1195.4682251157465,1
46.0909785401623,48.117268436031836,15.589190051653205,1005.4196672806906,1
36.145541588717855,99.6,12.034575428966797,1085.2418798311005,1
25.647396814865196,65.52788893494326,8.571250197203229,1067.1553010239863,1
53.516569940719485,64.610334667547,9.202744880108856,984.7818054925903,1
46.010086543876255,40.1300759884904,9.116587746204788,1007.2578705944353,1
18.88489117012055,60.62006857887846,8.121099014810277,955.0034473095994,1
55.97252200156546,44.36370496133142,17.157918891270942,879.7955572448542,1
36.79186181781995,44.17938026432874,9.775903534171931,967.8402021786644,1
23.551681542328335,65.56001998479185,6.803175407408518,618.450113091443,1
37.935008745246286,35.5352464968288,13.306814900094963,905.4007977012373,1
36.70805554469758,72.86476751099623,12.998698124684891,1157.8077677329711,1
55.18865605199185,28.025767963938208,9.04512374361034,997.0286964575006,1
33.1881737362654,62.88345102177649,9.028926669736821,978.3328174937146,1
40.72215029592988,63.02030652993852,10.107680422079627,1075.7499612768238,1
28.953050312909184,70.4308926940801,8.690340430275738,1055.4029269910093,1
39.69353426346773,60.52097394880186,19.7,684.9992788366662,1
37.4770012003336,33.45169893470447,9.432318652467718,962.1157383876798,1
30.325733663240094,92.05742668224204,7.362121915223637,944.410490414954,1
32.63383076793822,80.27208841951591,11.364096671155721,1051.1119324391257,1
47.781172570772874,55.495825917849245,12.434606713162934,952.00455515578,1
58.058799502038276,36.13405104240255,10.244956203841426,885.5617642100158,1
34.867355418830385,29.526650655510615,2.501384752146997,1133.7332595775404,1
43.47695611470423,10.254166735687733,11.318163013912022,977.8058523064058,1
35.27954403640573,88.17297650307545,13.105567806228432,874.6221661021531,1
43.0309660726804,36.42451151207246,1.0,1008.6160350468211,1
29.674577129333457,99.6,13.224867401952434,1222.8411807701739,1
26.435927501621578,86.57570517082546,11.551998574736087,982.4111032485489,1
33.95139231478133,99.37668330963169,17.338926763942503,1213.9133780049194,1
46.73342721196673,49.55165009652006,15.99154680245383,768.5977558254389,1
61.247655456533515,86.11546964258272,19.7,1092.573331199218,1
67.93020577344483,62.44449689620055,19.7,1118.948311284619,1
46.28395283159826,27.161858412913574,6.5278076697988,1389.9881513563093,1
32.336095793597195,88.6794930765733,14.161287903602389,940.2840784779448,1
45.71221744300738,69.43579921064158,10.446739302249709,1490.1905078910115,1
39.62230608199984,96.10499237301194,9.765414435886537,805.6481071485898,1
40.45530612517406,71.19277457056401,13.177685851068931,797.4036237941027,1
10.6994248572772,47.33138296990413,1.8387152180943627,929.1563325262671,1
44.21421652261519,77.38271384739502,8.979287798454077,1094.6718154787957,1
52.013856933737614,41.42458987595158,10.310432699124622,1018.2070774148076,1
53.37760742298808,99.6,17.771060495891206,796.6928235599595,1
50.27872797759716,49.43018105371365,11.064909726429113,1256.1108134900119,1
23.972063845883024,80.02523257453554,13.218356812699952,851.5182387296679,1
47.23925252057829,40.76309500257777,13.567208397419574,1092.846283132672,1
40.50214118529,99.6,11.64609823764809,1261.46164343405,1
32.732265531221664,65.38299632436332,7.295503101693291,1102.4811786089767,1
49.87733057519099,71.71148267257698,11.66728150988722,1148.4978053271682,1
50.039471752707826,58.10153075264252,15.452867799173678,1267.124135190939,1
21.462474134559578,70.88606134204895,1.807382078070404,1242.7497939577543,1
48.176753699208625,96.71737745569871,19.7,1060.3922381113964,1
59.32930144357272,61.28527368348851,18.42876647515387,998.5505819695959,1
37.277202551631234,30.470997066044724,4.320292313959635,850.1586506154507,1
64.24293732496055,47.44907642956223,14.18222190023446,976.9577280007358,1
59.54131613456795,41.49665528986742,18.363917622422914,890.4512892059267,1
50.81495749762695,41.19843051731321,14.380133920223813,1009.8870075212207,1
36.8959370122473,72.39302719811258,9.771948815310985,897.7533801845593,1
46.78995923283642,69.09207543434535,13.109646181314535,776.014217035404,1
57.36758330184658,43.066670448883414,19.7,1005.0751510531745,1
43.1897437029133,49.23306306703121,11.002388829345506,977.9689750863898,1
45.52985633061215,33.064305778923284,11.984617441969538,1046.5448567556189,1
50.33987265474077,56.69835819774913,17.146589536796725,1089.6691027256363,1
44.446158370536374,69.8926279829834,11.475449283905022,1150.0531841882746,1
22.126370226286,68.55782487452198,3.9500395752592503,916.1986469817672,1
31.158999342356484,82.10521959544012,10.29110242969704,999.4251674210157,1
53.84179727404653,29.718279087482408,13.781834780453602,1047.4059967715966,1
56.740088135349566,59.82532581321673,13.535687601837157,1140.0202943609622,1
47.59920825465237,10.813694468412855,13.106210761915543,1036.3532276746132,1
20.192206637140924,69.13459380760185,6.799925932667343,991.8044380974064,1
49.4239810585089,48.745982538624915,6.055259122772672,1121.0246312354325,1
23.048750557156772,28.867509440807382,4.082683654228058,883.6893775722602,1
34.428277251347744,35.97141845780322,11.255526322627457,1061.858958795661,1
47.12093418486659,67.17727178533343,15.439719849479438,1031.2459368802035,1
41.04312888052133,36.585498037193815,9.175666222152914,1257.3107266648144,1
38.97157752851914,17.952769571431098,4.318093858424985,1003.3821612778106,1
31.812113198920628,83.90855377282104,7.0559236696634215,1113.5737053437124,1
54.838163970998124,28.44002677160509,12.641181075592446,861.0161821771815,1
28.52527327333359,34.42370020849347,1.0,1021.9915368454435,1
55.80367387040018,71.21535601123432,15.333244083728005,1072.311452859323,1
52.601744620311344,71.94367880111193,19.7,960.1328829007988,1
52.38350813583231,60.849960079137105,15.904252242813591,984.3354701909836,1
41.99325525648335,99.6,19.434415902465798,1049.7737093384512,1
25.54296960750785,51.90128021381913,6.363416017822067,732.179992318637,1
26.613436052511805,27.638126647380446,6.950851832063417,1037.4931848243893,1
39.65393698895678,61.267409042036626,9.113861496364466,1185.047915286634,1
31.099061604282653,36.94224685683036,10.947284565557952,966.128021729608,1
28.222861522481445,97.13412170293682,16.29128377450413,1074.681537691321,1
37.18929967561924,40.4381520147201,8.009663520657028,1096.2000538860823,1
61.957750937179,91.66410031525044,17.819338680156797,1023.488477391093,1
48.731146337294625,31.09577441878254,8.691307694739637,1082.890670044016,1
29.819018145947652,39.1021460517523,7.794266694792393,1158.6021792376848,1
33.30968854737631,99.6,19.517711401647205,933.8742530626538,1
29.863863596791298,99.6,14.223353742005635,856.3252666121845,1
29.50124647037121,99.6,10.959668797968934,1140.0176957166277,1
41.83678547902218,70.31605664241856,11.765900837244942,1142.5887049030719,1
60.66129181855717,69.65065398567077,18.712672711920934,1157.367558730916,1
36.2235212162352,63.79753954577535,4.33500896142343,1454.4618619115986,1
69.0,37.37763599511946,19.7,915.9084832571048,1
48.80461993491997,61.333019453607726,3.8057421396940594,1457.1751078730072,1
45.54716205455523,57.556171046881914,18.39342914416284,734.8225156279516,1
62.18852312947622,96.72514474382444,19.7,1294.786486511518,1
39.211970513963315,43.01328836482023,10.774570802637633,974.4107736965528,1
40.962840312641646,54.0438387272454,8.67023052825234,1012.7455569855144,1
42.01084478022606,54.036880833591276,6.251807155565068,1031.4907444871194,1
52.200687106263786,30.247016201729366,12.311120930592006,1226.4925994115104,1
44.754191225904016,99.6,15.113976212521223,1189.2339229047154,1
45.15469765170765,24.07291766174609,13.802379026949763,1124.2450247568468,1
16.14162316220876,99.6,5.665741934200348,964.7022088212949,1
10.470965539266132,78.29164145857568,7.663640717280683,990.5070710792108,1
37.93823156490519,63.12781036996913,12.449542268422888,1136.2601928500128,1
42.88946042382878,91.0266127254779,14.953527744338757,1020.4323725791016,1
47.80728043800629,52.773143682537224,15.56201442212307,838.6259565084852,1
18.06726147723911,31.46003808208718,1.0,1082.861554783153,1
35.7542650562394,83.21748669340134,12.564475721183037,904.2301483940712,1
56.81005491266761,5.3,10.99385135480496,1052.8330717215192,1
34.90704874239736,44.69827710436138,4.309906662616563,1314.9323688003292,1
45.24169584530453,58.7006198577066,12.471343339976855,1402.2107693766395,1
44.23056260692907,76.72494632640712,11.99236076548794,722.0626289186894,1
47.85878336148325,49.40667504810522,14.766825993982,994.5451593410162,1
50.02472146817189,62.82889813984138,13.240208243118298,954.4109569504944,1
46.88313107575917,51.4152198210211,10.676911433810103,1390.005891028765,1
42.42222552438162,51.739742473642096,11.265960526829467,948.5646442784212,1
40.669182879234214,75.56753781801196,9.198650445444919,1236.0205958241531,1
32.32501522786802,80.23436603502458,11.45297381018016,895.4445319299392,1
37.50638877121107,36.94537725082412,1.7452794734065105,912.0803963039161,1
50.847940528061386,22.070503809007484,12.061750080939934,844.3518797390471,1
40.86649941993871,99.6,14.422294134948139,1159.127836881182,1
44.327483811707395,88.70889400756835,14.84138898129325,1078.172141973239,1
35.32981703757691,43.36371606818936,14.153126642703594,1140.3930792962165,1
45.6853281049826,57.4846125689735,14.18927232976199,855.069939536156,1
29.35448580981859,74.78816404325605,4.850522013975311,975.7193943585197,1
47.29741523488684,46.44728941326614,10.898935424748222,1061.1043428088328,1
24.03568233463374,82.08989822795347,4.6574177876610605,1045.750163302591,1
52.361264295390136,52.38883687011879,14.485771522125894,976.4326041734732,1
63.2155719721964,24.42192449554082,11.863531889148225,1160.753547614071,1
17.767534785412863,93.60971600303354,7.685988329150012,1209.4459688936963,1
27.136866274068428,78.04624433318722,6.067295519033101,1003.8208076010276,1
40.40245701637108,87.55559654840923,16.747204300330882,905.4024721363095,1
53.64441493405653,48.46186991859069,13.358534606295402,894.2629303410699,1
22.295913553713692,82.87921106532787,1.0,1001.4348751279016,1
69.0,80.40786081919305,18.570064457714903,1141.4439665508555,1
20.090814655709426,57.86456444453679,9.314139279854588,930.7654234995906,1
42.63757637411265,54.04883535601559,3.258263884007831,959.2966973898641,1
37.04270516492934,55.368509156523935,9.056299161943265,1234.420033743454,1
30.036072537831828,31.184789890741428,6.6557743969422765,1158.7457698671565,1
22.90813265652072,75.95491407906475,8.141624850697365,876.0681164909525,1
43.22926659295832,52.59092706605266,8.84733507728478,947.4676566763213,1
49.945600240053075,34.84307178722737,14.046421107750145,1036.541611400241,1
21.831710133386714,67.97023781013633,5.219213081798711,914.0063263029847,1
40.08681669697088,51.905643119840796,8.496719585297996,797.3337733019424,1
53.762495030830934,69.46809762369976,15.495278242493624,1037.7292171133624,1
31.8571125735835,41.92601668573279,1.8270927875925143,1145.4693062490328,1
45.88523070883707,69.0909128098458,17.3669764214091,766.9049671131995,1
46.23583263579779,64.07207201478843,10.358621606750791,1091.6899437022398,1
52.72210674477581,73.01538901163073,18.54802875533376,915.5557341460362,1
24.81365066555274,89.31996967052484,4.233390965529019,1206.4853807675945,1
52.725366410849894,41.72832220712103,10.421039672330455,1372.7726658700997,1
49.4465624197436,55.70060352657119,17.64410442019745,1071.7152799916842,1
39.70387633150442,46.05261323891164,5.67825160722675,1246.576232328047,1
59.80309694389365,34.213262058351475,11.823387670938425,1178.068445488401,1
57.009811381438,64.8153326475588,19.7,890.843006659769,1
36.06407691990273,71.03067697325001,12.110835033702639,1104.4901668220418,1
17.03987695014278,99.6,12.18754475428972,730.2736177770591,1
35.653834831020326,38.129734130012494,2.7454274147164597,1045.0609350694788,1
40.90327337124238,99.6,16.821809915717193,761.7189093469458,1
33.283436847160516,72.23835603294813,15.833191262981158,735.1329347228867,1
38.268460992657864,93.78287230388221,17.665829959281137,1070.1124362643454,1
42.77439012119736,7.221971541658249,4.265871989472526,1013.3584323175107,1
39.212269790099725,84.96837819292718,19.7,1017.1507141378821,1
48.11640345727281,40.013023311382355,16.968534260375467,870.9818546150786,1
28.58531586113361,8.055784174485105,1.0,858.8050226672517,1
47.92440196400086,89.20527455185542,16.458357292402383,1191.7322579937272,1
31.41373491309556,5.3,1.2308549607319712,1109.4190055443764,1
50.49315809299114,24.79407465491903,6.000797338298084,729.8335614506011,1
35.072693977105295,78.36023357122363,11.173773741659739,1057.6172912294255,1
56.19694534711549,49.44251350781836,16.24786537522506,1014.740766037988,1
32.849344171688955,53.733113336649,3.6891949869444343,1090.7645126851633,1
45.354865609848254,65.04580715803988,15.554114664217003,1066.8669486285564,1
46.08684516208079,76.75703596933822,17.235038963140543,1133.041670036423,1
21.943818666861166,44.14961995693899,2.6126293174305513,1098.793593339273,1
35.1518130856133,15.045182456639495,5.383765482256023,856.8750122515589,1
41.28475891166677,99.39038624101931,13.977711615182036,928.297727592193,1
40.96154140853126,88.82764732072114,12.756127400113183,687.6618227780776,1
27.058210808102324,55.91392906535461,8.652589765058126,940.4901499861946,1
24.24739413466742,78.94762605185684,5.8574003354593005,1232.704249927415,1
47.87023877634841,69.22027741742936,14.349756814794256,845.8293237826084,1
36.94596458285472,75.02522256908932,12.103822992331812,1170.4291486654051,1
51.161009818362885,61.01372403406827,11.207417709072717,1263.6931485791886,1
20.621601000050088,73.59679823227697,9.625865145446674,1005.0311279215268,1
45.65059782801515,78.56801811942898,15.77378391891911,846.8207905340457,1
50.67824229905075,80.28329038510753,16.1052755940609,1047.222453243307,1
36.5594387810475,40.30178590349357,10.628909456767095,1085.2414508102752,1
54.687040908618,50.43980414253087,9.779737796889863,1213.744355326524,1
49.825516281395934,31.77596024390637,15.453710588134806,1088.652366984252,1
23.615727911500027,70.54785640627406,8.35839764508838,942.3257461340681,1
49.517034688658036,8.553134881454596,7.792140080460083,1164.263972810783,1
42.30328745012568,26.615078502373372,9.256272888639105,1152.9570584779526,1
36.39169689963201,36.16499505370682,4.652178294529766,1100.7658296320906,1
64.25520353449478,46.57439532841999,16.550046401050814,1237.2974620041662,1
51.302633557377135,27.805343192458047,14.105400558399197,1091.3955661167688,1
24.798538871641412,29.411622165347282,1.0,1101.8811439781136,1
53.47662938460207,5.3,7.900545197993818,979.7180689195908,1
56.81736481648342,64.49714382170723,19.7,905.7089540312988,1
29.68912266811314,67.71383577289598,5.472502578482132,1326.1950732580494,1
57.27814757131223,38.35821470292071,9.827373925455218,1128.4803693631814,1
52.09506523291512,69.13366540793324,17.829492342693865,983.1657516539647,1
40.20627748023438,72.3915065400052,13.95162520047042,954.7900341920831,1
28.240891273212036,69.37532171353472,10.638127279486525,845.7161853633444,1
49.12256297539429,63.53336510336418,13.422599385412283,892.1454032918673,1
53.91475618685276,12.722650038360484,13.114970054160775,972.3193922897937,1
24.102309183640735,54.66061951477541,7.108843426413723,1074.1275879141226,1
26.079603668699086,72.81884674854555,6.984574412274747,1211.6896709276114,1
29.97652970232626,80.58031045616258,11.741055739634804,1197.7947794476386,1
44.46973441498794,5.3,4.404285450553327,1021.1656674250293,1
33.799514701480206,86.4905037531534,9.345324298914406,1147.6573635082761,1
38.181623941676214,22.585737743301493,4.0699717505192465,772.3750760253473,1
53.91951776729779,26.810132445966616,14.711559985516452,1125.1998312087683,1
47.47126479606099,62.097997166254224,13.525468954419447,953.0571115634316,1
55.545192149297435,35.18994219671971,12.597024759326738,995.5574285569876,1
55.11405316039711,45.48431527844671,10.190077066779303,1017.4501306307532,1
16.492013567412812,99.6,7.531951323758577,923.9027545613449,1
37.69873152276304,71.81326039676993,8.343519712140418,1257.581517030427,1
47.347132369252925,41.79967752143226,8.419429785234922,1021.265677815409,1
31.53763417643448,19.351775336406227,1.0,1069.2925202483873,1
29.284893514557087,54.3848691989063,5.925798227909753,860.5005962211718,1
59.3968566943836,45.16496867311007,9.826991850229021,1290.2100433138153,1
44.41069050082281,42.56053649142636,11.686632836779161,1222.7283718987467,1
37.80281039982226,74.19544172485938,10.52842101472015,924.0537342481476,1
30.407414918847394,86.57658344652513,13.530470121394211,1056.6207358076854,1
47.61238138570291,24.798199249931876,9.63997693922649,1147.0009022486422,1
32.46422977370811,99.6,14.336030809359844,1280.8688369091267,1
43.40721637323483,13.410811646534953,3.695788492420583,1125.0975619291921,1
66.87473643683137,5.3,14.464315697223977,1018.9101493326738,1
31.054485073448326,39.12285456510459,4.241035593293998,1073.070063855456,1
48.088433013415205,5.3,10.651034277821473,855.5235922915551,1
43.13057302535505,60.18057074177963,13.753435001023584,1113.3737336519503,1
18.43858575713514,62.604540148974785,9.704630639455768,843.6510061804427,1
43.201188796363155,78.22770808119299,11.931942746009357,897.2570516249015,1
25.09344428298023,94.95986694823574,7.0504920639126585,882.2944845860657,1
22.592045544845927,59.097753167295444,9.18691216859414,900.9042705415236,1
44.170344724616655,23.376889020748422,5.963558500422822,808.2072939528832,1
43.82839325404362,99.6,17.537733680113394,1183.4551476274955,1
35.49243386577864,64.66784837005399,8.399393895089588,1108.895118265162,1
53.01945897151243,63.17529448637329,13.578779783742371,1193.2091104436745,1
14.692588715866531,66.76585520255168,8.73385270336058,822.9660029583874,1
35.39790769725645,90.87298245662335,15.533695857141709,1112.1087456949174,1
33.51991648940288,33.59335215561829,3.1433748831772625,1098.1752735702366,1
44.658451637917246,40.79086899953374,7.629600586838288,1126.0424035343033,1
57.6454595708111,65.77422991532093,19.1578926773224,1077.3532796591628,1
27.645428216724692,99.6,12.154760154030916,1097.5205997200762,1
45.10838818914255,81.91619056626217,17.667602521538218,770.5715855672199,1
33.01518706505758,81.15276964766325,6.9778129593298965,1124.253327047981,1
46.72057566534699,10.898707957139095,5.827528621475204,1243.2851491381032,1
32.851298253734875,45.78528571410719,4.654545511840863,1025.0619724672094,1
38.78852458305799,76.1696132821081,12.85654189416238,969.6442594047776,1
40.18540033692977,40.665816883364286,4.205801658198429,1025.3803583486867,1
21.912546381490852,66.22425009287788,1.8113147105122742,1229.2203566064354,1
44.05114273704955,76.90248019765745,14.221483190788211,1056.0008090142103,1
46.029666678797675,51.695371839319506,19.7,813.6242866937873,1
21.74571306541987,74.66776303614222,4.9960424286572085,1013.1596855456817,1
15.659607218976998,84.72408382202467,7.425154723564905,774.94334546745,1
58.958324706784765,12.937392695873477,17.002324474475998,829.5643720225974,1
46.66651395671521,89.64230449750448,16.397271513779906,1236.7587060491564,1
37.24407987427329,65.58488449811279,12.290970757468,1019.6976265246126,1
24.26998721423691,28.67421878435129,2.8828955849534914,923.9536220273438,1
58.25578262272515,46.328123019696086,12.778812583670208,1102.570016198127,1
52.19456700956113,69.0749399922491,11.960191898422607,874.0786012319584,1
33.59837621790476,27.842026866682126,5.719822797998523,1017.0298630937295,1
38.91537351347361,68.12666534248265,5.088619709013426,722.3557908026871,1
29.195298037752163,34.49552401468955,1.6948986900198708,1091.80472184025,1
46.74510401860272,33.95634891015154,3.6611151596203655,954.6501317585297,1
54.652259540217294,42.833877630808544,13.177090573329108,986.9698354421939,1
17.964608144339476,99.6,9.748140760383775,1199.4277849885286,1
45.194338011316034,40.86299762032367,11.538333560534658,783.8933647019239,1
39.578328035863656,34.707292245179815,11.847029390995734,939.1423094316306,1
36.31764174033121,88.43699078242096,12.917115994053168,1069.5371952297908,1
31.46177107999233,95.63138262790326,9.469078232607506,1205.8386462675867,1
20.72344243834916,67.64185824210074,9.016329038742432,1049.894638214412,1
30.414804225831304,72.41904525614144,9.761237239474397,1211.0281991696013,1
42.5213895792169,94.09664455586666,13.53017943360816,1031.0901319925908,1
57.35774546035671,16.70831800363439,9.002460923141323,982.2074082702134,1
60.99249301184909,35.428757893865,19.389163346385956,1040.3616985757308,1
54.144693997731856,84.3358310099827,19.7,1050.474230755995,1
52.038139317547156,58.38460148999916,13.401399749072965,1050.1259338872007,1
49.83504588008899,65.26996387762814,9.428919240376459,1097.6817097275207,1
26.25199725336774,99.6,7.6104189786210465,614.5992460645014,1
42.521689917790795,55.20800078995712,13.290272147188412,1325.000097457016,1
47.92085850217174,67.56492529573659,19.045757710565503,964.4033835552357,1
31.013103321880994,96.81245822828335,12.894023224075434,885.2842190404727,1
36.150125315863015,38.12576086579838,6.373117481406897,1076.4312505561797,1
38.49333926217058,17.981068542046685,5.893497221198371,1066.456799523998,1
40.67697931476115,49.06266955688888,1.0,1269.6013295521107,1
40.841958861803796,73.90655934125155,9.931156255857864,986.7830949308963,1
52.24341308057332,23.616437919412128,13.790139949037409,1046.3397573184347,1
45.96646641577191,39.34771666098486,10.967629955802808,1145.6174317980312,1
69.0,49.367408195908816,16.303857211705648,1022.8718767770384,1
34.52087921152906,99.6,15.333157270453423,962.4523163743261,1
34.71459470910805,78.39719516702984,13.365755025405395,1149.4440007824378,1
49.90666881830094,78.00611735118981,7.677376560656663,1168.803264797456,1
34.40393528355943,34.16401808188162,3.718726503190812,1003.0798345185466,1
34.02143617214869,57.350472582529726,7.98692211779357,1212.9868164503137,1
54.21308917670331,32.02391746621582,12.047614124358196,980.5517221131533,1
50.24424628485542,71.84856826060815,14.647826059169116,778.5512254075932,1
54.255408913814875,52.009352761349945,14.625047145667091,1165.4515616621472,1
27.26978630541136,99.6,12.51689733876944,1136.0745721899489,1
43.939110471846725,82.06341155623939,16.00646436038289,946.8089051883063,1
32.389537315222235,62.48345848758872,8.832978552639789,796.1282722643368,1
38.35103952738519,30.660919779711737,8.071010012716727,1256.599031630888,1
32.532464184899794,42.51331255701137,11.320452126325232,1051.9012792915162,1
52.87358332399708,63.63236618010356,16.631491863552213,875.6569950461176,1
28.473690908371676,39.62269068643275,4.823436691847234,985.9404931584395,1
22.10202511089109,99.6,9.675619635218892,709.1805477730801,1
64.19750516931573,43.33288758866876,9.836304072107724,114.1,1
28.781552599482886,36.46798164406881,13.702281491733524,214.80299517658054,1
24.774220900721794,49.71591210580916,17.471718835376688,218.12229952284306,1
67.88047200252117,72.88942728125693,1.0,133.272382488569,1
41.30228280300631,39.08058276093688,13.3947186271667,175.46555067012142,1
61.073559568158146,71.54479076439914,7.141692636583741,259.9614891144506,1
36.22803528485309,47.78212637167889,6.120305364098378,114.1,1
69.0,79.38187742682742,5.328546058538367,187.5134265903495,1
17.826593522791416,60.107094605742155,7.0625340328381245,212.87650458086085,1
51.848185122791634,64.8444091696579,8.705041183304694,224.4002676939393,1
57.82357859747286,74.27849967993835,5.058552582861571,283.06996121747056,1
23.804274204188776,58.337915703665885,9.158580379317696,195.08389736023594,1
59.60177273072364,66.69209545631149,11.343437074226847,159.91816504187807,1
29.01759048975046,77.37558680903503,6.70402344475503,193.0457567701106,1
21.384423371740066,43.6819781964962,16.668559565543664,253.6375801170275,1
19.36288549447898,78.71603366675185,10.49883093990997,374.11414386119316,1
44.55007791308641,56.9936834843473,7.721339750839093,114.1,1
66.74504702473249,63.30426237751206,7.916668400506719,164.62114438933963,1
4.2,64.26696265903232,12.419021243767068,288.1465825898354,1
53.20265701971728,64.75116155387214,9.270009098662992,146.2267955803843,1
21.505757723393874,62.23005426043445,9.885388177602985,249.9585348279124,1
34.5390898413005,45.22668755809156,14.91234796045249,151.56015451176523,1
13.866150782832396,58.27959161423735,13.604071319339681,246.15854330490444,1
41.77937135790974,49.735814962061085,16.780488630318366,234.225844702211,1
39.450889540308424,60.339959963277146,9.047011369508388,207.53825868018671,1
32.89389482272049,54.10238960837601,7.246649095895698,197.88488473505328,1
4.2,47.253257645139946,16.224355183944546,214.39156075498573,1
69.0,60.445983342117565,9.810607170915265,155.78325056577216,1
45.424745117468916,67.64572573972217,6.6401804053238545,239.99130470857523,1
11.960215953310655,32.776820450559896,17.829260528643545,204.80067848947934,1
39.76364863968946,30.007939181801223,19.56196739008767,177.18184693262592,1
14.11422724730215,52.148860510112804,17.20680456893794,203.06315648406684,1
23.73458174599921,39.634302322140954,15.96751038347606,130.8302611730384,1
7.016893261501778,70.74103978682669,15.94052230063369,308.87535851234827,1
46.90568989850793,60.22393285451982,6.810700177193027,114.1,1
55.239711084920145,87.65442238181551,10.7211366568558,313.4563117838876,1
46.66346483206915,58.66831282557062,14.182982135231342,271.3802548213675,1
53.404606955979546,49.25178243989655,7.595340956771526,116.98393528149444,1
5.728378525244878,53.351695287348136,13.816526962563943,252.78014207395574,1
48.75738842456013,53.584920676706226,13.909331180349144,308.57690547491273,1
4.2,53.45269824691877,5.767891057323611,114.1,1
32.89705678041734,51.965484874884,10.677060046692489,216.65465213068381,1
69.0,70.62364648695518,7.83578208857868,136.15133767837676,1
6.5813376908579,35.256264682285234,16.728171300745657,310.04626804789126,1
62.284363565156355,71.78804660082162,11.016243787703013,279.0942258537975,1
56.50550211287576,71.81413453812652,11.198763273945428,264.744007262925,1
43.50123741870671,58.55360087221882,12.588472772856317,245.24973657268816,1
38.55946070917172,57.91552755419437,13.769714282730888,350.3793130655665,1
54.05462883852535,95.61671520436587,4.243320236249181,203.60219951211621,1
31.877887050951607,78.2846344715133,11.729070744463156,185.8641138811242,1
4.2,47.79563998876253,18.99963027797653,227.9294834910188,1
34.555237878749615,72.52501664729537,8.668789870543359,170.15509798448028,1
66.13938736177103,59.329598924193704,12.694338145771816,271.43391933748774,1
27.882524059916783,66.97305173966392,12.27300078593439,308.58641161602816,1
39.71010573500977,76.20915991912017,12.265846787845074,287.2602005957474,1
44.57832521255014,62.44516863932089,12.601297581013164,347.3087840125647,1
33.36852610938959,61.91937551651062,14.050281473786857,217.44855861361717,1
7.577447704140177,72.64561901275545,14.6841467671091,318.0958005128226,1
28.422431711678637,72.07290600936987,7.012079550864165,239.5509963063781,1
55.60848754937538,91.97265988904948,3.0711826763706487,226.67103606608578,1
45.162114808955735,40.408206903349274,10.539750303818192,172.9542338512134,1
52.84828286389922,61.79898430153762,4.522378544633492,114.85429835484592,1
29.141493630105,56.3973900092894,12.541998060754647,219.0499740002746,1
51.533498001360556,45.61071897654736,15.392735586019423,220.21586350828923,1
43.73009232056237,62.335752408709574,11.723247243036656,229.71622750402275,1
56.151199424314896,59.969709626200995,8.597435161393228,156.22455963052397,1
46.074921921420966,53.46136249863597,16.429801651661226,240.17741610909937,1
44.08324378299781,70.22182845683616,12.390963370539339,388.5217966006455,1
31.350956666007683,53.35694497677403,12.765682372272433,236.567130691356,1
43.85463644393622,65.96520943990265,7.0141507525764535,217.33169966993194,1
35.339260364627286,72.19368507081057,6.3500647343413,210.61549528487708,1
54.43453532361606,87.72256411282571,6.426669824998212,320.63595148184135,1
37.104153109747706,68.86897588597124,10.037314284671549,152.43596068698974,1
28.094305849718516,44.403096883280924,15.793755908275429,241.97722053149184,1
56.1322319173359,58.980990069838036,11.34613707402474,234.9137891803561,1
28.2988883561423,48.7940219545154,13.510218600291703,266.1868408045404,1
69.0,67.48490098245308,3.314813710668867,159.90844550787932,1
38.06086882398736,58.636780131387134,13.656389389856528,257.00509086150225,1
59.38224216801325,66.28096749725256,9.65273843389674,222.0538974060101,1
61.71252188094096,69.0877780110469,5.663451260574275,123.61062395819798,1
50.06223505800928,84.69449936952722,7.496301647516283,192.30262789731248,1
46.62949038729024,65.83968869139267,8.8481061881746,230.4339629667816,1
43.72230436863004,69.98521056082592,1.689992161312313,120.54054427966214,1
29.37416935367667,83.46040657527942,3.8453105043345,202.39979911097993,1
50.39199500934453,75.29193775654775,9.144920022492299,171.75214905948323,1
24.75805481246483,66.7906694952709,13.228953153541173,284.5632433512025,1
21.440935514854917,46.22898044044273,14.479981349611277,168.76709530855834,1
42.93997244769058,49.09112942521381,14.307997988186152,208.04735397641244,1
35.10568937741426,44.9404924951579,17.645474183931302,170.9278124725084,1
69.0,82.5888689175413,1.4246880423753208,114.1,1
27.670669366762628,58.957652410236875,12.984178963066542,245.48468541438666,1
23.691043848156703,77.00261750662513,8.927740428172612,281.30321101976165,1
56.47239822504025,55.53982186384407,6.656301446317304,173.0770546209684,1
55.01445714557127,70.01051890184057,7.882647637523299,186.7879877501237,1
4.2,57.00976923104794,13.971410304956246,228.916358171716,1
55.07275505005522,70.07959517748398,8.840744101496625,118.93209873519515,1
25.305398940248352,66.90066647903978,16.249882850738686,355.74015350202876,1
45.44328211515575,93.56488619931923,1.819257542047417,246.13675822472987,1
55.82170824715322,75.88228391158981,5.860676143390293,280.65477672362607,1
56.48543476295407,63.79661060654654,11.807071428580198,254.5251384479826,1
28.370414322516833,27.62799988406279,14.873466624039978,171.88155684243608,1
69.0,44.95741507850093,11.148715062801282,129.67575881456264,1
31.43618984829908,49.59700822065294,13.561749828592665,314.41961633961716,1
19.90624664360402,84.34363253295857,7.5400479734304096,293.3304909635928,1
46.04811621073844,75.59015707877927,8.47779056388908,259.19672573145374,1
47.80718299535116,69.54854989639013,11.981918213877911,248.4799267741295,1
45.86369912780626,32.915000485932254,11.560544334352882,114.1,1
34.00485326404682,56.45998024069021,11.90554536556451,234.874777306361,1
16.108613547695402,74.86593472411855,9.662849546660143,241.80020312280803,1
52.92904323542438,72.75840017076548,6.31111922251473,218.23677004460413,1
33.93938195954309,53.29706553630028,10.458214730466318,199.50007836856935,1
18.581778964727448,58.205208721806095,16.921349865995214,272.27993879800755,1
22.390846024844627,81.31223609771627,7.623594722501952,169.07388504534495,1
51.58136380885274,56.739809408871764,13.729624982071215,244.92778539716022,1
43.14222824861239,22.835102267945423,14.71741762816025,114.1,1
56.43786564782866,79.9111067307545,3.6877925478720446,134.44773683184144,1
60.772074579974074,55.67932635764058,9.11960556336453,149.9485002660079,1
16.94553193250506,26.93084009823533,18.871401472396382,223.10768169200625,1
24.80185176046929,56.76868175029248,10.237944563513166,190.11583604917143,1
47.527242020426506,81.68748351373992,5.065013428748669,236.41282729336154,1
10.578883207006978,57.32515273824938,10.782246740982497,271.8495663247629,1
41.52565663815979,63.829312529987625,11.002004769054912,238.44089740624688,1
15.041802188752126,50.638418712179565,12.823637479730886,175.4705693580553,1
4.2,27.69413612736753,19.7,235.12875322266333,1
52.62167501104649,62.833997257024144,8.511284896495658,120.81682613854609,1
44.18217925536073,53.58786428225587,10.200731279034601,177.06233701362248,1
16.81635181950828,67.3778646154677,9.989126132399681,285.6059269068478,1
45.041643278642226,55.265163138031134,13.251299969863508,232.62167042040375,1
29.868040553667726,57.82270146511376,9.111550806469646,176.56130000405096,1
26.586234898477798,43.701192396076486,15.54110528067244,133.4873242576847,1
4.2,37.24035617716784,17.200918261950335,180.05523057862288,1
48.10762095703518,53.759974920550505,11.069767511800109,200.9380550469309,1
33.33970957391294,49.810156347872066,16.23330467337926,285.11863701186644,1
36.659655898534865,73.76917470130668,7.946551820841551,174.86954373760662,1
6.665105690201031,56.35940283361352,11.689540783118378,203.6005459739109,1
28.55173933801005,40.659746276083936,16.732235714564045,344.58692078845456,1
52.36992509647386,36.44057337178619,13.138050003757428,114.1,1
57.44746892339012,62.2977467560653,6.295070460740822,190.13125840323224,1
40.99598980217523,45.44505938992774,12.907104253612452,165.15866681943066,1
61.4231255683922,55.72265367186787,10.074928245563344,237.14818259804719,1
36.28602643599945,59.59800589559891,12.987855610516554,288.3881035750492,1
48.731093748414146,33.49010449051799,18.576082365344654,218.224006175615,1
42.650836721941694,59.91874936986786,7.634475628742948,156.10597554075778,1
53.082270686440886,86.59123137460894,2.433505031162275,230.97298807244505,1
46.40606416040937,49.59672981433192,9.953839911140987,128.85968975199242,1
4.2,55.03283231049919,15.480381257760742,279.36683867353696,1
32.873993914858424,73.50725125003137,8.305128193682211,188.7921555737207,1
69.0,77.13654697097229,3.9087817699494796,155.78556052771327,1
29.717705374191084,47.58375937387826,13.044996813406657,168.52340099247638,1
45.077437691967475,65.94198091940332,6.555213577070691,212.19673074245432,1
39.1501079637945,56.72874381154137,9.139921076150767,135.71753734281089,1
31.08656834929176,67.6392977218238,9.758413891809127,270.68341294498885,1
40.10665139451238,55.317134895366536,11.320897167832008,178.9454838939094,1
34.23132511121359,57.64553120422311,10.11086595006318,190.62002494521585,1
67.31658040173363,73.99416733622154,6.814042114530558,214.1463130411104,1
54.611077136592925,53.587481852806974,10.31349666793349,231.02108932077917,1
40.80922197288736,56.44199012916797,11.168820335298097,194.58440808756416,1
57.46697329378134,73.08681541616113,8.440515192952473,183.93067739197463,1
35.47431839556378,52.94670439026115,16.107773350035917,223.60302566867477,1
29.234084775406785,76.51995610539386,7.82778957691858,375.32038363563026,1
40.47534251921409,65.14296399451842,13.732094320880483,266.08699642615,1
27.544050026938912,54.04687658319569,17.211596575307894,271.2446762623672,1
32.2578840812454,51.90356085482757,9.900037280235752,123.06698181876084,1
65.82583997979894,80.90535875461643,4.121795403577037,159.3798417896491,1
41.74702629913468,63.53284063303807,10.079679040994886,274.30214788237004,1
23.36102352488967,53.42904215277888,12.846891867404484,260.85580685990254,1
36.93477281518681,58.59875948533308,9.959123947371529,287.6246516102731,1
34.853835557148145,55.27984211998231,15.856486073198852,168.138685936965,1
69.0,64.04792809338669,8.545492179773051,294.13491995674957,1
47.100374174473835,70.2396921714741,16.463419617421664,248.75326259318342,1
31.574772225484327,60.51871680286245,12.625350480934067,259.7512305233739,1
46.57970839996642,41.88433867437216,9.221000442343318,247.56623184146153,1
55.51237532211661,70.4592499292705,11.158103044155524,295.30108284050453,1
69.0,76.05610816174946,13.103007829398704,288.5123314384075,1
49.981928996164676,65.48127421161672,10.569302579091772,194.46128391579984,1
32.79128711190689,59.381233082026924,8.630223653905063,161.45270483488298,1
51.751125069861224,63.866030239762274,8.046760364054123,202.0800967846074,1
47.16445673584471,56.61022995138256,7.0646088658888875,114.1,1
69.0,75.33077326873963,1.0,207.3271002044045,1
45.343808202669024,63.751867433030476,9.133718073580368,214.22774617391977,1
37.37149946004285,68.25977210991377,6.370138604925005,256.9978137030752,1
4.2,37.80908763794619,14.801228784566833,277.1608346541807,1
36.289415038921355,64.78648122742996,10.183317139272788,158.90738526683413,1
27.821542521454248,46.22165742360934,9.974139284622492,218.07096430341826,1
12.305290656376673,53.82040462162319,11.222460755373794,116.63171550739696,1
52.37244474752124,62.94437955930941,9.229739933802493,186.88013743510496,1
4.2,51.47720719467751,19.358682534565304,293.4698642987042,1
52.537390254423386,51.25043042180083,14.1803763295329,177.48795502220065,1
24.975033140777022,54.571079228645246,14.575021885863572,353.2038128979939,1
69.0,57.89351741858708,3.2848929282335053,136.65481333768093,1
69.0,92.52241654505158,3.351085404409435,198.7133656045249,1
55.75769577372198,64.90491817344336,4.7676256267331505,114.1,1
42.247686204691455,72.81982404036077,13.727225401963349,334.1908483451079,1
33.74718181898442,55.76196419260018,8.49604271403023,114.1,1
54.0183421501101,56.99420820381192,11.60499084889299,243.2629595490292,1
4.2,59.9024616988468,15.075582597143693,287.31473643809636,1
43.483074334032516,51.048309819301785,12.997609563067694,231.72890408561358,1
43.35170845545676,76.11630227522336,3.1102958692307316,122.65236606387195,1
52.13797712425877,51.06418820417447,10.555182768556467,152.0364808603251,1
9.686415270622849,84.22575051535709,6.727068173285969,279.44721551872374,1
28.78336657588478,54.98693367708177,15.925942459444194,225.5586008753547,1
15.645860416685966,53.82507946958002,15.139633067568532,298.754833711634,1
24.943262502589228,42.08314573468162,16.863001852948123,295.6779221046236,1
17.50663886388427,62.58393429105345,7.837528931298147,199.23503670450737,1
55.759290718227376,76.89319082528063,6.517287144641656,138.4761928681922,1
44.389195826645334,47.16663453368477,5.626581426396037,114.1,1
37.305649121651314,56.11532730476489,8.224797451283722,232.83545857180948,1
48.78766586727183,56.98247120152651,12.035432599119378,238.10091490520676,1
38.885387497657746,32.21647890288405,14.893642892235096,147.50823987415663,1
33.96084030491548,52.205276019083996,12.199805739980738,253.74186512478022,1
43.53494001600552,66.15488592026603,6.791906992507085,153.24975495953709,1
24.372735147409337,51.12196402920243,10.249230878734766,165.959909610399,1
5.488819045635232,67.86166573421863,13.618375304207202,312.3750362635842,1
37.3694729535373,48.605450629524576,14.009736547502262,266.59146638115027,1
29.57215405676262,56.43333230868068,14.736233788230187,229.16261400247978,1
50.698347825539415,88.44078692761971,6.952106112447568,257.5137547731875,1
26.56111806100631,64.4837297344766,15.062196476485237,227.83984932248651,1
32.92706260332099,54.53546991022164,15.963949727569554,267.92029670035754,1
55.70416185141225,88.03496800768643,1.0,191.25174124659645,1
41.937714485745786,61.64559649278605,9.453571094528076,243.60554899154897,1
43.30229507434962,57.20012923265008,10.580163229824707,332.1676589101786,1
69.0,63.256420367538766,9.663699649146588,114.1,1
21.0653707402394,50.562059990175264,12.448160441333801,286.40416133316836,1
34.30227601670993,59.648891895343084,8.089452743985019,310.3677167232247,1
24.27755375130177,75.20064243316884,9.481951032628041,259.5482063367689,1
37.596061331220376,71.48283355074209,13.326337569491571,178.00230250765648,1
21.48339295426654,43.87099748374579,10.357867833167381,192.069043675436,1
34.672605278806394,59.195174272262676,14.871655084329028,307.90344886623495,1
4.2,54.49204411949289,19.7,387.80462615243493,1
41.708689735160895,46.59370278334719,13.496815411838957,221.35733750345412,1
57.24332322292645,86.26414304673392,4.0141352537152875,303.35764856867263,1
19.167359019062314,39.508644185898994,13.73038945789084,173.4634938515483,1
50.66028599224626,56.1842396882867,8.789082110304546,193.42752296501135,1
42.4058665426478,49.24218941206008,13.473766896054606,270.8116653277005,1
32.013908359026445,84.38625543319026,11.758616360239738,239.74789459150227,1
64.49367484733236,69.97512389618575,6.565580829210826,114.1,1
28.784519611685518,56.46988431361842,9.41436983918366,145.5723396490106,1
43.96886673736246,62.0086210520399,9.765085698702679,266.0853273723175,1
69.0,69.8466662916591,1.7845130911345137,126.77803169389776,1
34.282318689262624,33.91543227670725,15.905439756825915,230.32240052260227,1
54.31691932825508,82.38348496487231,7.5968884263481335,257.89461835234124,1
49.112518145690125,99.6,9.8634088294676,420.14873315857096,1
58.83035260679482,64.18267426209117,3.501725148549464,114.1,1
9.357213470259293,43.53397483999499,15.907791023683075,326.57224877307686,1
49.87249770812353,65.39512694319225,12.140729336583929,240.1380507820302,1
57.48823581524323,56.00743668739779,9.712385952582325,217.35797846350331,1
32.42891791841287,78.73673507200692,9.728316839291143,254.01121207638874,1
32.028326044892445,54.122027821370246,11.749772786789881,191.77255675505177,1
66.72966532152628,36.87833655709017,12.603290257296722,114.1,1
69.0,60.8395266243909,8.170085928997443,125.72908440740078,1
41.602687099753574,41.06790424288309,15.569456129623276,258.47381892133365,1
44.01659699638982,63.86598076554253,10.189400843036998,234.70282480080306,1
62.63998478710687,71.9312652090287,5.061445121751614,266.65794888068933,1
13.462486402806643,62.81778841041311,10.075474809698642,305.85876139758767,1
34.29047982497007,56.592409000242206,16.28386660327424,341.92702280901904,1
48.06366531154692,76.18466752568554,17.13544505063413,422.35494661644634,1
60.5657894318113,70.7141319483356,13.399678752690322,223.00546679390828,1
17.554318797512163,49.31747035194076,15.696217799697028,252.56509723127746,1
38.568302197813594,58.80269963032178,8.978853985809977,201.78311491633912,1
47.04379808919293,66.72078134903637,9.321589335105145,296.78557809781194,1
69.0,75.49990472010381,2.0036833196520494,120.81386045944352,1
59.00534867755964,56.59843759947877,11.6814382913326,166.10176678981563,1
56.93163397108696,69.66979650051995,12.065996913189062,261.1525335468765,1
38.34038631703758,45.77203027266856,10.579162516977666,114.81841403029065,1
59.090826193157795,70.37823984715217,1.0,114.1,1
55.36750241018809,63.075191340649525,7.611462910425793,114.1,1
48.4366464063845,71.82804825619162,11.352596444209395,270.77365439719097,1
45.0295859746155,65.15703370937104,9.575739904090618,295.7045504325247,1
55.568175568887426,39.829288019103366,15.048129480188065,145.55513494357547,1
57.08632470816795,63.88569327405582,8.848586268823253,240.40020618945067,1
29.40802674014624,55.73907011709083,10.120458314566571,172.805194246759,1
18.682322759692973,77.43396288718522,8.691273630554038,294.06047454083955,1
20.991578375668443,53.14148099253189,13.347461935503626,175.709043667628,1
17.26997290389176,57.287304020246424,8.350812673056907,229.5293246079962,1
29.305936624765565,49.0376262668276,16.163191433538984,285.4712377676409,1
24.987323284343773,62.751493279965196,10.941027675411553,216.09295812540776,1
31.531346940503305,46.18825151726987,9.786922639891397,220.64797405762187,1
30.082318710640124,44.51856515751591,7.949766004446792,114.1,1
29.203571991291117,64.93480642587065,9.163230378658177,236.2531578807459,1
30.691624001293327,41.19157693846003,14.460429046767512,190.23787943705906,1
15.684465291168728,60.58535484310442,14.749181739881777,266.77911274126353,1
36.742844493887375,87.01846577247082,7.977661891802472,272.3386056727401,1
69.0,67.48833062254313,4.812585198019137,114.1,1
44.27878056824956,74.73886865455644,14.541406079774784,345.88989227004186,1
21.084557758433842,34.974227621700365,14.234129895315018,178.39094579224403,1
35.66665430953545,68.44704000785858,13.47076601393253,238.64841456359056,1
4.2,49.53479587256538,11.864316040059526,320.67860233764526,1
29.306482310641492,72.64725625400699,9.637584193020146,184.41597572742563,1
66.73405193408061,92.62886232045581,2.3234369138819595,121.36057076594963,1
55.73884864591457,79.88268255895306,8.207238435174226,201.3470005643805,1
44.08641157240409,46.80373652602394,12.884532260442823,180.4862086294408,1
22.893470260258137,62.46980846148439,13.476873399745934,305.77181520620127,1
13.555577713939993,36.39168878086023,15.535843502919942,184.53260635659413,1
17.139768874658262,65.44055595864415,11.43976157618477,218.11337932288077,1
44.46604127925423,36.307619824511,19.7,233.54993776358577,1
59.89248703663371,51.325483155999876,8.554974853163202,174.38095901468762,1
50.28527073852736,49.80187387859689,12.576708875392285,214.3858967030845,1
60.822577582760466,57.221366342157594,4.944841052554326,114.1,1
52.67965434679332,45.504490877928085,12.375420859991813,114.1,1
4.2,48.34109347648856,18.686273871909602,257.6460429682926,1
19.843888155105137,59.724929281639604,5.140892119142835,223.73241212862092,1
33.12053487957411,73.3684282567335,3.5391327083689257,163.5629782768326,1
46.02549990615135,71.19790264178373,1.0,114.1,1
46.501191328831524,54.07287122728616,7.248308725055324,261.43297993722194,1
50.625918168776074,67.24945426512275,9.67004332709506,263.0331701461415,1
55.08385776113159,63.8532094329957,14.970372229103305,250.96136695001195,1
36.478400858432096,70.54951338034644,7.372772145388124,282.5556084554716,1
39.810548086524186,64.72286656998827,10.3899654348415,227.58465628979386,1
29.20280053056336,55.51496349837985,11.971718931245018,296.1463970710655,1
46.728478592706914,90.41989878761422,6.265562454261896,295.8614339722233,1
24.244103498422177,47.77466046341033,12.128270347716448,230.7966859622156,1
69.0,61.10633182214892,6.976362068870067,190.84235822280482,1
13.698020745046545,58.64750808021956,7.273824605589944,146.40533978651456,1
41.047538222205986,46.58204334110175,11.108988859963308,221.8769359576707,1
19.89157087221496,75.88704025278865,11.345839919787826,235.9482850846358,1
40.48118650360995,48.77654743119883,13.399557344736476,204.71940759214087,1
36.14007267051534,79.48282489790594,12.475439820100764,245.1142469755892,1
24.55002883491221,53.22796532001507,17.655377824674268,287.25070248633136,1
62.8145355167574,73.84280735767607,3.5116206021520524,114.1,1
39.393660278712815,76.54832840388458,12.016446964807239,290.85825802485095,1
52.36500340099988,53.736880924810606,13.897351738104263,149.00954335505327,1
33.38981678108613,73.00975073937988,6.057030020936466,199.57068277368407,1
18.419129164714594,62.628706778670285,17.17044556736755,292.8850618179158,1
21.95522954683988,72.08367980813233,8.093030360855119,220.8295556485494,1
50.80557595506728,68.46953885435646,10.07328923310021,297.5895605889137,1
35.19062904167339,63.88410776014609,10.885769298484629,290.74741461143753,1
25.770215562005546,38.05783638947072,18.89597420003279,135.83425480228163,1
8.747625687706396,54.0563289579063,11.736019087877258,210.5316140827708,1
50.712328102558544,47.44138650566544,18.97242220072837,216.9926685910591,1
15.185302042212452,54.968046187432066,11.931383885986175,223.745971336829,1
24.726081713072126,61.48252411017579,16.664405103996486,318.1790589948168,1
22.546782541951277,52.471608588021354,19.7,347.80832754927536,1
40.33149569560475,93.0381952067383,14.437810121092252,296.42248439977845,1
21.88042083893484,62.12604659293198,14.669797291443224,307.02546045873333,1
20.28729280841809,51.47103242113391,19.7,338.68024186233134,1
46.813061928582776,45.7757527131918,13.871360599153066,225.97337484049856,1
40.35012824431738,66.89600018024457,4.655264354834469,174.05471883035898,1
44.43187546944375,72.82072918213466,9.917650961809132,274.3804424632268,1
33.55745504651517,74.79273843082754,5.958352019021332,121.79613976442764,1
56.7916531063298,44.31392316706319,7.8785977891330425,114.1,1
41.35507073465506,60.4636707615997,12.42695552354581,248.45217846081454,1
60.11265362858016,52.16409272412223,8.501003766054971,215.84194283941443,1
38.76726600443577,62.030342979918096,9.127122851768702,186.68242536334748,1
69.0,65.24913190981086,4.809581235195925,137.57737782119366,1
40.96825807073869,85.73290887059476,9.646716046079439,162.93532837734193,1
14.024080335055782,44.86027474749162,15.659356787523901,159.55432285149593,1
33.164784989352356,59.793641388817974,13.094366703159725,291.14655443360346,1
62.724831345479295,67.01083692919134,10.024794284533936,170.51639478176142,1
29.949071462237107,67.06473960177262,7.210043882783965,212.4354126848851,1
32.28269310193364,61.59615492472182,9.478919981770254,184.6461924993415,1
58.69000709456502,74.314188525841,11.027991623412666,181.90555789987908,1
69.0,66.81848349426777,8.981198276868952,199.94153062644156,1
23.978363433896366,52.31721669040668,13.405725167821181,285.5758133547512,1
43.961715334932904,50.112144348010006,14.930681585838029,273.52741219025756,1
59.912640567926644,74.37128967700808,6.3847293827403435,207.95007747988964,1
29.02908810070631,67.96382409686048,11.380628935487406,241.56308873544316,1
48.443655515554234,58.06860237443062,7.794406993988666,227.5441134917219,1
42.90046540618047,43.78703637755914,12.121442619862266,114.1,1
67.83914750139502,65.25947816400218,11.398591007131694,233.24068723847049,1
47.181710781019234,83.04247364285908,1.103498388670456,198.14014799249153,1
40.7625748676649,61.35222069948155,5.4947220316479,114.1,1
52.821558262199424,54.06814872526279,11.401161673440981,169.89845994239585,1
58.18226489603835,43.77296047182891,11.464946615664067,133.48745467438405,1
48.85574995322733,49.633059431477456,9.439131073056014,129.77419196772414,1
19.02134037816824,25.293080531327263,19.7,284.70068738302547,1
43.133913484055405,40.2022395007821,16.676546203440115,193.23151886960895,1
36.128938126186014,64.7422939282182,9.38882614550868,221.1807656321346,1
34.45188818282836,60.87604678511804,10.008435967308515,235.20045451302414,1
40.992260005720546,21.67130930657072,16.92099162767962,114.1,1
45.6423025016276,24.112476241927247,17.2081283184679,199.17899448511443,1
21.77419116248735,48.25250782810343,16.457325239465014,264.8302759924963,1
56.512888346107104,52.552245867249006,12.832010365069387,173.12790521767226,1
32.7172172352138,66.3786522571819,10.430601769020038,241.30025997758523,1
29.633943113713975,38.22410388857689,19.276162929927388,259.94850782426465,1
45.599193543595646,53.4989374356148,9.124097758282211,198.08623153811743,1
23.14172234388041,64.85011376833535,12.40876441656443,344.8040630346252,1
47.918938284845396,67.53121440708139,7.416458931514258,114.1,1
52.3698808112358,59.81085487766692,10.566639073372036,131.24997318061162,1
39.84056165483579,57.67031758367615,15.667486411172245,354.5327434987644,1
31.562836421222855,68.79200863155243,13.808886202528923,273.0196259790954,1
15.45418019709496,71.21557851439148,11.948756231536345,310.5312686449025,1
51.688118958710454,64.1226940828301,7.632482789816228,269.8025210218113,1
47.78062150533606,76.5619431774413,11.578404924350334,318.5551675324173,1
34.627780882149096,69.36353160307652,7.0118160895184865,164.9977141487616,1
35.68525843637499,52.654866197480096,10.943254629792312,191.08816999270002,1
61.94462207888806,89.67939223185826,11.027131716545274,308.5443488741946,1
48.67319413157395,55.87872579374282,11.837723989616656,296.93351093283627,1
60.9889138686288,56.78143544598986,11.779741509007886,239.748607933444,1
66.0592682995783,68.50985545125222,8.428843609545,133.94004895581077,1
13.151376322265044,49.16742510856139,14.879061971977658,239.22121909253065,1
40.40154619025273,87.09515372317423,6.811024200910451,348.5559087440962,1
11.49842370083358,56.528957871760745,16.266242435805307,267.68554083941007,1
8.308519638497344,66.67835877337113,13.280776843763896,283.337366114435,1
37.247482518522546,67.67264710121576,5.641730969269019,164.06542182763158,1
44.46448423888179,43.680138969321106,10.476878336247227,184.85889222223852,1
38.19027579855553,40.90884928021121,10.527404351033274,160.3985311664735,1
47.94407696104321,75.66994121175387,9.839059304743506,234.95906350389822,1
48.605542304269996,47.507206764853954,16.99580227638244,264.7032686925606,1
15.63021194979327,58.50409494367317,7.398993772878539,181.426108546535,1
39.034342102971785,67.42043434535849,13.872393983006894,324.25113182183105,1
69.0,74.51950120648299,8.634206005106224,170.78017431365797,1
7.595241117997425,39.464862618607285,15.959357080942889,207.80218648213722,1
28.050202510960716,64.47889196185066,13.444728203016869,272.73209427459557,1
54.1296852429473,77.98636003486044,11.115641359894765,198.04820215376316,1
52.557933099642796,84.68408406428918,8.488746661703045,279.05827476285083,1
34.53220845098729,64.07849399169746,9.383110037220954,128.94476825280347,1
69.0,66.09079956636596,5.78215047277004,265.67701125928903,1
69.0,68.3120273326184,9.656612628359483,201.30584190788392,1
46.88498543383497,65.74975398031178,9.471241933575719,202.21742240664327,1
21.482117924326417,65.38668467436104,10.384579892861955,302.73986170823895,1
58.220935251127415,82.85513505456824,4.696454428455364,187.86977005067223,1
53.06033513066562,59.64489762514058,8.456456004207226,223.72680761821772,1
16.421369179724113,65.58368191537666,11.481685957522703,276.82564422468766,1
36.439451111544145,75.91857530524496,9.430973837416392,220.91260479790571,1
54.704549465642664,61.561377222320246,11.326457945844167,239.34586036453237,1
39.24048322424089,39.12400079854315,13.25623213175432,159.09892164980758,1
69.0,70.86255479421857,6.940199629100992,224.88295509104555,1
37.51865976911397,71.06837238757944,10.151722166487328,241.26096186294916,1
31.52954587239509,69.51701738212918,11.472538346213838,212.6007233546478,1
56.454275499969945,61.22286035961692,5.269538696940022,181.77495522964662,1
58.43339624405827,64.87032694148499,9.272873708698375,253.37930244228767,1
52.16801159387054,79.35766042880269,6.683471451788045,152.31018956824443,1
16.536993803505702,46.5089458578361,18.92188316517852,275.2551679238101,1
60.015382300125026,70.50285460912976,8.070978126335984,195.9960989278488,1
10.288549523600011,59.73581859929719,11.937017292781134,234.18940539075626,1
38.23245373639515,73.0754440477303,12.9604294995188,114.1,1
42.489556293973614,54.794517422414415,11.057567985945594,259.919518775522,1
17.617502585171458,55.76178593873036,18.673028306103934,326.1052457075647,1
26.70689679342905,50.98966793732842,14.447992260228741,221.50594054844564,1
4.2,72.19621298845597,19.7,398.6262130581518,1
48.7926916871083,47.85413081787398,7.3100386119655205,166.486296633772,1
30.760513297862097,87.43181897325108,8.947752398286445,306.4062377784344,1
17.11959718421819,71.45803307327763,11.134503872003961,385.19758465365413,1
23.6813641603734,58.546134837836654,13.151462329246423,297.5720844961758,1
49.23724206477697,47.50825229525329,16.149048199392247,158.93777939289066,1
14.216410027821635,61.493105699432405,12.34577696706858,213.55468675338915,1
47.862253357139174,50.545805541868205,19.7,331.8350865266485,1
37.89726901951754,45.46181570076124,10.449455469069504,133.31745208713684,1
45.12138842670259,78.33338352594741,8.955656419661382,324.14298649383477,1
25.039080962385242,46.095879540453964,13.819976833735652,153.54814280762272,1
12.304209249147867,71.15649834692825,10.654156034435353,352.4251207677848,1
26.44359740282182,45.19959692440173,14.743118131023847,167.913135788559,1
48.5731068206047,74.06108212165024,6.715064665462666,195.01521126761142,1
33.85654610782604,52.28530397803398,12.752207854472049,179.25538196836462,1
30.374482985069033,62.153090096476035,12.161189408862274,215.0806880694198,1
41.798078418264815,58.78733591801072,16.670715823067475,270.22623549119663,1
32.24574258338073,65.17991689972352,9.498105502069286,278.41951866307886,1
66.38740755790302,71.4677532154469,5.825364797998055,183.07153195753216,1
29.722421594253568,22.646768516490006,15.155310519784436,195.20714417623856,1
43.809174861141614,23.855424711187993,15.767546945865128,267.8548415401161,1
56.77832077013072,60.95455220621028,7.002783640434813,145.28988964062495,1
16.887214781891476,64.35647603700123,11.884362197219144,253.56479708546806,1
59.51470819883778,62.36632380988166,8.008283505086744,243.00826064205128,1
24.93785920650803,51.78416427356063,12.489581071450578,268.1723458668689,1
31.341680466270745,46.83744956999845,7.2965994749020595,134.0300881932705,1
23.065686563421504,40.66514797031133,13.696411815755278,114.1,1
51.24040005644139,66.76294222705766,11.518120564227832,226.96825123080131,1
41.64418576125224,46.879099662214124,14.167319354023142,166.01441915980533,1
51.84600233783614,76.35634539451385,7.012254490800865,120.84621720564787,1
43.71757674601352,53.21058783002405,4.829813177609179,164.19744416450692,1
31.03437730450097,67.87552032538161,7.218118842528428,200.8086002857766,1
31.39285791407306,84.47279405384373,7.521413607042767,227.03578535347523,1
62.81671736735696,46.75600759806126,9.39126745734984,185.85860750131081,1
57.33829766413844,52.84592554761599,1.1533668596709248,114.1,1
68.82774900630211,62.832331663686055,6.1443193182238955,114.1,1
51.787936393818356,47.29353322756498,10.872367287467712,177.37525319585438,1
59.63695692699607,49.489236693692334,4.982750367765937,114.1,1
26.998078912439308,82.65745254937741,11.518972046088285,329.43573636407586,1
15.081338255356417,51.15665054430897,12.124750767821332,145.27396169524877,1
31.599072057878814,60.689016151042956,16.140808008309985,258.31518199858203,1
32.274062713800916,54.18818237663337,9.609440273099196,194.03248072121983,1
59.14754722292408,55.17894614163386,12.131422830219243,240.9213235113122,1
42.022423232549095,50.29855138346395,13.425123605722105,177.91273062407404,1
34.19335726393821,55.16734768083659,14.168605639964943,283.5578981638191,1
23.13051949670068,68.79283073756339,14.79594837079587,303.9719732132562,1
4.2,37.991851496866545,19.7,278.4487928365249,1
25.079110754838666,54.52374411728657,15.947146489005602,223.26892274896537,1
33.0473576442398,51.89805739686369,11.094944306443997,205.09846584502367,1
28.39418618142288,61.41996261090541,11.320381587686713,290.37437717261616,1
63.72412552949164,64.21699742705113,8.751440639383766,157.36231101696012,1
4.328915569358614,68.42948047386342,10.642513301772148,154.62967488162724,1
37.20976806487296,74.02920245126705,5.2061808137115495,218.47805574241696,1
50.901544345407004,39.043935353550566,6.446594385239028,114.1,1
52.46292288149831,66.29570110377622,10.81252684694108,243.71975904569626,1
24.779404186339363,41.499924298484146,11.391602032477408,247.43356709489024,1
43.4936982765309,71.66652121266705,7.106114799615295,321.5062677266594,1
33.11630049877135,73.84936486685872,3.0848316844394628,295.27197768833514,1
49.41552588227808,68.16316341018965,8.555305893253081,220.7500010711874,1
42.9446067639851,43.862514232598414,14.733079521271137,178.16913289652658,1
60.44303169136068,87.09351736124518,11.652777488337366,265.3131218339303,1
59.05809523623326,63.668328690072414,2.6074911133850023,114.1,1
41.36618347178507,69.90140126265094,11.511676578568133,216.57058811420498,1
59.207342536517935,71.85530071054652,8.433239098480517,223.9510153135416,1
42.195284118029946,59.35285350645192,6.406026379665902,158.88051400490588,1
56.38754893556981,49.880631089757664,6.804751932853982,114.1,1
30.089983565600924,51.281880818415274,12.238373920574277,263.0943521042975,1
69.0,57.87703322348979,6.335591149809798,114.41046124550068,1
69.0,99.6,2.465143464421365,261.43939356090925,1
43.91873536053254,68.23727369102795,4.734038286684818,114.1,1
58.01488906111538,70.46606265709642,12.674155535474156,288.6400604545066,1
4.2,90.48231172762667,11.528506917655356,324.22292857448787,1
40.928389095305185,75.50020469142437,7.658561352341566,163.55188902948626,1
37.81110205533583,61.60851497480271,12.805942016718562,220.96773329779572,1
44.28004123901524,61.887668222407974,7.691212057325261,204.06621631744846,1
44.51187444110896,68.08090624473928,14.776407859430917,332.00102627129854,1
46.81510243500464,67.91404623428696,6.604652841072069,226.08314612517785,1
51.71467922465412,46.77508663943105,6.988171822075439,114.1,1
21.801350373610866,59.41921605775842,8.852242632639362,150.4826042726833,1
50.485379426980394,62.00459182942679,9.615999204131178,267.55694811710293,1
22.923806478327794,44.79290212477888,11.989817533104796,159.7117651198796,1
37.37208665523623,71.749636152099,10.070002036470555,354.16207546621195,1
41.9962623482147,60.694460286923835,13.207658035912583,277.31731856986073,1
34.818318144986165,67.79571544873716,13.666060799536051,309.89878397740165,1
38.093937692385964,51.63805190047146,16.61696543790177,260.5180398502423,1
63.94197268878671,70.97200583471314,1.0,114.1,1
26.89978973967287,56.89831704571165,11.49769223343242,257.97530773083975,1
8.416879534658893,46.3632358330187,12.155151830103664,229.41987653421572,1
31.976941589603236,36.00613451256804,15.151768422686754,271.8528383794676,1
56.157394524504966,48.87372441917397,12.113121951800895,206.26990799309712,1
69.0,55.73643117669958,9.144949778924813,218.36517307410418,1
25.470856000893455,73.99901727726484,10.966798004655434,269.84926580699505,1
63.74256467032363,50.97845221870053,6.521753805701122,212.07444329583012,1
55.272905858248954,76.3412059048327,9.561646774202444,290.4217701886957,1
47.13747523440068,67.50207185333808,6.560634604694273,194.95874504405862,1
40.32333340556013,61.072932678249245,9.074247768441168,240.1355326019414,1
36.12965226145309,61.28209931204467,10.932705498022615,243.77504084111123,1
35.245659426583764,42.81139836754003,14.74525933223513,181.21145779637368,1
63.10813914202753,54.880905481848345,11.831531128408283,256.72364725704574,1
69.0,75.61201076922103,3.928728467138412,114.1,1
52.24148368176379,72.36827709971529,9.42604202395099,300.6720383667347,1
28.75623873303281,56.886996105678996,14.267913143275809,132.61081526877945,1
37.32433297237846,52.780254174576335,16.403008172122515,210.15528230057234,1
4.2,40.055716178610325,13.00246060745592,228.52955764712553,1
38.082484766492655,66.10713150466697,8.578346706454104,161.68519525540054,1
20.73476831257369,74.83080216502977,7.818717296999557,190.3576864050259,1
34.506454586744276,88.1079026395024,4.644773388685218,176.64992772740672,1
69.0,49.44605802525932,9.31526349762715,176.47249161381444,1
42.806502433687314,66.29383480189776,14.042892306759546,257.1346654446057,1
33.84385661062114,51.47023308352819,8.706748080907275,221.58656034893605,1
37.14805161324942,66.23285701858636,8.625093272973333,155.84946506509203,1
58.941555956176956,86.32839450032562,5.191570623311084,201.35408167152383,1
28.574365187001803,50.83949959776126,14.87384332990164,248.24294984788338,1
39.46989345473479,95.74973902901425,8.76480124314899,301.8988561784399,1
35.48232689038495,81.83511802654402,9.985906038022332,131.96536236159807,1
33.14313608271452,57.51488297045312,10.563461424193706,202.74016697195265,1
56.30472605680773,63.339337896969774,11.245094098010979,165.89647295746715,1
49.54935519195183,59.14071847771168,9.782069699303054,210.9053024221117,1
45.30131154815829,83.92806252283779,5.700041434504928,114.1,1
33.85164125228765,58.11303983070697,17.625508357391837,299.04412375062253,1
16.970963551837148,46.37227693063324,15.242281348512856,220.3054006240718,1
35.58799855854901,44.38807064704612,15.847668614653301,281.13386250893376,1
44.303978852960256,35.988795575659914,17.179283993954552,316.2070379580656,1
69.0,56.872012156375675,6.625652738396562,203.8812681673791,1
60.94632710384903,66.6367168501894,9.068561171083953,165.35050148804515,1
49.19375849025703,50.74765716625755,13.87769656836799,220.8274579451261,1
36.804156488403635,60.21739707671245,6.824373579413994,242.59173711427943,1
21.854346004025555,54.55382605011455,13.755914924187934,260.5498979494962,1
30.812955820182175,53.09342228132668,11.39826093093918,183.01625502969085,1
24.991483224170175,93.10388082980003,7.575244926845145,221.17116125598452,1
36.38988432592779,48.33077014532093,12.932180089222669,167.17225415538763,1
37.11581121553375,60.55549239459969,9.868834297634228,139.15021801862275,1
69.0,69.94965436761449,9.430416165418425,264.027901178238,1
69.0,68.62750730196895,3.38901242869036,137.58137124182383,1
37.04228027273565,75.87574769334857,8.880743792577114,298.7771061257833,1
46.90950240296051,47.828350613236196,15.098444479481618,296.2796921984102,1
61.07333662983558,61.63624582881465,8.669835403261175,146.51824270523565,1
29.396161401181132,52.16721465007757,12.258661111773701,221.59392635375602,1
25.52893545913368,52.20239814486294,13.469968946037282,212.59406625281005,1
49.73682736435793,53.92935510696622,13.344606110489732,188.71452583523674,1
54.74015026579252,67.60954753168048,7.6081025074467075,266.678388526907,1
31.991334804105342,48.43101829612038,15.761204936208362,188.47815966046582,1
34.87198969623017,35.271273040727344,10.994789224708592,114.1,1
14.308493916608569,72.96086678168552,12.464150143151185,142.16197043168756,1
32.18027814891613,57.94781582952911,7.705564588059312,138.900844330636,1
10.506469966474402,46.526915646863074,17.218959132359604,171.3499851170851,1
54.49617363195827,87.13905691223815,6.443223666504031,196.46389032307647,1
48.267295892168775,60.53588951793926,16.527849017382927,246.8611524409448,1
19.248895379065022,43.76130755870858,19.7,251.48668590742994,1
56.57518726987706,89.15071574365948,8.591674446781202,267.9751637949288,1
49.088016170525265,46.345507901359234,12.979744029830622,139.63656323626435,1
69.0,98.17744294821358,2.814461099142969,238.88669968251185,1
61.33111911668957,76.4323169483321,2.823658275943676,127.32784409467135,1
40.81347887679289,72.6628280092326,10.057885844967034,306.31828110979103,1
20.284039626238123,46.70746568931372,16.145413470265424,258.1712777085262,1
42.20189391760621,68.52668995012962,12.561322097651162,171.5294815609086,1
53.30115619120556,68.80791405377398,7.4704672552993685,289.04736461774024,1
38.48980607424412,47.535403812295236,16.86689658300039,235.1668662976048,1
46.18651309675972,62.34058993693483,9.481408094388534,277.1149828359431,1
42.86818181808844,57.34648555340242,9.42777553000423,142.3293444634075,1
59.03567496034765,53.06439327694227,9.140925100640723,180.0749378216764,1
29.970981758252016,50.49978548624813,14.896369867720704,166.89757941821009,1
43.93903185128637,74.78310785304667,8.566602054284367,196.77588273902938,1
15.803358122380974,54.361897108705854,8.362400234676354,191.9831747468028,1
41.5085118776944,80.72186732299579,5.329863361164439,297.6085384873994,1
8.46918445774725,67.50291616775905,14.863420673068992,312.9111208463357,1
60.217151365922064,43.99528302077399,7.914154227878316,158.97320673041713,1
26.655922259286427,37.237869215619064,12.601174168452687,193.08512372619893,1
57.093961064246606,86.74260503799442,1.2299704071992892,180.54174619351522,1
36.15021667873836,66.09190479230735,9.947568246094896,226.6278411251755,1
42.59321174983712,82.08763239435429,1.0,159.18629663998604,1
23.432014243317674,58.00598388257436,17.294756082016075,316.723570025104,1
43.718965405740214,85.73832677526367,1.0,163.18977864237476,1
46.98639807479128,79.96591334592543,8.932588283744975,263.4345694702714,1
54.67680858336834,45.792758950115285,11.103525536959221,114.1,1
50.67736464092856,64.30624034417608,9.431822814980814,196.9480971200742,1
32.77405071393198,35.472898727693625,15.057297834259344,114.1,1
37.13997888999231,76.66890407571586,6.67780272365864,189.92931618024818,1
30.69683629206677,62.78761006664875,11.205813251559565,250.1230796615747,1
51.52093511367825,69.23941293442302,1.0,114.1,1
44.13723200266922,48.352613519865116,5.323318569899927,132.43590471564465,1
46.2740473880633,38.79797073038989,13.047172592147774,122.66596666030945,1
27.956367007363266,41.33984761075576,13.34169276260849,209.89278372988466,1
31.06426938578546,69.98903369413671,13.031066053115621,212.84158217457798,1
38.868830564344066,78.94310325984223,8.126150481949475,267.004402474811,1
47.465763764855794,73.48537716568813,4.351647809100132,199.20768820283214,1
59.8237149904833,76.90293748835109,9.692497032549811,178.36083042785836,1
69.0,62.87829314793615,10.122255343717667,127.58003377641772,1
69.0,73.11816526303097,6.804492024272937,114.1,1
10.215928800551154,44.85352362954916,13.838349265556197,187.2523962566554,1
13.270496539197566,36.906688882739374,15.57509096737287,146.83481119838802,1
34.2112946404408,66.35982544107394,13.33685304523333,301.0509599802484,1
33.3796607123882,63.99377768961044,11.80001205345523,193.46553335507156,1
63.12362512051355,50.33587921076115,14.507967355812324,163.70118263646717,1
18.547679871235598,65.0875606177116,18.03376461776201,230.40695208308787,1
59.943478518133844,71.01875884657221,8.59978354357093,198.05739059745457,1
46.27579405295778,43.332450496285446,17.567021306557947,253.9319303544765,1
46.08669385922043,46.603768399160714,17.37063998992817,214.18159501184132,1
69.0,54.95966357670654,11.683579853465694,220.1289002440256,1
62.03658510258262,59.60963448823468,9.053939114871634,182.1920344915691,1
46.03677603411322,55.0842737339171,9.864965107034141,165.01290214914306,1
13.706235526774751,69.99932578246441,9.862993047401874,269.24403761686415,1
48.106132465315525,61.571773440869656,13.114258709823204,229.73429089738033,1
32.28326661661361,48.34355862693373,13.735221692830487,212.71633346384658,1
44.380154427355606,52.77059507255015,12.881476839424474,167.7334212654672,1
37.15014878814885,55.10887762325817,11.96511310493057,166.75959637905842,1
40.06758809359881,77.46721284579242,10.797799636457336,229.97735503518405,1
67.25723409116983,68.93341713659784,12.098814161907587,202.7133631512683,1
18.46566796163963,65.34854408658842,12.414636341171684,260.9056009020604,1
52.04217052311578,80.95498428222345,1.0,154.1970787892121,1
41.471246066181486,80.34873448864452,9.176845520442583,220.68073787510386,1
20.178048620245804,42.20868953652628,13.61714380047852,226.84767588488796,1
42.55907193009261,52.714134594748465,15.192471262683194,248.47269164671124,1
61.608869477072716,74.10555078594606,6.382702704876619,234.32018238095452,1
50.3248167324016,87.4058346676104,2.655705204272339,279.848612595986,1
56.67980245606584,66.85561377017491,9.797204915978762,242.12691228208453,1
36.77923728835398,64.7876961479758,11.033449356923946,230.67396163035096,1
48.09040480320871,62.21680887395585,12.239330548398199,231.52925497888754,1
4.2,59.56657603944783,13.195834641027856,338.3108488863038,1
39.44033060840633,46.0198062626548,15.909266695707913,267.14678881400744,1
69.0,53.4533139377929,8.88270616209886,193.5036313155159,1
61.36884528688406,62.67755925333307,6.977785526071429,237.03559966307915,1
44.435869972722955,55.79918151800935,8.611664460028816,154.20758998112512,1
43.887857010900504,60.379712410808835,8.545653345700279,155.45773573059557,1
22.752348100423223,80.69561415668717,1.2956848203863895,216.01644247744244,1
69.0,83.98753643303597,2.7548371335768795,173.26788390635568,1
27.8817837499804,61.60726025641343,10.318316496320357,283.33363092258145,1
59.09501401718266,66.37048693724374,11.535779621834866,300.3933001687874,1
41.21536816665364,67.3999552383239,7.100842611652196,219.51730987877292,1
23.12775902175418,51.85632316307935,17.044834402378086,327.7265706337036,1
30.048065906938614,60.29135440628259,5.873111564452094,206.8932173454835,1
25.398695244844472,82.40463992341785,8.199721562676567,179.49864837046323,1
54.97967070114794,70.21142171642676,10.697661081377376,223.89879627716894,1
35.30423908049836,52.31181852139068,12.45277683581239,283.3908534385656,1
28.844289129198472,42.126003630175724,14.334212965882406,224.39712118350522,1
48.512113783013945,53.123114340720406,13.47547945182976,266.20642870496005,1
15.361429619896729,51.52761794289774,19.58827038431651,293.43351647113667,1
49.014587747731305,68.73988338942245,8.394391618417535,184.4339087917304,1
26.249491412943748,52.38026157781001,10.588822204972779,160.81273331899897,1
69.0,61.27348268176579,5.828465793717669,114.1,1
67.81849456681364,97.42498069806217,3.174266688194373,253.65294798275613,1
43.42013059542355,76.52058473074901,10.05507316416717,304.6653671645231,1
36.19938345375646,69.44292515490126,8.031492583797313,267.533015801303,1
50.149871800547345,37.78485844063354,11.64790428053526,170.63652529881412,1
48.23564525871662,73.97885744888305,9.296710186393113,345.44941903600125,1
39.423593427473975,56.22895936876062,12.974606655159553,215.0221058710859,1
46.21508141436272,48.4181159147961,12.932376005693298,208.00042474321697,1
42.88773677051668,55.1672042716511,15.153522795367444,319.2737220787816,1
67.20019946817042,71.87748100630276,7.97201557068831,167.0470928766522,1
50.016562292728736,43.44857452170018,17.135341118298914,172.0731396289227,1
69.0,68.36043893941239,13.833580999177757,261.3106540296301,1
35.65737677877064,56.9635475905906,4.544618949220021,179.84661223767847,1
54.21281033354728,57.07473198541337,5.715322979265963,288.06660530515563,1
22.787836769696867,59.8439331288526,13.18633840025285,282.8960186001717,1
47.700851694236505,57.972524280274165,10.656137580096694,114.1,1
18.976653221275235,46.10220294863849,8.1914275611279,174.8590756435487,1
69.0,45.742194924450345,12.240719464864423,114.1,1
39.542754595056714,60.17617655672824,11.273945218658968,156.8310283125823,1
32.43787871033011,42.43176913974166,13.529059012328082,114.1,1
36.67076122635147,56.91473591969962,11.903953151568844,231.2075646501997,1
40.626582200583385,42.66330189652006,13.732401911303324,135.3731869811009,1
7.632819241466251,69.69186193550787,9.213732873646153,253.1384199393797,1
61.31082302235879,86.64519135438037,1.0,192.54156369660328,1
30.989202285240943,48.485876384571824,8.407087459573134,166.9857327917993,1
6.501459715309146,52.30269120091289,8.409364362415811,174.96077789410725,1
41.51214043877884,46.55331372778075,10.3900033374857,182.15379822150481,1
4.2,49.58022315716569,15.18929514762537,268.90965809283927,1
36.418029886380644,52.04227496051036,11.527357384848802,180.938560760137,1
44.859201360737316,65.30260595711582,11.110453391452417,224.99854410016772,1
23.98589603621585,53.84766215187222,11.359857243946832,185.76274977106587,1
40.68695151286302,60.56020731455008,9.214819518345791,114.46016179114935,1
60.54218191346985,91.64554257553974,6.0231394717134705,355.0189331923533,1
30.847592709897654,66.58152075144982,8.945351820049838,248.38879695261062,1
41.4194826029509,55.992840452804025,13.269492280401936,164.02912099383977,1
52.52970400933047,51.81144137666742,14.7429304436583,262.8322576003164,1
27.64471601908036,52.538551546107676,7.882963403144675,157.93825934519145,1
16.026795658872793,82.81097312125189,5.6990824293403755,164.72639438143074,1
29.864424956489778,42.67394853965767,14.882600888980244,270.5747881428747,1
46.99150722931523,54.39710537711757,10.474754335519835,234.52337763581073,1
10.80767984817573,44.4607262774944,16.864174050617923,144.5093607477326,1
36.65259384614604,88.15890097620124,7.245734638737994,176.93858439648025,1
47.8100587420478,70.74436537255717,9.775261548571741,205.49857250958956,1
53.08028316040504,57.41513327960794,10.307873205374309,137.32670134167392,1
25.939868794545177,48.15800028407966,15.985794807055317,175.27712610868872,1
49.12560662888217,45.023510288525785,8.222615062315125,183.1600559927653,1
8.726716387519524,57.39566810301358,19.7,268.16002354219773,1
48.26712205399691,63.16768840178602,12.48623401967642,317.3834002878188,1
8.742354221279601,66.01008142658233,14.867118074192707,302.5388290792819,1
37.365156911633896,56.13097683076223,8.91468173655124,190.65054632367082,1
37.38345059488499,31.991222841292593,17.694113235160223,269.5017391398,1
42.27644820410422,52.498584183078975,15.663406811802393,205.88617453900866,1
40.42434160302353,71.51610193172168,11.481500271211821,243.83522490796906,1
12.397529894741716,60.03402473446894,15.627245108326163,305.643642747322,1
26.615589740399813,62.24135468526982,10.09831316101927,269.0831185916471,1
57.01812519199706,63.555577328405015,14.265356359955751,310.86687523909404,1
48.76916186666167,64.76545079268766,6.926369421672575,114.1,1
24.383847317239884,52.74954413042956,11.269287703958689,175.40550726061576,1
24.29966370145695,86.80821224849521,10.0876861072461,288.42016279757433,1
40.56468493432379,79.1412728993752,12.834696948480515,347.31772306597657,1
39.38466831181767,70.94136904537876,12.820861126975124,288.09016776979877,1
36.69919445513304,86.73013602002264,10.536379904249097,275.0144174587337,1
36.60561641927232,44.72953524095162,11.590153845841218,122.06190090385104,1
64.8887039412453,69.33190256157961,4.049421890267275,193.5273630054959,1
24.19532377866822,74.04016588863588,13.859632507702095,278.52467819775893,1
36.667543046249904,56.29720206487166,11.946104738290005,190.63743345032609,1
69.0,83.2041178813493,1.7596415581660771,135.2369876061645,1
45.122240635268895,59.24828703860115,12.595756739257752,274.3724448401132,1
34.55027476804157,73.98769312708868,12.932387707401048,269.5468721935821,1
36.52249317186071,74.33185563708165,7.630246526539489,201.2166168365828,1
50.390433928270134,76.97515425069804,10.09533423098133,331.4466805903544,1
41.38391478498718,86.75415581176092,7.017236995632953,254.14968907216104,1
49.323048067125995,54.368204088102935,2.1859403163281073,140.77611827432213,1
32.78883222432809,61.6900070782234,10.510713727175668,283.0798496242171,1
69.0,92.84449524511787,4.646353195797706,283.50828977977943,1
23.292508363644338,74.9641275200749,5.080868926943747,122.17728850366079,1
6.9273213460647085,42.047989173603085,19.7,284.16031723517006,1
46.93868171342082,50.30759044879109,13.966593155074818,258.25221795982736,1
41.876351952213554,55.95954344287405,13.666124238754056,262.327268927496,1
69.0,75.35129369471697,9.974371601800827,214.55593443354752,1
57.10176665964066,85.74934235915137,7.621562933882133,258.41544230595105,1
43.47402025701385,48.58951687257408,11.261828601011556,176.91035480971152,1
52.90916258504976,68.8102907960244,10.373038679724255,164.43426786470127,1
45.019475546274776,56.20686322529557,8.677949571632398,128.1128551063303,1
34.130602568941775,67.99434494999846,10.163523482134359,234.18203393911432,1
69.0,90.61317469779053,1.0,114.1,1
40.03859766618722,65.76664690741579,12.927172940603626,276.88212284356166,1
22.114056034080075,60.120436793111764,19.7,377.48471526716344,1
25.755073483946,74.48004529716904,10.422551247715536,344.3803841887763,1
35.43155013197728,49.22247903084598,15.071177733648845,181.37819411273472,1
32.414761356860026,70.4532499604812,10.519626442429338,290.4872570822505,1
65.15497468972097,68.80116028368545,10.170645720096847,258.32173718581396,1
32.77709199525309,67.99735579693296,4.732346359662056,155.82537261297563,1
35.50763421002176,62.713120916038086,8.450233751624245,189.46552770350877,1
11.063843255162624,54.59121161664773,9.314623146547328,150.76898524980925,1
28.31944683289196,49.183897478738736,16.295684211380237,293.2664367131259,1
45.61031768227624,52.64813268961834,9.154298285507949,114.1,1
41.07406630746998,64.92517169914869,12.24653704429191,294.1909059084884,1
69.0,33.356492492149044,12.693979048214443,114.1,1
29.9821633404409,53.535464666990535,14.254737842413245,269.7999085468987,1
32.90794645099379,88.89351585957505,1.0,138.82436943179545,1
42.35670655647247,50.299159594412565,14.987816456377631,216.90361468880963,1
41.99987510102751,74.97437627663938,4.593344992152266,237.24005619825243,1
44.71539316063181,43.24911204856288,12.609476134925586,236.37775697341792,1
50.336859450044,71.59508333942128,3.4283169886217335,136.43800753240754,1
54.13654704001336,56.66575959467998,13.272453679913914,182.84932452716973,1
68.40017784666517,79.37183514653447,3.6995893779041698,172.42791802828137,1
58.56577236777616,57.37190154431916,11.515717974684387,252.76164687921448,1
43.652529617598404,58.748804005699014,6.653898588933698,217.7510148531789,1
4.2,59.61723472960898,9.474433045325306,237.39725177835587,1
40.19147308393804,50.59521166144165,15.216261275735132,140.46734999423558,1
40.40141154485666,56.079776395802625,15.668489227282818,314.0699409877863,1
58.40069511573405,61.73306753782576,3.683998666018554,161.08296390493783,1
12.78482893989122,55.766854276639926,10.884596806300074,165.18417836242298,1
28.523171258905336,76.19175790045956,8.427536124202838,261.802017979675,1
42.965154808961536,63.691450801245836,7.826828612824581,114.1,1
56.936571322314606,52.60798527278279,15.95431885234214,223.27664617231176,1
52.2571967174547,26.80869184711709,15.60550885620146,114.1,1
59.63295501833228,42.052884735342055,10.945631231525041,163.74673972733382,1
33.231024628482935,43.221693552001035,12.4156565969079,126.64293830193768,1
36.141445636773724,60.06116829896838,12.356403771803404,212.7028664848391,1
33.98079356592605,50.25383255686372,12.690015435318264,235.7402123297176,1
15.66576819718422,68.31314357156823,12.44738971102985,290.6285659060146,1
58.70721861390581,68.39573650858108,4.23956535374616,151.4145393424357,1
10.732130203205347,48.094529897018205,19.7,398.3244510778717,1
28.253222510051266,69.10677416590372,16.724764212887443,365.2548891179315,1
25.25593003346382,53.335917066402615,18.6151943830203,317.1981102429915,1
33.310623193173214,70.19090183233294,8.552720270426192,232.68516928788182,1
52.23052300967832,63.529268388815744,10.722069519936246,196.1480408489049,1
45.4251040532726,51.1624801269152,10.514921538817605,204.95037177640592,1
58.81986295174114,63.190795992771015,8.148416476539516,189.74331819712486,1
28.06382487796881,67.09605238078439,6.962708896700038,217.13810926758973,1
57.896697629483356,67.9008992811591,11.85074016077555,233.73347663576402,1
4.2,56.25170778624478,15.03695714102242,322.6813543780694,1
40.52756529656465,42.29810636308939,15.031904081914508,230.39247282445012,1
41.755433648413664,55.61035342931233,4.940343332273644,153.80323154734504,1
30.43443302368683,57.59171497369628,9.225448459643271,273.9978702052175,1
34.87413845479831,59.353653401223795,12.429317397386818,210.31428988127016,1
69.0,60.116139486711845,8.114000914843954,219.62134195714776,1
27.58066827766982,55.30636163094764,19.326589254393017,317.56075107895003,1
41.276370664872246,74.07856846614116,8.732913714842693,265.6377239958459,1
34.64822726737619,66.25989388674817,11.327041665766055,244.44822664947228,1
69.0,42.3282466447107,12.033692152621303,173.88581652221103,1
16.658079760378687,61.885249153399876,16.6441328540415,312.9868167515274,1
27.810836259460366,81.57256233578582,12.03085379687782,278.29890208824673,1
67.33186934705292,51.043970582799076,12.455071290099648,165.25417080089585,1
69.0,25.95431921219737,13.290127666928921,224.1179439302717,1
41.615545042442044,52.293601593848116,3.6146728026837005,114.1,1
45.346896414154315,59.37132652800405,8.757048649387011,280.914177756527,1
48.026170686651014,55.32299002441949,9.661205941829873,114.12453808676314,1
32.479614699587245,65.42494477725107,10.67124873685898,235.83480265092916,1
39.262253151689336,54.6194059155344,12.863097398206312,241.17661125184162,1
60.11888583620143,62.27724581081824,8.573784726363767,166.64270415758776,1
27.223311799559994,49.00001686404177,13.297362585043324,214.26091948183628,1
49.31503919331903,66.60153216620763,6.86798325239285,221.70766228606274,1
38.574361413439306,51.63384904008305,7.79960452734878,225.71387607813722,1
68.59446645175609,81.87491675933092,4.5453260903608825,171.42380118199543,1
42.23691354026686,84.40821842005693,4.776836742674446,191.9674713427366,1
32.35252520871015,63.49345165632958,8.059630543272888,249.22388169859138,1
62.1997055350393,80.9300909640662,4.161918346529142,197.68202723239565,1
33.59860817791411,54.036586944930484,12.629776248787099,219.68266392614504,1
45.48654772169671,78.81900804293255,10.700044978332324,203.91522408575696,1
18.372212353856003,41.28255298843045,19.7,370.6414052814939,1
39.916390987666965,47.50276983007001,13.005122257424603,201.84819567040185,1
57.892021166204884,57.09132982397869,8.01917404114777,206.71225245884307,1
40.05425209803775,62.324817023935594,7.983672186223897,114.1,1
24.092654533290194,45.34347143478915,16.30467361358935,215.14122797730366,1
17.93749175187803,65.50487078788414,13.87162415732879,176.85397109486,1
11.902476834417971,73.45895361553784,10.742849233081273,277.5739805428318,1
17.654916192117188,58.66797605444955,6.339161486307466,207.76347104859096,1
37.1907505820983,50.239913034272504,16.37011198005849,277.5941111325386,1
49.23959878038369,69.51531416086648,6.079404051363322,116.56427311772461,1
29.71693251001159,56.75465926855252,13.845331389734845,280.93364124055574,1
34.16893605819555,63.29176768249052,13.631448061403491,244.01803083595485,1
4.2,56.567506989402844,16.812311215547545,179.40388032931165,1
50.96857818138472,65.07099843438422,6.462196205775308,114.1,1
33.097289345138535,61.10488197464967,11.072127749375479,281.20405124407256,1
45.5213494799554,69.42833763036141,8.052780810746091,177.25302933026873,1
12.494760016727522,66.93584143967033,14.802660774186243,338.7630855627923,1
38.52800548275657,69.22593807480929,13.436601244423608,271.49286989476343,1
18.136896678722824,81.15891930678012,3.691112458210485,280.38845608249846,1
38.621100143678724,52.138049471171335,11.617292558530012,264.59514374643254,1
21.369511774732477,76.2729533626622,11.462082852044063,224.62157123720058,1
46.53538588403121,69.46055060076172,5.698674478334818,150.888909017048,1
39.956474105682894,41.23550061044258,15.141689433404807,152.84772631526636,1
46.00349807270542,74.58776515746533,6.986121432774269,205.30915751312165,1
32.881832978557156,65.36432454422899,10.462655626195637,331.34644093231486,1
13.52500410451637,56.43036076326341,19.119823596392504,203.91703050749973,1
12.473068980575363,67.89167936349119,18.204053285842292,289.2034902149121,1
58.819601460484364,54.694601863536526,5.219075218787408,170.33014240972875,1
38.25640058901461,67.13495959750458,8.2276195559453,211.74129191994103,1
69.0,43.740265634859796,4.736976097026606,114.1,1
52.56647902866568,38.83775172907374,14.702795848575171,195.25992012322115,1
5.638290139068246,61.18741987370944,18.16729250580915,284.5070835976385,1
20.445145118469966,58.33924849968804,19.7,295.82798923222117,1
42.065251407655204,71.68093821505045,10.321671194068712,277.18719777828994,1
31.808269127558567,64.8598047644851,9.205084069050349,315.92910473643184,1
32.3609895098454,51.9610916347064,14.369899504296159,167.77914759806026,1
21.79337293241294,69.54098437197807,6.205639690929253,210.895754538965,1
60.77161192312412,65.51997302788179,11.541216553556975,194.88951428074571,1
44.29308345503786,72.21918520837608,13.963261848324564,198.1351617972319,1
51.84137477537507,78.3298298478679,8.551579779657976,163.95026020878169,1
35.69814882405904,73.53754006126456,7.5175436246591305,227.39987021205792,1
58.12531433426454,46.278605898457755,12.302006711448911,223.37194018231634,1
69.0,61.59408165744998,9.590992380914873,251.7502035723491,1
57.84292934026618,64.60581414491237,14.794365443886203,237.3877601205384,1
50.084585254381366,80.21866040550738,9.373182201978569,306.3910311738982,1
44.78593124500464,71.84066430593462,15.489721431496122,300.03830550489863,1
52.64737859432242,33.67752928357499,12.36246094846307,114.1,1
24.44711071140386,51.6292822115908,19.522124604708267,279.70765019177463,1
17.763894281012284,45.54061129760801,17.9778019266259,245.34313993492057,1
28.416552162781727,69.27761286626917,12.162594207665173,175.8608007469197,1
12.208604910553085,37.89597248453427,13.122900984222579,114.1,1
32.07076195349621,65.9593939040511,8.198830398171204,165.16286949939814,1
35.22481501775288,64.9160035625808,12.990415931904398,329.86456997755215,1
39.7611011301418,46.95677216026455,13.559553863721616,244.66462040097193,1
52.701125153546826,65.79379163664498,11.156581816018642,188.69232047837608,1
69.0,97.11116463107997,1.0,139.66783928248228,1
66.90498303274053,36.305143918310165,15.906632247857882,208.42421308570542,1
16.414458619286435,62.36629616455723,12.680662073615082,258.72976844986323,1
31.592982566549765,78.43537787234897,11.42550480723665,299.5335676509571,1
68.59022028558336,55.59600251037809,7.033952703924731,156.50717175460898,1
59.246526302030475,75.00224647060041,4.959003231482832,164.3026845056435,1
28.9339712671907,51.589486199531805,14.783865739153079,277.00478564672386,1
60.60906705128414,57.42478252191218,12.54060349276201,223.50709275557477,1
27.250656382103973,82.33512683186879,12.501800465075071,348.46180773176843,1
14.310375934517598,66.21918285792356,11.768666137331575,270.10164895227996,1
16.23010465559677,80.35453798679322,15.252977189479818,302.7550846657885,1
37.854539463143,49.79925165049747,12.18528126075223,236.5214739528274,1
69.0,41.23051086625528,6.080466207657463,116.14091497569898,1
4.2,52.31871097939414,12.779939813273119,193.48158392187923,1
59.40438600474415,73.6433436511806,6.5662207703823485,174.90323985054752,1
69.0,59.0617173592641,1.872884795016386,126.6923588597824,1
21.06042514332015,66.48565833891118,15.796631621685943,360.21834181286897,1
14.44773129017436,68.76986750764235,11.264154218119343,146.7757294126513,1
50.47245108619632,59.63209750921548,7.267700894625248,208.47176812908828,1
37.941839822439235,62.51467888258205,8.5718201262234,123.95518678321729,1
25.90302412578375,75.76981647958097,14.471281959435617,271.184051154635,1
57.51863876479833,33.501220963788974,17.421858943241453,191.82802234293965,1
33.69539146488328,45.13587741104311,14.815469919511333,157.63067228956396,1
69.0,54.05324309910785,13.043907391843302,271.62621787112363,1
69.0,74.57813532222248,1.669127400877839,117.95876169125559,1
10.425763742037127,68.6565752448033,18.010186967878326,262.69354921813357,1
49.873523901604884,58.3096408237491,10.214789155515602,244.42665024401884,1
69.0,77.39894808867663,1.2663938194974165,114.1,1
50.4370979923423,75.95067240344358,5.931751380856951,222.79671101760198,1
61.61718574038004,65.74678237450529,6.794714849589243,220.79100152784642,1
38.04819986919471,64.31019216636567,13.234168287029256,302.20247629923256,1
62.59935704209198,35.40209745450619,11.913898241392621,234.59752955935537,1
43.728004170297645,58.95984486416382,14.778752663899768,334.53137649446506,1
24.788415611330116,54.18861195755208,14.649797647796062,198.741136634358,1
31.75859127771609,57.47897171917956,6.62174033490327,123.10611134054938,1
24.775286967507064,26.253700376297836,14.485412828878227,146.90965295275876,1
58.870297276591785,79.17108570589717,1.0,114.1,1
52.29747929539421,64.92834510132565,7.089882146190597,177.15782534110872,1
47.51954399365968,50.64577533140518,14.364469130857753,298.4959240110711,1
63.94059046259859,73.59471595584202,6.968247034938424,184.067875315877,1
51.07215842251597,74.70616111966311,11.771705927578731,234.2254489350935,1
41.34404412419459,79.31022851591328,3.6579321784799914,156.60592828729852,1
4.2,90.74064973328808,9.545504632808356,279.68568260270393,1
8.405186222713873,66.35412187517156,9.345186142917374,305.49171942977523,1
50.08519587028127,67.70383805153108,8.766710284512575,185.37126075638707,1
14.380606982206146,45.10310381863934,16.543414259121384,232.136275602434,1
52.69608587904497,43.62874827815222,15.376718149645004,226.4084868307134,1
17.45286301225577,40.19420815405375,19.7,257.4554645102642,1
69.0,73.60010389661112,11.259269435239048,218.31963799095178,1
35.51162005924719,87.23868420808446,5.694963640532861,304.19969246999267,1
63.83694840680204,66.17756298671554,7.737111747541302,171.51745460908444,1
47.30525196501293,75.8527593625787,7.604197963847639,236.59079299689694,1
55.740196536764564,64.52382580220025,10.92459674786673,191.3375301115649,1
37.014682715369524,62.71490084695839,6.073879738470224,216.56719114933702,1
23.307562750325292,55.816281036118106,13.042543100178648,202.29932770578108,1
40.93659209083554,64.93842448276033,12.377994112390315,204.7194228813093,1
34.867836309753095,62.07638374891278,6.1569735497035865,114.1,1
22.764625843967142,62.89610346769544,9.535555560421798,221.52937136237102,1
66.68483024757126,63.79377362037946,7.414772220919311,157.4843040884134,1
65.02645015235495,93.55368513655677,3.694554603834246,198.1624723102796,1
30.09847593475734,27.676955507159803,19.3436020153315,224.4093643087468,1
49.38278604925439,60.53966142844716,5.883049765056118,187.79518999740517,1
19.627441187320727,56.635962483114405,17.674517074971757,256.2527772391042,1
69.0,72.23575305798906,2.798394671420515,114.1,1
38.083258701872396,85.29501813265907,8.124180796556466,197.69975522769738,1
34.144229583759895,62.21071356204451,9.514611421105693,274.9720192096116,1
30.3379124328778,74.73254476869946,10.496190232345588,310.280714028856,1
40.399709282444654,52.68613336390218,13.228191622516285,213.614188221095,1
29.887601152608887,52.69549304248987,15.285182779584538,172.72081266134035,1
69.0,79.19885042398673,2.861504297928035,169.87763495382836,1
5.104208625703393,51.535596456681276,12.708472947230913,200.33197790155427,1
60.35131539920698,55.70745829804013,9.838666317788565,114.1,1
69.0,59.6483552247928,5.150086407793686,163.34938764712646,1
49.762027146022405,64.30981707661472,6.352128654362899,204.20368527440857,1
35.60818437878631,48.56394198680218,15.074764817978124,212.99321885582523,1
4.2,62.293020090866364,11.756436826621393,232.49322334805927,1
12.145133039156487,60.33934532219826,18.744735128484667,220.03769702623345,1
51.01437591712031,37.972188749451576,15.072029142751507,143.3986305055226,1
50.98714696139942,58.855882180783034,10.156855131091708,166.76217257120754,1
41.298851971088325,61.85791627981996,15.755753761980996,268.621622143304,1
50.064426941032096,57.2936036324686,12.40037402567212,283.2232799032405,1
53.25617944023681,66.55404345271046,8.556750785357481,162.2400606288848,1
22.95927854418792,74.5833527982446,18.623603611043492,366.7117882343007,1
69.0,57.546820869046954,7.3153872851110595,157.89166360118128,1
28.71752548869882,58.93706532504333,15.419514462465225,281.6505411658454,1
4.2,48.82339698067,14.878373697279518,284.0359617504861,1
31.237135096865046,44.256869272965915,16.399226179562095,235.58306100649773,1
21.673996173236773,45.239867548152645,19.7,237.96810223510752,1
34.92661508055592,36.30872408237714,17.976121833949865,179.2892696603825,1
38.47043186227271,69.44453255420181,12.879669668025082,222.8969869415826,1
28.311668220469894,38.10200230152057,11.226957425272975,190.4448232937433,1
35.47245476004555,49.00006014384121,14.387131973967824,140.5346947523309,1
34.535356651670156,55.398141296004525,8.26680885763848,178.95667716542957,1
56.88982677294418,61.12668681911213,16.146021663912663,311.5075532900684,1
25.283448437111126,56.94743329398374,12.106158828161862,150.65248615666,1
7.291013771378317,70.43324955382289,9.970702230622308,208.44451557736406,1
48.952076607014234,62.77739728975777,4.466932993307443,114.1,1
35.70825758020606,47.65416979373695,17.311165290184483,261.80624468353983,1
28.467946744412302,44.10338578089629,12.80551337210041,190.47437766385397,1
12.100194550949286,50.186169631935826,19.5246746105487,230.64890497241782,1
4.2,54.168807203014254,17.613320450695376,252.16926930004072,1
53.865623969424135,87.51318444048027,3.9608102457367833,140.4214850369466,1
48.985954301424684,56.97539048062366,5.740794690717326,169.25150354561094,1
26.746436854713732,50.634028875003345,8.350937575814898,143.32335043926858,1
29.677411541829315,60.91041974861414,14.169324469748583,318.70011935472155,1
61.099583707469876,90.15518278575476,3.42759746028171,207.82901846556976,1
69.0,49.80898102114335,6.006147576174104,140.35034501754183,1
49.922490853293105,68.84931953857325,9.069836244177306,171.80919374380227,1
35.68033593351738,61.7162009046638,16.134110382345693,249.19126285293692,1
39.149881634827814,47.07377563768229,8.77859428377214,157.87336250535242,1
5.692493722208049,76.93682249092684,12.015865234645318,367.38651981568273,1
30.70066556389039,80.04215441811766,8.083057635007853,175.20846571922286,1
67.82247978027854,65.95401803295694,9.235383187818863,145.32478012014795,1
20.449507600913748,73.82540772945043,13.321662485117983,323.5168431196138,1
69.0,59.1558293416488,6.395391433321361,139.52171169177214,1
34.141223022090855,42.182984038073215,15.68126021595793,247.90426828876699,1
38.457541618982056,61.537492208584744,12.010123708671228,143.27746383871158,1
4.2,54.32948907811877,16.835489124496284,273.2516804331172,1
49.85931110654317,54.11154478587069,10.39147899641893,192.71152097435746,1
69.0,75.67257870492558,3.9272593044263147,139.57298177422223,1
64.56458087695515,73.49228736357837,8.8113615412277,176.39659897533318,1
8.615217937598509,54.91448762887849,16.943542955150146,200.27522323844605,1
53.75217180103246,43.78163877689572,16.357586437861443,128.51371639906432,1
29.06086358038485,64.68208507071458,10.988167849020549,247.59177845593672,1
49.18914506356551,71.00407218557835,4.291532103316265,209.22030252526434,1
66.79418285663624,56.56479594401904,11.714444414063248,181.84847850473096,1
69.0,82.64021193186403,3.7747426926334056,229.3689136438528,1
68.8226229183587,65.7569181486644,5.5088921215988,114.1,1
32.919935711797145,77.07781867865123,9.975374885652382,246.73580387868287,1
61.338867828074044,75.06815144665025,5.185149618466435,148.26466553114662,1
36.00465793091728,37.32245327191017,19.7,255.84651206786967,1
63.09126424966343,60.433531112676654,5.22297910377304,146.39700768901537,1
38.44779754955047,64.00616372459028,14.477557013369811,293.5189983967599,1
32.24068091695423,68.08423935780391,7.92689806931471,217.92399445275177,1
51.90202847924008,72.1103645868925,4.984206110623007,114.1,1
37.00818616358532,68.67353673589562,14.700998803617349,289.2022389059652,1
31.336719369294556,62.52926881021615,8.848853531013937,137.64883959545526,1
41.56471840388297,70.62711810414449,1.9933515421393828,129.93843105472627,1
66.30556963784497,82.43163651107571,5.605501457250805,193.56259119802024,1
33.61420817941233,51.9702523286946,14.489285876972374,276.15920286427456,1
39.31744485005511,55.32192250102873,18.638982026574855,301.21717007421444,1
48.643059300293,71.94456199416584,9.868528957871382,161.1952650045026,1
40.30920841294026,98.89079398165893,1.9632233482070962,316.88538939714454,1
67.45468505784667,73.99316656153144,8.304167272064522,224.84849970217402,1
48.47459538547817,47.89306440532087,12.416333098005708,127.97608442599702,1
41.13552319630391,87.46392423305025,6.808393942182393,198.41397755888167,1
33.10443041872822,64.71998580677177,10.165719139737964,241.84295244287696,1
28.737822525140707,63.61334770863857,12.406900713256338,271.15034814994004,1
56.94759976794766,67.31609544350691,7.897406443023783,205.10335977921716,1
35.782229909344665,58.43274795698327,12.446463001109782,239.6520979881139,1
40.01825559798014,55.258044662451574,10.41017787813125,175.63112803912827,1
42.46213931071107,75.3475652760471,9.788593409684982,280.30991908387955,1
26.67951921353103,74.88721641375088,12.625991212746426,347.6111213613781,1
54.335521520411106,71.71141507766964,6.640356315984508,120.22034778734886,1
61.61784288995963,45.00958132170112,8.278296146125431,114.1,1
9.205464552411406,75.35081816035269,14.061314684745586,313.9825687022951,1
62.485478872388825,62.334370750768414,11.667075867717507,205.41890074940125,1
36.69574746264197,25.153532448902055,11.70630440448519,125.35990603993415,1
29.235512558978556,49.32613121911129,19.7,296.132463325057,1
33.78358551566902,55.81374861298,13.883380316629754,175.23261681233487,1
5.325626807276912,48.48412780669452,16.809233056213998,287.1767734058855,1
55.12140940282732,66.34087509712919,5.297405816452084,114.1,1
50.76991302361907,57.74174729337383,10.711530193961211,179.75287859241965,1
69.0,76.54443967693801,6.217522317311346,244.2408475714995,1
54.69130452566101,59.24784011015577,10.646391938795068,175.86008810875154,1
48.61315637937211,37.92764828174168,13.06340149153353,214.8568296923931,1
15.98155758016161,33.63009925862274,18.99511793171223,191.48472053287293,1
44.72033408649572,37.55513405665533,16.8806066720632,200.25116778128123,1
45.48282911918811,84.64584240527778,8.40162649358907,252.65997781626973,1
28.217362851694425,71.32355787836943,6.673202115345628,150.60202534264664,1
8.052162650118632,41.07560131804323,16.082901172473917,295.3140158592401,1
43.90598739962077,53.26937503831302,5.944619054555864,114.1,1
21.21367688031703,62.4830314512634,12.344948384027674,290.08253515251073,1
33.57536034252057,76.38669424792086,4.199019008439714,216.02708736404728,1
37.18755925272278,60.82757312312163,15.038885286542829,202.880407949704,1
19.287903473558078,39.308092606717764,9.72893914539327,188.74197807043214,1
22.922659749941975,67.23591505391563,15.152455251781511,290.013790096217,1
20.92545076995583,42.625735517029696,11.955632301450883,193.55244589737865,1
60.47995652771533,87.51525238960186,2.236957104206306,121.19758035003488,1
14.8341894868325,62.27172779881376,8.392410741603372,173.88308160524542,1
47.48182187381747,65.21774289482087,6.750611310160003,175.0613204776873,1
39.50931715973759,61.068489405599585,6.473533539126527,178.54132584479257,1
61.7410486991201,72.88572248816862,11.393204960116288,265.67826746830195,1
20.511898667683106,56.692954384098,14.410626527136609,249.30563513681892,1
39.78110227012295,53.735767238354086,15.604985142357833,217.62482460440796,1
30.643228643320555,51.97766334432316,8.204864901611973,114.1,1
61.44841954493683,55.43638590992093,12.182362773618108,300.74532015690147,1
65.74144318706188,79.35768518244384,7.693060326937927,234.7906408654868,1
63.84107899107373,36.67696368462264,14.327239832789317,161.46909950474154,1
36.57675723154645,53.47445620505003,9.417169195717937,165.1795521883684,1
69.0,68.07390100022029,4.076251320523533,114.1,1
61.35557960999097,85.19821529830509,8.476464808806956,271.4525244924219,1
22.84328040777344,63.7580104356336,7.036875489175488,161.3271351134616,1
9.073148558485634,47.71471428546152,18.354752228249538,347.7453375522367,1
4.2,56.580060748340664,13.336990843852076,184.80766573098077,1
53.958235069847525,75.93172660641878,11.45920955896314,273.11893949850935,1
34.19804152123885,60.81632282788126,6.7778507752562245,114.1,1
68.88269067458981,58.95395205266005,12.027795959090161,203.49040313747028,1
18.832915056159848,64.46524961837142,15.18849416077235,194.64574265025846,1
69.0,38.41271448204843,10.831213014295487,169.81965250068387,1
37.24556223893379,75.7888083359389,7.476330269950312,195.51876764020648,1
28.40345897919264,66.95656421589305,8.691739538795298,182.39758196729343,1
38.509653803439186,63.10617103324385,11.510227858146898,259.20423383383195,1
47.95258837220364,77.56620036422123,1.0,162.4719471485211,1
58.97574590887489,60.785395195044394,16.097010301230576,322.3123186595967,1
69.0,76.46203469370994,1.952609796407895,226.7376841573249,1
44.30394197588086,62.655392076088454,10.64876585400679,279.6636480451567,1
44.18934046963454,65.3785154647391,13.065743208428835,276.30599862721294,1
54.884295756450264,57.530151853195704,11.614192926236196,124.47311336245642,1
24.463739946885543,66.76445583264372,13.780253159715336,254.66124067804873,1
49.605872209638974,46.69495424484727,11.72308556566716,114.1,1
45.83346401388402,77.48451079571693,6.4088171307053265,128.03071629020133,1
36.345687094643985,56.6928804004149,15.435770785646639,138.8228922360335,1
13.256800607970312,19.613855465650488,19.7,255.91313430588917,1
56.25144291995156,65.8719280972921,3.4779174765127507,114.1,1
8.210540252611828,75.42840403933464,9.21442584111961,303.24815403809185,1
46.42235458913713,50.88354740824521,12.298632906690177,186.5751353531979,1
34.731240187050524,76.43037604379819,9.172170938459285,216.01510985385661,1
58.32694415344639,73.53345255980352,9.535723600794995,151.3344325768984,1
18.01479308680951,53.75099165668536,13.133367788856926,197.175231412142,1
62.26640260821005,60.28481886900352,10.320609556605612,212.75290872516885,1
21.955420089875958,54.95036571409482,9.797409600779783,229.57033961141846,1
10.01805658064935,72.1997246840702,15.86258911059204,317.77843939671857,1
46.33338195887945,40.767251383788334,12.97977117124015,136.4383771979161,1
12.709730675301369,49.803600792993294,17.504067016186827,262.3844052810034,1
57.11207392951299,68.53837340859525,9.182590833235357,236.0674050568858,1
43.378330434043605,52.161620219159886,14.233117462975418,211.51650250190394,1
69.0,75.33720046491976,2.7968977401081965,165.25486016207867,1
43.30261273269086,56.26848252527408,11.089464523526106,267.1813594280191,1
23.63521553528308,79.48353666287704,9.420993261595806,253.7792224451889,1
56.60422190392912,47.09716712481583,10.409709040194905,197.6746203397499,1
23.390219088965537,76.74754160477104,9.52402994345367,203.51738782047894,1
47.62898342506548,54.46136401340371,9.261418643261694,114.1,1
29.23726238183383,46.346347191722685,15.706434223684957,238.9691081398307,1
42.411896840041905,72.22288911496562,18.35172922610647,312.35763632545735,1
41.96523999481169,70.37026535047717,9.809075294264062,114.1,1
41.59887113789644,75.03793604577076,11.480808505967264,217.56705852329415,1
47.30934251143067,69.67799389046047,9.455823796651737,242.42443678776408,1
33.89703569516605,57.6075075269278,11.670413972327925,195.29659035795484,1
40.565231142536426,62.75577621350583,12.444388331159445,188.71325681314772,1
60.813989481164,68.5723858853552,9.288960639691078,191.15261319086162,1
28.418736515851393,48.1715428362981,15.306464135964786,264.0859181197619,1
42.75436152474775,56.99988263967745,15.570631392178074,256.31226699135715,1
20.29967072875134,53.73724244075881,12.766394146342149,268.7752868090496,1
39.20924015585045,42.674354259165455,8.412157981931523,114.1,1
24.249737481574293,37.95580791441667,11.471954070045879,190.32717121915488,1
29.03787263404009,54.59463762295056,16.829791908610733,238.57238425314586,1
21.991110220523833,75.46742368946785,11.257862114895646,273.40968236214206,1
10.379787501193807,69.79935190497156,9.836172088294347,181.19521152104886,1
33.13451447990282,50.41803862086417,10.182912347086456,161.63204120594034,1
19.327238870615613,41.078624330103445,13.8853774253019,193.7910889193862,1
50.448466580221215,57.71830131902597,8.060383007699922,181.07396670501026,1
25.242329946874698,57.90233839004127,13.516514056877647,273.4557619766366,1
32.11501336446669,27.99684487466868,19.7,273.60615772390105,1
30.927790498238316,54.61561410899168,10.169813109244078,196.99324883031952,1
39.12916171035438,67.09143830558183,11.628637201643304,139.61303370443918,1
4.2,58.23214464316932,19.7,378.85478392088953,1
37.78582332687086,64.21326280050859,6.019569106722204,200.80970826209366,1
40.7331329669607,42.51411005858151,14.519437611956642,181.26779279195148,1
30.02356178507506,49.136085578097415,15.47062839583731,237.57271723428673,1
10.103136444093547,58.941657957504596,19.7,308.307617007682,1
25.130379652921818,64.12632035908962,17.09603730541745,380.81835680498364,1
26.68721580260363,69.66336376827107,13.033541263542944,236.57765269376532,1
7.315757466710146,47.40031857159249,14.922791758758,188.71679455716517,1
33.08373138098112,65.74124137649812,6.1908759901303325,148.44796937642028,1
27.595928244453148,75.05006409699138,5.4580705800776865,193.75122241651994,1
69.0,81.97811763683282,1.0,164.2267384611047,1
49.3307184853097,56.12544455524553,8.978912498973845,140.38941187527638,1
21.827079530839928,52.12818285045926,14.747381107319946,174.35541561228982,1
48.7889181685316,86.2232105794404,4.704037825232526,275.0948799125224,1
35.98983377941027,60.43775126699009,13.534873433087398,306.3447247755741,1
54.770362377212095,60.54289347504983,11.009629108950328,208.6743752329704,1
37.340428673649846,53.063775816352106,11.10381071051379,133.74202921169487,1
57.924421793879276,88.48682704644472,4.318893005831861,138.87568043355068,1
47.11872311343059,31.37722817479368,12.482783449665963,255.81767748533517,1
48.90381210999951,69.07460765358212,13.210236204365495,259.68032463470996,1
45.83446902770048,67.3217871312611,14.723646766907205,336.59850581641206,1
7.9168217037695285,69.97199051258316,11.951300331177872,214.6560153286639,1
41.01077851345235,50.055644496433445,7.130101336328784,238.99927433211002,1
19.787159734851073,79.02588678851818,7.7621657538148146,302.37916967416686,1
26.92113710851355,75.38854237738428,11.43614082380457,216.54075268587715,1
25.065558829425548,82.91467699773712,10.585644981546281,323.7353932920151,1
41.35655705146715,56.90091955332367,12.905025110360015,235.90013441369146,1
69.0,69.63822534846393,11.924589738146882,309.4823203974678,1
16.050603104271275,60.19993681925566,8.586031005387744,137.57629861067306,1
29.996096092144867,31.832173314196513,9.974768147645412,169.714682262915,1
51.79754791066725,57.82094892167857,12.428144826572666,167.84612709700343,1
8.00798184373982,72.98365507302756,17.034875763410454,339.1419651719309,1
29.20252600893196,61.138992981872775,14.782104802309117,223.86528853104198,1
36.00247993715252,53.67502595428313,19.38894984149811,285.170671305483,1
4.2,33.011054347058774,18.825117255645416,250.49779489958024,1
56.63418783857601,69.02004602401925,12.866950289482553,289.3141576374363,1
10.678905193593387,55.40794425805212,17.45343568174615,276.42037484650285,1
58.940740139789185,54.97386344728563,10.481812236324386,185.07868211641198,1
28.247082318520484,58.73876903308226,12.784249004523764,250.53097029083153,1
62.04083690299112,73.14798050763088,8.839758416834968,209.24913265035673,1
46.44893188069583,48.88726774481208,9.682279708292226,122.86857732565353,1
50.33606365495183,72.44281124548078,14.567113428604648,270.7345149095279,1
55.117118920484046,69.23160950708309,7.8429338635425285,317.817936944398,1
58.47454319636461,77.23645892293385,4.562969710768676,198.51725075122152,1
55.776351340180696,59.484577073032774,9.705598023558204,171.74988476700463,1
47.63996503183701,77.68812672439421,6.125431092412801,114.1,1
61.07429296614393,75.03168023239336,2.8317716216778734,175.31304388740423,1
50.57896460153655,78.21520345230876,5.449388873047811,293.30015601695453,1
31.19023054761407,53.725131852876586,13.032392338822017,246.59092391553472,1
32.7034935401625,48.67587311135206,17.079334768964053,295.9346971659727,1
26.119081132261705,63.0854073784364,14.883664945629867,293.00168058144436,1
4.2,63.78502204785523,10.809202128355315,288.77609251746645,1
52.046409897343565,62.73209290337277,9.13705691177784,189.82836652448464,1
8.47898892419527,61.92885402846937,18.733137554909394,306.11486550994397,1
43.55310340207482,64.98209334741742,6.951354344714572,114.1,1
51.583323287157185,61.6254717941699,15.510709871918872,343.35650573844924,1
38.69480128164409,52.00174733439527,15.415342616200249,165.42116383712454,1
69.0,66.4573858352095,14.333804926825275,275.87770425006664,1
26.13852203080861,80.10847619179776,5.864061373573693,224.918583579444,1
30.52287556360605,52.01922539063453,15.384409571741884,309.5243618658325,1
26.801185226479852,52.03257566489175,13.01240745809606,251.79235453895734,1
69.0,55.536285502465404,8.570331929502462,153.09685073235391,1
51.24629224773289,71.97042177043889,8.727954139240138,134.0668551148973,1
41.49035191946326,62.4924447770505,10.866635506122762,178.86100356707482,1
19.381616892357062,70.5984262607031,11.743224960691407,263.58132284072957,1
53.90888618242571,68.87378403019582,8.696263332949817,179.4051779359491,1
55.23615356552676,56.22633101621112,9.390064662832165,176.14083453150533,1
41.69782669740499,63.21843162688256,9.23002508984737,117.4972747631361,1
34.75911433784806,49.24186143993824,17.692041348299288,342.46905597870256,1
33.84843359643024,55.79548371052298,14.946184344852298,216.5225972675864,1
61.846970711013455,58.59725886443003,11.174270201702228,141.1445848307332,1
25.996792919054997,71.58464934941168,6.144571579139518,161.63952440554863,1
10.93935018344136,65.70069217908721,14.74958102763502,297.8857584584773,1
47.58946309837654,62.57007687606454,10.249328597215106,223.12282208413774,1
29.188372451180484,57.9524972892709,13.151106211335604,260.024086294305,1
33.95269668470379,41.69427044480892,18.48776070796751,241.98365019118603,1
35.97879855467191,59.974772187651595,14.017819870602025,287.2500113011194,1
38.37329433710962,44.75969768422247,13.44298128962103,195.33718632478812,1
30.865165267606315,60.93389365596201,10.398700238394296,228.56731690021275,1
47.90830799501505,93.34048395829072,4.039055498893845,174.03822286116235,1
22.360751495156002,72.75887687230306,10.593040823908925,198.17890598531042,1
60.30401347184076,85.9599045558508,5.982800497333161,146.7017631217036,1
64.30166795549543,53.72207207656064,11.738663648651668,213.71072650595013,1
48.3677724175818,85.48492606989859,2.887965264772367,149.6996067977547,1
20.70870100542252,56.22582529394918,15.628606576552329,273.8757274479262,1
38.68825640588148,54.551727080495716,12.252653135378884,229.72799809742028,1
49.97992517285485,58.15742169827747,12.935193751996165,166.16724144905783,1
63.33952131585214,82.43525045675511,2.0216733331612584,114.1,1
69.0,69.54478472909452,12.489781315329504,268.6822399479427,1
4.2,46.20197026678119,10.821247450680035,195.41587815496948,1
8.847372369108811,72.10707870825402,10.100182362620519,192.09366421184106,1
67.78703338587583,67.01175723423947,7.086572355700145,179.15019741946094,1
48.169686804339854,77.4366241325875,15.960223838892729,350.30468703476055,1
35.45158040361666,63.085816749784186,8.303685373238093,183.53166374187924,1
27.828873426091498,58.745122747027494,15.411739316294934,238.4224618054961,1
62.80460190787217,59.36217315621955,3.201676143754576,114.1,1
42.502044877797665,66.82406344266796,10.142333748948017,206.13122306456594,1
4.2,70.90161649283544,12.688893341571337,262.18696774189254,1
12.208598313440067,47.999144327480685,13.517886151289186,233.13964943310077,1
47.72991466404424,73.70215011713312,7.827105236726579,136.55614609180782,1
57.53160544710007,93.7207734022119,1.0,205.1794441755645,1
28.41055941392804,61.34493844899767,8.02253902340252,224.44246324102014,1
26.098674611627466,65.2706856225972,6.515200986849842,176.32199788778755,1
69.0,50.06968837032822,6.727043688579372,114.1,1
69.0,95.14384994813857,1.0,114.1,1
32.58974012012706,59.8644961086915,8.999214043441945,220.36025035103097,1
40.6087448126996,61.375237649269984,12.33938160918467,170.10612668450685,1
34.0180445557318,78.32418176779885,9.94574005483499,298.0083547352018,1
52.23866131281503,62.09153154932485,15.503924361344696,324.38945594613995,1
5.917147354668423,67.6280749710107,17.681563884330497,217.9533343290327,1
69.0,94.55480681172324,1.0,233.89619942111187,1
39.00228140139313,61.75842107533655,12.760362134104648,209.95289595260147,1
36.68639144344756,73.9545485790871,9.66270062547425,241.29228540822197,1
69.0,51.00181310369154,5.572059502451696,159.36590887302538,1
29.005659707186624,76.74191035765799,9.041694731790853,180.29002673612325,1
46.52676487009698,60.343411786516135,4.438877767120089,171.29719750696233,1
11.98680418588668,75.4275385455696,12.915512750905734,315.28868115007674,1
49.70777199013484,50.178209158793834,9.768907599521425,234.47120261671802,1
36.66193683088586,63.10659323470823,15.616485737466846,248.25677218610343,1
44.1373149442363,51.07452016195272,11.262826847911173,147.51981553887947,1
57.65019983570694,56.96826728441911,14.822889320995749,207.62200265795238,1
39.23562967567631,38.9397778287899,14.854183298438137,203.50721097334207,1
48.03904543253607,84.78172445832946,7.484546968880627,231.97302223129017,1
52.52961265332283,43.2275271162876,10.71436044690911,207.89985005921702,1
47.74734066539199,66.5985043229727,3.7109775830015916,149.0532899190388,1
48.33864996585804,76.68499728108883,4.188620163622959,140.34926864072284,1
55.37970442654185,67.06599156013064,10.632299365908509,259.6101955608167,1
69.0,66.31146025147466,2.7848716500827093,158.67534897849777,1
16.10248021163757,53.11550749130666,15.675048673747852,214.53373983535874,1
23.39204085022363,73.23046864446653,14.592182828261993,297.00639216208765,1
13.962279655697358,58.87199669633955,16.641581491055163,280.3187319501367,1
29.18648136180061,58.69558396371867,10.131639860940036,208.72809127152163,1
50.13439168563012,56.49316219051309,13.193140761960219,282.4182040874272,1
34.693765596174536,42.72092455060485,11.238973761098437,190.62240503539297,1
30.90202609320138,65.40665574160812,15.044439975520516,303.1683616211234,1
43.77860632331355,78.4994869145597,6.506152203308548,176.07962786946217,1
41.05395927726041,65.09827586993703,7.596721525517734,123.52362887564213,1
22.56933242527852,47.873744260545095,18.427657422481637,310.62883316581775,1
65.40706895425599,79.11866893182899,11.25279665039573,230.13618374152546,1
15.690346913835995,62.28622480255408,15.530177709277787,279.37490275987545,1
53.063829296041746,55.00348489558112,12.55021553448352,225.85994385490906,1
27.507784322286177,77.48366895006413,7.610237425693487,258.30543771753173,1
64.49126863870379,72.77100133256506,11.45900367516457,259.4881741784718,1
55.05482166234641,61.795592124511344,6.7729081693575015,202.11132075856884,1
28.211189446889943,37.75449095192774,16.57760762985022,244.40278759903,1
16.239294531863337,35.759678237017695,19.56530084866986,276.38446424251254,1
41.29647625835207,56.32731667071113,17.73201175207713,282.87943424001276,1
69.0,72.42941617641847,2.76839309394851,152.13248238712671,1
40.49586325637853,65.40690059252907,7.620472578352372,127.59253912268068,1
45.26077131298797,54.22457078663477,9.257151793292195,114.1,1
39.82149334927069,63.648334238205145,2.958235583598947,175.9876178050121,1
12.453203269489435,53.738103103214364,14.068000831038002,217.7744750279671,1
58.65377072845868,75.30059222163302,12.78119318468808,224.2783872573646,1
38.308643201618274,70.42568558619269,3.7100938266296906,154.23094690828967,1
34.660994190046345,70.61394428409292,12.378771448095483,195.94632227322933,1
52.45824889215474,67.06472421601241,11.052820947321388,241.2867953634621,1
23.656221798529263,67.28779299187312,10.354198319942414,240.4063715249285,1
15.457514089292989,30.537752316144726,13.652915228055605,222.8891287198783,1
34.51858013252274,53.19011514709716,13.922561668121066,192.87744446855635,1
17.26393508153883,59.629023855592926,14.587886321395423,243.22194485205847,1
4.2,70.23270126728988,19.261140198414175,451.4096631784281,1
44.11832091304811,73.95904881673084,9.641142219254677,170.60608221137574,1
37.171666884402974,58.49780277143287,11.502052521613855,140.4125920994628,1
22.12120853512636,52.191718918589245,14.984028848084264,137.43007092710957,1
51.609926618494256,68.64350841965862,4.800449431519322,126.49404920638825,1
56.36784285017816,77.07586936536723,5.306670632460439,290.64933792600766,1
13.386973088499257,86.0050851466894,8.305274275527276,299.44538804712903,1
36.520281073655944,55.55401552885595,16.336515040898973,283.02798336201397,1
51.6958938932181,45.26222792402393,16.316633771045225,226.71903485415098,1
30.452041134551465,54.87181124680253,12.074236691231324,190.51983940079737,1
40.164700878982934,72.74958070724324,6.337323749965613,145.87294842635407,1
68.86756963682117,73.91635079527954,4.719933511814361,114.1,1
48.732584058429765,71.35370099705963,9.103734139940345,208.40574665562744,1
51.406539045073046,77.30843071548826,7.418057820277772,200.95053343969462,1
47.440439439129605,89.57201995774473,2.7924025414999045,253.96481331884846,1
64.7782649341206,68.89514832826579,8.036144797130182,114.1,1
34.98413460550626,55.54434175371877,10.445601606179057,203.63615989073145,1
69.0,86.98159623374269,1.0,169.27911543445066,1
56.819575146652184,92.90195256673879,13.89390380697088,382.6828315740785,1
24.79912029597712,51.138095957803344,14.692207494019755,330.26977128824797,1
37.881178811398435,59.09790910845169,5.627311568150505,175.45063735806457,1
32.636915072873975,81.02145233246756,9.874444819985548,334.145190480932,1
50.062975254401636,87.95601883170806,1.6213175182292474,117.71865105213992,1
39.79838325558148,59.53914822850145,12.934288431299397,280.4167738742399,1
69.0,61.37064713464197,6.781195544711398,198.27511931941336,1
41.36370732154779,62.6068999369793,8.921115130954316,187.25384470198367,1
48.04007295142945,78.0561636692906,7.349293912853872,290.71259323824273,1
55.873310078957246,76.33419652902573,4.425795950196656,280.7884596155344,1
29.187793043371556,66.09738811934787,12.957130649272198,204.81157329226428,1
17.040306356806404,67.89770287861398,18.545158824023854,334.03030971957753,1
18.34906907550335,76.47561955657797,11.30542045662158,263.80780408743084,1
61.325213679788426,59.60879374009105,11.166980977483458,148.3125641562479,1
10.259903978216215,52.12730571318871,17.475314637319048,297.14005195931264,1
32.97889585825914,69.58642564588993,7.84954753040817,114.1,1
25.247057246647095,75.78368257855605,8.021307361222366,203.01729760907318,1
43.37009886816951,46.095471216098076,17.719876451212,226.73121205800496,1
30.671986563692762,48.4204533619318,13.585624706294846,157.62069464641232,1
37.97400655702957,79.165499032405,6.871647214940449,175.1453958919616,1
36.66000854749503,78.09546571802048,7.626996639637337,158.86010529534525,1
56.191055727196016,63.569795820018925,5.498119466087908,134.73159983898242,1
55.86520479233802,61.8385096298791,12.644015726617152,282.47892065735834,1
59.997816448294,66.51353035819879,11.663075405107369,260.976611977594,1
20.353224998528514,68.25443735189086,8.649912095785988,274.31482771775484,1
68.61344255700041,58.28134547310313,14.251046474273647,195.13170751845638,1
46.064616248944944,71.55916452984523,7.630173352054144,182.1907943648693,1
50.77585716802282,49.69659178898128,8.799458911831508,181.24896181208373,1
60.78532705557753,76.70792575671672,3.8223641052161623,161.51519135226505,1
41.6236677186793,43.22096960757004,11.892897763080525,114.1,1
27.03395613633614,61.94785686940129,11.792051512911202,224.1064330100471,1
36.7351165011206,55.07943523901539,6.525040496674738,184.12524872638213,1
54.27808344632997,64.74757953344897,10.392816094969321,253.8512963557439,1
9.869864272078452,49.65647868243774,19.42059855276787,297.75805317468075,1
31.844599243606332,80.99202696270692,4.027188912326622,139.75859019147327,1
66.77779739015406,57.182584320931056,9.426963936869427,114.1,1
33.294376749334056,64.26562084422267,6.922136471195266,185.934851998073,1
69.0,66.56564507633604,9.44993498132379,251.73569893459577,1
24.687402553032268,55.45112067792125,12.799269408396434,221.37107235693938,1
42.46703730965954,64.2191158068693,7.5583473771309535,229.16275808567582,1
41.47658401082716,60.40478067652505,7.269492026504215,207.44824552575946,1
24.133188415866858,33.05501013628378,16.59462207883069,137.10136626338186,1
25.139999724744584,40.81677811158897,19.7,262.1182446143366,1
4.2,57.10162847371745,15.110987751816424,226.81059754305798,1
53.8742709973954,59.25209388219618,6.958094954517511,114.1,1
48.02673830967514,47.36572341595043,6.447156905480368,156.74338623614238,1
18.569643018681877,60.94807129210552,16.52520499339898,313.040176182278,1
8.61577971555407,57.67998729888594,12.454238019560387,208.2903865733417,1
22.771020097862305,62.91098978393647,10.463035760511906,273.49368809850233,1
21.646989488224957,57.699912242977966,14.029886495381252,245.94657479363437,1
63.53400300926208,48.8015569954691,13.38185766965444,178.55795042584515,1
47.59099312936006,79.66321021258109,5.5757447202011345,149.53705730533483,1
26.28059294298099,76.77110861259702,10.519686084373921,227.26331059918294,1
37.84433364715009,72.97638321632172,4.68179232156524,197.34842013199608,1
15.553772762612734,54.84417591424835,14.5785094778363,242.53249132262252,1
27.657645485434827,52.009243407618925,12.721357886324475,291.5265180555089,1
42.93559532919731,72.87300400233103,8.288284215927327,198.72703722491966,1
30.469479358154167,48.6776111233272,13.360702432817918,238.51828307370096,1
45.072858389853266,76.9155993186821,12.312109988276642,304.02974373524825,1
17.854371601086605,51.030846122428166,9.873264759358543,279.99196859913326,1
17.53266657277516,64.75327108301735,10.708554098868701,285.2345592759159,1
42.101015949352195,61.820662386580956,9.777023944500574,145.75892431812804,1
18.624699011864983,48.462994936986014,15.303175960609215,242.38267868782668,1
69.0,81.50841364386254,3.8759224540198156,160.1785712064834,1
57.43894305635796,66.58862627551142,6.083546441721632,217.80163571320884,1
39.03253874221056,63.9029327289921,13.63209652398199,212.63640767489275,1
62.0502403524693,63.064374944947595,13.318333486782826,257.232327912683,1
47.65537154040566,64.09538584065476,11.954016017994402,201.6596712398238,1
20.413293733862307,55.57114891425299,16.009417368119514,278.86184296673156,1
56.72607324406449,48.15284249009474,13.912383260728122,175.7567908785266,1
21.285656316503044,78.30440144861338,10.903200559891445,268.49198436321154,1
51.42386924643261,60.63695916684078,11.419604381559038,189.5841613265488,1
40.43281019193745,55.75499783826456,8.994221383812748,231.44506967394798,1
4.876607247317793,62.11932783905778,13.91361036277539,337.34218496102454,1
17.751205784075175,53.30819877069224,15.851910861230465,336.19604782244784,1
54.09684474563652,66.90733193412649,7.266191567328242,256.53665898823704,1
69.0,64.85785455645534,4.012121467358777,114.1,1
46.069148172062036,71.3725883109798,5.83957885619707,121.477046200475,1
47.843010103978436,59.0977601973842,10.316337537659141,277.22595328607633,1
61.587949262903976,62.14516298348951,6.078280346423124,240.1263760491377,1
33.436164600439106,47.00552074580347,12.096217370277852,150.11252383882868,1
69.0,62.79480385773577,8.782619066630662,236.97901172414188,1
36.58197294056306,34.82560282495227,13.113229537755949,164.35823269846304,1
60.834650184489334,48.82886187622528,4.464836385574434,122.53720177553252,1
60.07148914248448,40.306517161275316,6.994792253133591,125.16200319109088,1
27.946250009825256,76.6416980966521,8.836334551561716,238.26827928551393,1
33.92498825477389,66.99365350369966,11.730789367216051,226.846642743748,1
26.878718331164592,57.57527221841702,12.047167989549905,197.100691582889,1
28.01193878303247,39.167523772077715,10.323303111612493,117.68919775898354,1
54.633387163817034,84.79266576108994,5.251812245053707,225.58556411296513,1
31.014038274319685,74.03194180584222,16.016634299494722,301.6273231019218,1
67.04183895767497,65.87289050489355,6.3752199815484545,181.7710961862292,1
34.19766693821896,43.85763736835174,10.891626409989579,171.96172016533296,1
16.38254487920307,53.875005959227536,19.7,298.9276584615904,1
43.47890126020018,53.5922579577704,14.64814233908601,252.71712308046125,1
47.29615439059849,78.19106645791513,9.33089350934013,310.0384686660908,1
23.893289477148013,72.88618187726797,9.506172429838312,186.6700306128995,1
27.03668898045216,65.71846902265834,10.475989361873612,194.93047936021952,1
69.0,70.14452210025019,9.383490076391858,196.44309560539992,1
41.21682169135069,61.7965910333563,11.940178688508272,259.2066852011228,1
13.552907533660981,60.265273849309935,6.3578133616601304,151.4504915633617,1
28.216404268953823,80.44379449374159,10.83639840209178,257.18783933820333,1
53.97783599803528,69.89724412147082,8.85026509287941,155.14427251455638,1
66.18821900074232,79.16600753326628,9.837514556556116,204.4545287120361,1
20.385072951759867,62.08269927911562,8.86695871052543,147.8336187877756,1
51.348053852379664,58.104189044299034,12.308044758024035,232.71500810024241,1
46.43006701984629,56.942568780757185,10.9334783391284,114.1,1
16.034134553773473,67.71524658466092,15.00520345745435,316.10281896670756,1
28.88346498009387,57.326450990020476,7.826425853386317,211.8256151948304,1
47.2769839301408,72.07072669789915,11.362808755428789,199.43607465958442,1
52.80922115145063,80.51396582300075,9.963264997050189,276.02211751926126,1
21.272164406731267,57.605697054142276,16.507183917632084,243.11053346428884,1
68.13306926656654,44.44949947509792,7.895216357766187,155.75686013940947,1
51.540980820260145,86.02892005607774,7.592367096077527,220.72499241645332,1
62.833643527168135,47.69427604217168,16.331282907112346,232.44340819491168,1
26.62766269513163,56.97215862752175,11.05697774435997,181.2883361492591,1
31.74856252169227,49.40807599279904,9.995405452194039,114.1,1
5.914421458936253,66.53812404038831,14.273877285478514,285.62819360670954,1
37.23430303483283,36.1236102987147,8.631618938893006,145.6282266247715,1
64.37531678203655,57.24965844361741,13.79255861055654,217.2998311102369,1
45.7760006856446,48.8688755814689,14.06821469783393,223.25995403344697,1
40.21040848413737,53.31166816674869,10.728482141097997,120.65744025955883,1
56.32017173363525,56.233788553426635,7.668520986801919,127.69361396836564,1
28.61655194713868,51.400199755054814,18.49609625871955,223.0934877771763,1
54.87310268035693,59.17669175922641,12.423084474064582,281.40527627648896,1
49.99532875348597,60.64317502973907,12.02033777444666,234.2966250867345,1
35.69299529246502,54.83293052574999,17.436300749656375,308.20843225346573,1
35.686089211213236,63.974771977010896,9.691019551792568,195.37892490710146,1
49.78782063979278,70.99966194687092,9.927039638083283,156.6306098393007,1
29.20194732131101,64.98542030981339,10.262773860202248,180.13638586581894,1
62.636720622724155,75.52346520027382,2.6765318647937217,187.1088112343997,1
16.67351423145764,64.05678789353303,18.68991165567003,383.5606720062507,1
38.392525548303844,79.86610065030447,1.0,114.1,1
27.135232807816763,66.92462202184144,18.907389164555745,286.60032353194157,1
48.457581787370174,60.30723572919408,12.844612243868267,265.24268623277595,1
54.918827858968456,66.49698872646397,9.871585921866807,190.09176293375538,1
65.92673924886482,71.33436874607662,10.696410438685641,221.95584264367142,1
50.53018329856488,42.29750929657192,14.850089035422577,171.0947758555211,1
51.18815974548147,91.67885972058932,2.3271366506935696,251.6604396116295,1
56.21146158789076,69.13473281029425,11.41532237412564,180.7967483444224,1
62.523318608799954,58.915187732534385,6.104228607312035,114.1,1
30.84273544546756,34.92370557108515,18.12069244346558,171.03787520950348,1
62.57320582099398,58.71693043507737,10.73623340697353,248.1534786631126,1
53.487597223224704,53.04171356086574,11.9950501941319,143.25372370349783,1
58.74988168235562,42.470008254625604,9.923170267102117,114.1,1
48.109369821265425,60.112569940978965,9.129351977206731,179.14170516842847,1
33.78323873004823,30.759707299654192,16.12525686357303,163.89374371634324,1
31.632518265614678,49.67479685937647,17.1293124140863,268.74125548078825,1
40.90777632829067,46.5276375961086,10.972682087352625,145.3672429971542,1
4.2,47.33507179847771,18.2162091994512,226.5977968146077,1
55.955128523988584,59.99484450580042,13.380213474258419,115.74482310630516,1
42.83562217903983,51.36062576547562,8.610700809042216,165.26981722759763,1
35.019412232104756,61.75587406679188,5.474280218355184,114.1,1
49.398937486934756,49.01864200209813,13.449106122194957,114.1,1
53.77567023074207,76.84533992208978,5.00683756617588,185.91072042195174,1
62.39888678814256,60.36298361810473,7.875547363787662,137.34526955455095,1
21.65863719740086,58.945378307702235,14.729376694467456,278.96986875305566,1
32.8855308347638,41.89982179258095,7.351147293269648,114.1,1
4.2,53.217897140590985,18.382977752743535,222.28318638504595,1
51.88378786950638,52.24535893260395,11.760755862393944,172.8082501714018,1
48.635791551789104,61.199348728065445,10.479704407848251,121.3310683869288,1
30.319232612123336,57.421087116581916,19.7,342.90623085590573,1
40.46815449618432,71.80416694874569,9.263266457976849,216.63113742178086,1
18.368477880022066,50.452424657700284,12.355376694149788,130.24295426420395,1
38.43016010338784,42.932119210926494,14.237493132211238,224.3420302024829,1
38.748763074228826,48.907769754599805,13.962774480566024,182.6186809185001,1
24.628424173700715,20.329127355626795,19.36753623989884,324.83868090578665,1
57.976347825668626,56.50238986914801,13.187849312543388,209.8112072017325,1
69.0,54.756545652501295,11.978023514144189,170.24617814973462,1
34.5656977610864,67.57037899898937,10.650323987078949,233.9410200324444,1
45.99963685936446,43.6830301412101,9.653433390219123,125.74817576692256,1
61.676296549463046,59.89036653226346,5.988055268148385,136.42657794713128,1
29.668784664112103,82.32877934762854,12.53057399707916,222.92342949247575,1
69.0,49.05676542973387,11.34648088422518,146.60617545570756,1
47.52167774109644,64.79339982085064,15.624410018328941,259.86729126876804,1
50.64043776932078,70.68628858181032,11.436793330445077,159.75412080489448,1
27.76944267061817,48.25874852998384,18.64527663538041,181.05593254616127,1
15.151854988469402,68.55104758635991,17.69128646406875,296.33948092178775,1
45.65793392390859,65.70626566564374,14.378392554508064,315.4318936095538,1
34.50056395611162,69.90428602536738,11.003100347468804,276.0011455890202,1
48.09651317352916,88.23013871038314,8.989546237231899,206.38967134420355,1
25.275646697172284,70.84546231830288,6.787226436761078,238.98635293824884,1
23.60660181028386,75.54905407234392,8.81409729099208,201.4423465717047,1
60.660880794802175,47.98948076285013,9.28867050285515,143.36172998259423,1
43.099370374092985,47.11887080794823,12.600769228312377,285.55740589185257,1
69.0,67.27623296868609,3.680688217128565,114.1,1
29.79766006250554,81.3062223007947,8.117487028470585,239.73761336739543,1
26.56177663672475,44.06886192548304,17.11852746456088,281.82521593325157,1
37.652721707379804,62.845536830593936,14.142435317844765,356.0099421302451,1
59.18157059022546,60.63473519491586,5.264243956788368,183.31268235421686,1
69.0,54.308080117952755,4.440389398107427,207.1945057402001,1
38.44514067365793,49.204686689316915,11.883496555424239,197.9654926860815,1
39.24010790725442,75.18406852899395,14.671419430725727,310.8522495464008,1
24.10501131262644,59.63202301710216,16.485266065796388,347.8715696155658,1
63.874065794287006,38.01496184416837,13.31626630686001,181.5367030690351,1
35.86869056145887,52.11764314200719,14.522673793279681,203.17343115644977,1
67.08778565898385,76.19197131983537,11.551663012045042,214.58002581423844,1
25.749254880635256,48.51494534405562,14.265716366801959,287.4922382056443,1
66.67254978908977,47.93723558922633,11.358667437523252,223.56214779384635,1
27.4730469504575,51.57832308457929,13.624095062793263,158.11115195974818,1
36.72293662010299,22.699619176897194,19.7,335.03064990776625,1
64.02114997304368,62.701893750989896,5.780853247675207,121.82868238739499,1
17.22607541157497,60.03071065433284,11.121534193741033,228.20709093204906,1
19.010143612009884,48.66798544869122,15.37846502304361,224.6125391909158,1
35.71863277796718,46.65295481189037,2.3899897565661696,114.1,1
39.10965219092574,66.03088059633198,12.103465044551584,185.14152404337574,1
38.71704960347476,58.119026428266935,9.00471098660811,237.10802518919246,1
34.800827081652045,72.83749971085895,9.039022627067595,150.8683970108637,1
4.2,47.795782815592155,16.094162514899267,189.0484694335653,1
52.08305183743919,50.40152825101242,10.105215498455692,268.7356795955618,1
8.924740573041746,33.7293991452959,9.81403546730161,136.03459047014098,1
29.946130665630566,55.18794523248519,7.645365966641551,119.57176405629401,1
48.67621111926479,53.616716010829585,13.764049864888591,279.3604465718255,1
45.366303195707054,68.25373357835441,8.74008231423087,228.29440737096462,1
41.44039622257237,53.763410438088066,12.29742006895984,151.68384487938022,1
50.32939117769395,64.27890400410146,10.99235055103153,267.03157595399324,1
25.121853767630697,68.66172532328108,13.502953566491684,303.9048640195301,1
40.33279810134165,64.77468926904787,10.749811720260775,207.45607699873918,1
45.64457482330164,47.94649787232191,8.253108902642703,304.53612512905033,1
13.419222992715444,64.79307003142611,8.315959736519103,187.92814579583245,1
43.0490999121475,44.298625245867306,8.1894684860364,200.41467280824367,1
50.034512678925886,62.475856957660504,8.748520729624067,156.30418828610763,1
16.675386351556355,58.93869607046054,10.304336745489765,166.13098953731574,1
27.36659217884062,46.569095689139914,9.27883624438527,185.07208542211905,1
19.52631808882621,50.861088187712866,13.804028704643683,218.5308536078824,1
4.2,63.165060719762074,13.02900960313923,290.1374057698035,1
43.52142549991367,70.13936598972938,12.469804498893291,252.70177995432763,1
40.22985792761503,38.12766444301228,15.772468498780835,238.92279382346248,1
37.34861916042753,67.34531151838105,14.12089329116994,240.32626114452594,1
28.28252078344227,51.438541280721246,10.878054116887713,159.5179156165999,1
55.22818413835874,35.311773070688695,11.67864392448507,178.31667998310954,1
50.53447265299538,63.536211347211584,12.057877705404024,336.044834582156,1
36.49607472562191,51.84334568794408,16.077024935575267,312.3049622065217,1
60.35932056494301,61.433773232156454,10.285019143478808,145.3172927477471,1
43.60411649133289,61.96493904150153,12.808927023191163,160.54749540278954,1
40.38899796143926,72.39327826588091,7.328137087262373,239.40024460577382,1
37.82471943483883,45.9165760540448,9.265815483235844,176.36762735536232,1
41.033303384215245,55.33141401340174,13.07203222695652,159.06503825455593,1
53.43316341890744,51.616064287048886,19.7,275.17764704652774,1
17.085154862946272,62.329732721408014,12.000844427383617,151.26331776362002,1
57.58496008681281,50.50908161942062,13.77870325963332,189.6216511308144,1
24.009041305528232,63.18663879248917,16.62035536855878,277.31180618675256,1
69.0,88.11510601090362,3.4960686992682835,222.4560301038115,1
31.38203895862378,26.652071314910607,13.849860233466552,122.1019787148718,1
57.8354636675832,72.5660028065892,13.158819191711217,251.76672717598052,1
69.0,56.36342986038618,2.6244857201742615,114.1,1
43.51226532651561,50.34839165617796,14.225263056398033,218.04083042501568,1
69.0,62.41958812883636,7.116900454030363,153.15539461494063,1
46.35924879183397,70.10841648217296,9.054796053184274,174.53350042573445,1
38.7127817828304,56.61948898800059,8.357296295613011,122.75178286774052,1
27.96154525139238,58.372347118623686,6.750127221764391,254.12463529308593,1
54.218509820809295,73.08836664225585,5.0477479754501555,127.19061420465403,1
25.60454440106109,76.6970589007269,12.686436245892711,262.0333403743191,1
17.472473682816947,42.27885889039221,16.358475383097247,301.7801787488574,1
60.47719106630397,46.536015554695034,15.175739531923615,212.42138532495852,1
22.803741764798993,54.04017359235131,12.174353677205952,259.15741314015685,1
34.866182064201034,54.46284020057389,12.93924636086626,276.3953080295697,1
21.583225855862835,67.00709873751467,15.160291884891027,243.56403317503646,1
69.0,82.82598130569761,4.7095516031671245,181.1064952261994,1
55.39695007959613,89.04326122960782,8.74297432930054,242.67029343363743,1
34.084463222459625,60.31606586893765,13.440280031942923,264.56356274975076,1
23.119284354387723,50.64508383173671,15.827670660737867,168.19726900120355,1
36.46832515802359,69.23038298770365,10.344919160926327,186.26744677754908,1
39.512783288380135,69.8069212166063,11.828969208759519,176.12224972045698,1
46.08347894559896,61.68304467077758,6.0307413969614645,247.74970074081205,1
25.62633409375176,63.210251489972315,13.910857969627653,197.9360758807682,1
44.91629209035065,40.23341736888417,15.50098935041349,114.1,1
54.08825504487622,62.443922938400426,6.538083094204349,283.7429631819437,1
69.0,62.57759700788282,6.309670835851776,114.1,1
58.41932913319179,84.04695274782063,3.173699062103764,153.75138039617596,1
37.114893121937584,66.31940484727188,8.59242073051113,251.9981126195452,1
39.09698060983891,63.62883326433465,4.405419662445718,145.48871666034012,1
20.516918601472966,78.48090328876926,19.26183806189485,341.72234457409263,1
43.09074011179258,67.7014614235839,11.157797697072809,317.8794979118,1
30.259282856115732,76.38142030950907,9.14383694919772,201.0039875861934,1
14.485999212690043,49.49652159073261,7.137737397144923,137.23608169680475,1
53.62164356736861,80.78794269972103,10.650375401283418,271.97649856195744,1
49.82546014979119,45.30606630269577,15.507470655369659,214.7711530604509,1
21.888238236856452,61.75178541893546,10.917551203575252,360.0473974478439,1
39.75341565160222,71.7806804820654,9.131686609249638,185.72166916437234,1
69.0,67.66551823268416,8.291532454675057,167.18466670269908,1
38.91710764927338,89.64968617188165,8.573751913108406,222.5545596366755,1
22.953344830103582,70.93957099296185,10.450298835461691,305.4672507509066,1
57.28774106626595,54.21325445922139,10.118348395054266,114.1,1
21.839962302018563,21.235794769881714,19.7,243.11568995422527,1
49.456983215794494,54.84159579196154,10.81197355462329,129.81346741570715,1
4.2,78.6384650399483,13.003759595990868,254.18230012373647,1
35.333542277807545,69.47589682801117,3.8811438979418034,114.1,1
36.196673027050025,60.23615073003163,13.885915462601552,321.00489924931463,1
26.530223506916446,65.17747638838001,7.31007171545852,189.0747734777758,1
29.053285003143827,69.91114810281965,15.880814621439804,245.810564954223,1
37.01806845650997,63.69858359555081,11.107381126954653,226.68424250873457,1
41.37752330686416,78.41925668596586,7.019055479625914,241.70472765271822,1
46.981913794300276,75.55522222982792,7.465843572529327,223.35700868039504,1
43.31667782022986,66.431770504902,6.759437218088163,162.04517666035886,1
30.201428671845303,71.92841521627729,6.876818751818645,244.50763156169643,1
50.57957330998282,56.6681459005861,13.969394533459228,263.8508078631913,1
11.629778265205957,86.02310263771332,11.497075770118997,341.15190538378613,1
43.987257369094436,60.73488924150754,12.2670071234055,195.7366574971278,1
34.25198698634156,64.80006862969077,1.7420088178795439,134.709271228217,1
53.0116567911499,54.422912128634216,7.630714224797192,185.1779769213436,1
53.929930676987404,59.99603439922792,9.333753646185018,269.4577583890059,1
29.69312030436406,47.96412937714201,19.546399238527165,237.90702907581831,1
24.342114147292396,76.48999602061062,8.183444662472466,151.63860724840288,1
17.7697274080355,45.29868549831296,18.63264321341889,364.7506707474571,1
69.0,88.24635345198999,2.587220436391039,273.8383805911464,1
39.59565103513307,61.011134414153105,12.224933063127033,239.74008813354243,1
62.098145516178356,59.55842298900177,7.50414369642896,135.76038412731342,1
54.97918903096115,74.6198556912395,5.479805112346302,176.43292591071707,1
37.85129382418661,51.41320367978349,11.587377512610296,176.48138089178508,1
49.73966006868706,55.93343548357227,13.535526095626697,279.87229080668124,1
56.16070856812707,58.6469525745281,14.48064964360919,122.31847545922572,1
33.88499454792654,76.29118924568901,8.668603735617012,247.64018073819793,1
16.00715181378816,52.42391870288137,15.048039315295156,260.2951045730941,1
31.23345447862566,47.16928359062334,13.62467994681477,114.1,1
69.0,74.89099344681617,5.485203682786273,266.0310010427268,1
57.82556746921914,62.492310133240274,14.198919486979364,184.95287335287458,1
38.952528959359825,61.16974186179817,12.920877523578378,261.0546413464814,1
29.76495174047372,56.43814547706448,15.868267934416373,212.77227265687648,1
26.89551248139137,60.43369925760894,9.821129963506747,250.46086385020345,1
14.391897079688441,67.36050275683273,9.41823060025774,212.09760239444253,1
41.736566895912105,74.4338314895807,10.788754154782985,162.0145538565896,1
53.06649894268885,53.57523454087064,8.540249624089938,188.01102876305114,1
46.756212699704946,74.13800160907209,9.142373938245996,238.624375074,1
56.18524978290756,68.97714546645496,4.351199231116766,154.23949886761923,1
26.846555947049044,73.30200699168708,11.600212195472759,178.15652416905695,1
24.305541638243557,54.12754122723513,10.299678649043877,235.5320046483764,1
20.570494484110608,60.72069763102093,13.391889154337335,359.451063187011,1
69.0,82.86287584897283,7.481746657496775,272.93952039605813,1
41.47439027140786,63.25531323568738,13.383478365162444,239.68010604894732,1
11.969806178754876,41.96744575484668,19.7,260.00218451967856,1
35.05160719972522,74.53298331727632,11.830635142830095,213.21299375399568,1
69.0,91.07461208596462,1.8015132206409685,179.13173449345294,1
69.0,57.3550645150891,7.971060603742276,185.00307590422838,1
36.07949711109558,79.71794261342983,6.331830289555548,137.07023409861893,1
46.48060450576634,42.483044347372626,7.648393436954551,149.23187900300786,1
38.0705771045646,56.53770875633002,15.554063937076744,307.5722400380845,1
30.921053461307586,69.16049093462084,11.949953363779075,191.62566546270125,1
25.76562741500087,54.032778814871925,17.664076382940358,279.7857378040921,1
52.441309443499854,81.11246584500736,9.616489294767657,221.3435070043601,1
40.81395328190066,57.34881968210897,12.796534597449078,250.03610833335077,1
55.188938749152015,69.01467666526439,12.59408578359146,287.11014525349486,1
61.162375571649605,48.43986646243553,14.906703077195587,212.7337054383167,1
23.985322899642156,65.50601823459684,14.6129915416428,321.67520676810693,1
45.32852183322605,70.04555569769565,8.495292004865338,209.66820056413266,1
56.422811985530686,30.65146688437603,12.48029229628334,136.33895068151236,1
57.666851280622666,46.324636895514374,10.09184989028238,119.90501316168736,1
18.751215327352494,34.33812469092956,15.448324321728329,250.5413312555096,1
43.30429752014302,73.23467692067356,9.230677529655576,221.68944043771688,1
55.191765218084285,63.50567634836665,8.44576795425864,262.9040313090582,1
44.76461543361455,35.71564112675516,18.720932747758003,314.4080988897889,1
42.47138558885576,66.98626298778339,10.913630379411215,215.09534853187068,1
47.85298583432105,84.52052825333128,3.438106893817653,269.77694602623563,1
60.12939790939451,71.23836418863165,9.34234568035933,152.88881537865305,1
21.292467962822826,58.521517876942184,6.048331703463387,177.83960603834333,1
49.25839573654436,67.05926818369434,9.952901237635016,225.1702326674064,1
46.36158394135225,51.271487300133124,11.363171149855374,204.59012433107065,1
63.01905784301324,63.54328641316389,12.581840796790313,119.85336363801981,1
66.45432045673536,86.61438313317927,9.550108184095178,266.73029172622626,1
23.440136541876853,79.50605351352905,7.085817205119916,183.25126701079006,1
39.13232862189555,47.02539811291046,9.62710849072241,114.1,1
69.0,80.05952586245303,7.670756404934054,253.50417102385524,1
27.760946994459758,40.742005276094545,14.228814892145332,294.79205560767576,1
62.901024157285676,74.39530390776385,5.249653465752568,245.29557526022552,1
33.25581890097944,32.41839782314719,16.4265597378245,130.8996948663826,1
26.34353610932216,43.97163560184069,16.07744677587393,148.14081391455414,1
22.927183285697144,64.399907894188,12.605970325938127,241.03470992194346,1
41.04710934483735,84.01966674218356,3.855158077842421,229.57841766584377,1
17.185650323772876,63.72738063827408,16.807241129237525,283.4697825414338,1
27.701405452027974,74.80015202774638,7.876859332981857,254.01692377041547,1
65.45051538962801,74.92825285054352,9.450409027687034,252.2453642262866,1
46.97066249889526,61.9947462915511,9.558212552376286,230.63220715564717,1
49.037898437896324,43.83379436198871,15.05266037040212,185.0346561469784,1
50.2084250904275,84.97046696494773,4.424391163237103,257.617238694702,1
4.2,51.12103105881001,17.442089276577065,189.29860735482166,1
38.20131279370824,54.858400464843236,16.346029230883996,263.17402412496295,1
44.254349540663476,67.5805708420854,13.701692180559474,280.25215974909736,1
46.0770388583416,65.97516713069153,15.080121011907817,162.6163705324607,1
45.41017732740361,80.48473653840756,1.0,214.2105975095211,1
69.0,75.16571034777235,6.469618163763753,191.41592191816798,1
4.2,62.313553906691936,18.11825172649107,341.2214261594464,1
30.295963641096744,64.12077751078398,16.15398543864844,257.428634738413,1
31.884316949595046,62.13533773132295,14.622539173188544,283.6627194477942,1
49.16116433051241,38.30211642691749,11.09996472796522,160.90230784194708,1
69.0,94.4642555582125,3.14201807450726,144.08239281590818,1
17.216959155360886,71.216089229639,12.763286574734577,161.29201292953474,1
56.901359365305176,75.05179839643785,1.175603470462189,149.7328205332275,1
27.53947666663242,40.3481997411568,12.45743388372734,139.19556501163936,1
51.776596657793036,58.39779167560943,9.200213772219838,128.23836747330165,1
59.04577086040372,60.47418016166918,9.550485702269235,240.89010648446555,1
28.94770323829126,69.48390884664744,10.285658932920018,302.1746685012551,1
54.706270401686666,62.73615481746632,13.176594723254269,270.3909323317597,1
16.250424952805776,66.4708171451951,13.634464337451412,340.53874789770117,1
14.395212417553843,48.0849122415629,10.162547959833006,121.38234341703497,1
41.37739301297491,48.22561363378504,13.40232127952288,114.1,1
69.0,55.436251193810016,8.220957294855786,152.19023033118202,1
29.071876920113993,75.5979463662393,8.235457054845313,185.1589441941732,1
53.91861242487367,70.75179588760219,4.311544191505793,114.1,1
31.47108569351358,41.88786729505679,17.473218542577857,315.8362108778971,1
10.97533711686064,72.38663540444043,8.269440302561517,229.63254483656965,1
27.04908687182862,56.05305797832202,17.146876689364618,241.2988970459094,1
39.81869698121656,45.29930286957436,10.376539911125338,216.18322729523732,1
49.761812388002355,88.73826614564793,7.802244055878427,280.9726167151939,1
27.602934014663454,49.79148278131795,7.0689124931677885,159.4283111498122,1
69.0,69.45961618070255,3.7085584277610186,158.86725983501162,1
68.17340132961404,72.64401414822214,9.384383360968071,152.71505799755536,1
41.732579595629176,70.54242736762083,13.20486787742584,233.37973974158052,1
30.614414281944896,73.26075226980899,8.866577547003972,299.2904286765619,1
40.83262741479131,37.57459095777759,16.718118505973557,135.32297259275276,1
4.2,79.19909160229764,14.160418963408128,340.5991188809842,1
30.994964037848824,57.73321628227379,14.088886098901114,218.87560179637535,1
48.44316342152431,46.96581553834321,14.315433076566382,153.52193482355852,1
34.66559662157675,73.03953339487461,10.693921534303206,238.50972081900105,1
41.4232885855655,48.52818118280403,13.79749226421271,174.04558757015593,1
39.48797746502639,80.89509067226815,9.596491256702912,170.3505394705009,1
10.841368799709823,73.54698582392464,3.998145475557826,297.19902464913946,1
21.741876427750142,44.17849007162993,19.7,308.0524817450253,1
63.67738780007958,82.7865098593061,11.888452912349948,238.87407386456124,1
37.36460216331106,68.12369934664416,13.777801461191734,290.16054370510693,1
26.04525291929471,61.753687686297745,8.764507219453051,114.1,1
40.87981627828042,68.5261320713787,8.592884424829059,257.5000598341683,1
11.450441961244515,57.686566595073586,13.860678270720628,247.47617102027658,1
49.81967667041341,72.5766898890607,10.724247143933473,161.9983773295749,1
41.77834871917889,57.92347535874257,16.33842222634152,287.75168906856356,1
28.237718503375888,80.31726462298741,12.39179355645575,256.54077559097493,1
49.680323956263535,52.831223844332996,10.80752075470607,175.0383297310106,1
22.70342189851658,74.8106417372204,13.153282475708561,232.14640639285835,1
46.74511796745659,71.42121809077658,8.015214106592357,236.10497556673852,1
59.75856787887468,71.45214676920287,5.959134765028558,147.94090411916292,1
27.258769850871374,63.724908636923345,11.957208208068554,196.57367937127518,1
67.48450122237188,70.20909354140376,9.913786406740357,157.78883865940338,1
21.10600665691688,48.70564755661819,15.729769325843229,217.9171981167906,1
5.1166775740665145,46.07227943652196,18.79382053876398,344.62418509699756,1
25.628938981091405,79.57540917014111,8.41908082283046,233.03361319868844,1
21.116040146241144,68.6332105018848,8.28643590859786,226.76094097770164,1
65.23612439785825,69.06150666534104,6.884897076862812,251.6591953743284,1
15.512066719686494,75.96575551068274,12.825887309966001,226.70511486732363,1
33.46636911600806,76.33102619216416,10.505771449189353,288.6018380260241,1
26.759552635655204,58.191374918543296,14.911412823048575,355.2757685209567,1
16.470877406410604,56.801394370901996,6.831091059931696,232.58429849400096,1
45.84920810126821,55.46126416348585,11.16424335853104,206.1016624964865,1
33.833446264841236,60.69472538078094,13.264361975667118,227.7856197177664,1
46.86355005215615,73.6129979968097,2.840051447380411,153.74165180711273,1
56.87792439460273,66.5750711912896,3.2315114596315286,209.40104677179048,1
19.26021871840838,68.73299589828595,8.183646408737832,278.06713146742254,1
57.47005734752276,55.918154606751166,7.208051373635751,136.97817616748395,1
28.939727268456743,49.86065348482632,10.155250391902804,222.93560053535396,1
23.070243735158286,67.86731623134365,7.284256474173807,206.28880012485365,1
15.3675661004952,73.91676962407705,8.929278461997031,234.32976536176105,1
36.11305920514772,55.93656254621728,16.875960442956583,163.13458758650094,1
29.58287583877288,74.02328058776578,11.754568577109614,242.5514627345926,1
45.98678294681078,60.59881760005328,7.542510283861152,114.1,1
58.9630158404887,68.35125284940789,9.469036200771042,215.99128549582358,1
27.81817092874737,57.071979888294436,9.62010192297655,284.28786466046085,1
33.48569915411946,53.87982476677544,7.670659869099463,194.3296269893014,1
38.520338077146214,59.071766455947525,10.921682292034784,218.63646917746047,1
17.577897936950162,56.98799642120245,10.444416778727392,291.79018723241074,1
48.73447578750584,52.36555754956121,14.789177157865707,272.9561564838362,1
20.87206805631151,72.50254847459753,13.302523864729215,238.37680912414027,1
69.0,55.65674089145594,11.208045709237867,186.4180712828327,1
29.772170220229107,46.618326597955836,16.92265656771085,236.9098775814992,1
52.454458274698226,47.15620444261683,5.078918979363058,114.1,1
43.87805855970517,57.56575613677398,16.048534367330518,240.93386039160166,1
63.87943555296009,56.18669016983239,10.656376534611146,122.99987436656485,1
31.20084134734183,52.45546133490667,8.458707931095033,237.7952582039765,1
52.581952062634,54.91648996349076,9.554951306217378,114.1,1
46.48790527492468,57.63720416136825,10.889755532272035,166.46663185901576,1
69.0,68.06809705192398,6.23888459388439,128.84473601531968,1
46.221454288860706,56.33873611986339,11.611825845784656,200.3089919997498,1
24.69695731129574,39.40374398418641,15.086159367282594,154.19259943338398,1
57.70700603556104,65.73898007057926,7.973787769346192,165.6581931562972,1
51.86621827383763,54.7223341750241,9.509755068841258,183.2589950688357,1
39.01785031669853,76.86539263528383,11.621103792299758,351.13824846560055,1
23.075801420738262,59.651375031857114,13.302756637277286,256.2962104779884,1
56.89804308941775,65.87374818931501,11.679064249969372,185.03202477345124,1
25.259533058410064,52.0573182040616,9.78167572217578,171.5204581422992,1
32.289679290293044,68.35629558201039,13.394031611106161,311.1000401968461,1
57.7490671268783,75.64649758425553,5.097849212602306,159.40027541022647,1
14.9299076041615,49.896025025067146,15.428710070263698,335.36930094944125,1
24.61716930179399,46.64348950541214,16.560491092910237,190.97874948415824,1
62.66077540642196,56.72962081360904,10.553090170977518,161.53743861236467,1
10.816022454545426,34.785332745993145,15.514952736052201,268.5309937048494,1
46.038117566584084,39.90751234813813,12.250866351461063,181.85363922619706,1
47.577102816392596,57.00791976140864,6.947627657344109,114.1,1
34.28045388611032,59.65846666800653,10.560252535699124,162.63399361710853,1
34.76585327348589,69.22598662442573,11.13905523343332,257.45021737050257,1
31.410153802917492,53.80026199290508,16.3270969989989,226.71670377939728,1
16.973785370110274,55.77382620535193,12.652352925475133,229.27865861766048,1
29.25822017921162,53.80025794499471,13.872110108380795,209.05967044435462,1
37.129324383575785,76.76518465508036,7.126199081714835,286.84967430894324,1
57.397164139442154,72.65581653315022,9.36628506339127,252.60767763570573,1
37.618953735920314,67.44146582456531,10.027774995434596,178.88022031541493,1
39.83952466347903,75.19672111747497,8.519267102423399,200.8328475184364,1
69.0,74.89857790499293,6.23762528218686,132.50928875079052,1
61.06036617116764,68.10563245092283,13.242413301880326,259.9236163415346,1
24.963035198131983,61.40268637248019,15.221538561249623,240.55849909657894,1
50.05870013854325,40.19659490730488,13.52903034083196,164.10049632048305,1
40.54104579677248,50.778133817526324,17.219898419102844,315.63496842812685,1
4.2,60.56964655367035,9.770375029552405,166.17898830862018,1
28.101099710514028,38.83874891420869,12.129299490649897,189.15057521199023,1
30.93365148904463,76.81708422081937,11.226162080411205,274.1127515203339,1
32.99265850017905,49.74414638145682,9.348982823711932,127.02623812807397,1
40.5443292440214,68.7620349402347,8.583979379404186,335.81010132757285,1
52.42078044094167,58.45831310105309,13.36702246075397,259.35861196367875,1
41.049811732968834,58.533387804706415,9.127760031216022,163.16947661784977,1
57.62902531156671,38.278133169006836,12.30952757245698,158.5504826288732,1
53.9411406838975,80.38727265986375,10.303377521433115,293.11242645576715,1
30.190535032115285,66.15816037289375,11.68674924461774,265.9015910505144,1
28.957943428638522,54.182132066502916,14.91747082348497,301.64218477569995,1
42.39460646260338,55.16384550002017,12.9387865039797,188.30199323474653,1
32.82681227196646,72.76466004403424,10.446283045657214,225.20081231221798,1
68.19640409577065,42.357329013590004,8.147771002479768,114.1,1
69.0,60.63721784562607,2.1577898011890113,114.1,1
44.45455691014885,64.21331258831832,4.045463058514323,140.851417860774,1
12.512921907920873,64.33370438200446,16.25811057305106,262.3528894654894,1
28.53074177136573,45.80893840902328,16.514137178310737,236.35272511554862,1
33.31787107924889,52.98765400828224,12.04069807746282,158.1045033753245,1
53.138628687187435,52.876899274933656,8.67396828839256,127.88844243518588,1
47.621476925479016,53.372238095365134,13.088403649416483,136.56315207657582,1
69.0,65.2076173710163,5.719122103818255,126.23269648918404,1
37.03064188739176,51.07722318893102,10.56201386655785,231.1326022211111,1
36.640489951519896,54.957203072572646,10.32556380967082,182.82901219625532,1
35.18224944733009,57.34647943330528,9.206472094837885,198.03556597665033,1
69.0,62.40114823458573,4.176240140759967,161.80008742720736,1
45.17676283564458,49.1576025363308,12.366137144378982,203.29582893378813,1
64.09543741019954,61.34634555183445,6.4704375043047815,146.28802451011984,1
34.8259663872543,41.39803926747242,15.872742410482598,250.157055065474,1
67.45751284384303,73.02391745208467,7.490143658501204,202.0561281507608,1
38.1462189567222,55.63775773521541,10.448209579373954,247.43667413987438,1
65.67490076575969,38.70287425389621,12.049751227750814,114.1,1
65.0154492467277,56.22674636764297,5.146811013376322,251.2197487439285,1
22.92247278673353,43.96618928146265,13.768700544915715,119.69893084775273,1
19.8470251698834,40.47762645045442,18.162068889652794,249.59672568010194,1
24.16252046743351,72.38187640869984,9.691077529450247,268.12462992896644,1
23.831385484171616,66.22397225752688,13.195986307329479,333.19783703571204,1
25.831147377788827,56.58406926403338,10.020181401491376,201.93488015333128,1
24.340681691301086,65.93649791285681,15.148726105764903,274.8147154491215,1
23.14176046380108,69.51444547760187,14.1980852473172,173.53520630422648,1
48.41205791027234,51.0193271837623,13.439445663840178,175.5949315188278,1
20.749442172712943,28.88898787856389,19.238719418731293,243.84158535144107,1
22.271070458242924,58.86857387371189,8.311249145096276,242.4910532982596,1
21.376070447139703,44.439752290339854,14.811582134443341,213.34609465694538,1
34.1381120599952,50.205446245862476,9.952121300880135,130.65277784882855,1
30.840529143758125,60.77167224729654,13.40077517790899,190.66516472832495,1
43.74584152593229,65.48548594188978,3.0866792547530153,149.96397354424275,1
29.183493455994054,36.28771775846873,11.280203819075036,233.04875086866238,1
38.04933058825254,61.895099709457746,14.854062185963759,253.46279935185441,1
19.012646591570746,34.80686167541686,17.998304815726637,155.86514858697876,1
65.13596944138278,68.64741400375303,3.921855559580531,167.8905190927899,1
66.2209450773681,73.67344079366059,6.133459266167372,173.97420292448638,1
42.47743826837512,64.45015848220193,12.345252825324502,280.74111755746236,1
49.41231246437184,59.63241670254039,15.725104127301314,219.75338335008746,1
28.069498835762197,63.72199805267621,11.112271239873737,173.30404059637976,1
38.87860237338387,51.21172061210859,19.59364685152913,300.6868864852364,1
44.68583358709466,55.285153118586535,19.7,295.64399258026856,1
39.946882842478566,50.48730100975836,14.899527026798733,186.34159016537785,1
30.332676503097225,36.14395089277634,16.71562037744479,175.400941775521,1
22.973345030944294,62.45806405641884,15.413525292635502,292.7851936705161,1
53.67625753424346,57.04097277272707,13.844032165685983,216.37492206800226,1
34.4382495340858,66.81710105236284,11.084386596358847,265.0878597800475,1
44.17449297876223,59.62911322533209,13.892353413340508,243.05567336896084,1
69.0,63.7477699115375,10.387442988364255,120.3682656462737,1
31.312758367026035,52.75191844745689,11.446454213940232,118.7721627159088,1
47.642545715471094,89.52789137588502,9.611880624161405,366.2795383255675,1
42.534268928177994,42.51437522041665,15.443054128413038,266.6889760421358,1
65.16980847946438,99.35032828934222,2.114377250988907,237.06450804641537,1
51.774074670754345,78.60662541114698,5.27726546713659,259.0483272794199,1
43.31707873785232,52.68382689148844,13.306246635453931,230.55200127498125,1
38.477221112751266,46.54711969754319,11.195331384471812,178.55960158799425,1
47.58200897286121,68.30282446647405,9.37668778769181,156.70498416847508,1
27.838113214303295,55.12398386679803,10.692033154242088,255.78568134797723,1
12.398041931463982,72.00337502867743,10.918047812170174,214.9003471222866,1
51.88262926432359,56.94389107816696,12.751123106533761,257.76355139081966,1
62.62372415974456,71.98599619267611,6.439117769848427,122.80631910135442,1
21.156630046770758,79.86998153484136,8.139593017552944,258.38570010450894,1
24.280542043243262,63.46770397932494,10.149271542171125,286.5000704200693,1
31.176216000906326,63.13424202793823,10.700130955126603,257.09245694747665,1
49.62252088077903,79.44638570723556,1.0,168.1041171066643,1
52.23250609886692,76.18514122440448,4.187325772967044,150.97836949511583,1
21.846253768312923,53.24910138383577,13.608958447487879,256.9051921213144,1
51.354300144415895,71.2617883165053,5.508740302293313,230.8665748792297,1
39.13369732614569,61.724357346925856,10.878061342348687,190.14945494499617,1
40.43092181878645,81.85173659830814,6.469142354058383,258.072674031212,1
17.54769090138926,48.23187227354648,14.548032219979529,147.5461211383691,1
33.43986864042267,41.61257378796651,18.320521363455228,287.30783872009977,1
69.0,79.47396045556374,5.730470936293188,234.76458239716976,1
44.09945500006089,57.236495997629405,12.300262173798227,133.35189302511208,1
21.48115874058447,53.99163021314676,15.349764558655226,273.2330226664412,1
48.38244697618574,43.96619470308678,13.723860325396835,263.313198366356,1
45.25913823426525,77.9331709805863,6.196972160668491,157.96524177008519,1
29.417428616775425,63.17532455317609,13.406580215544004,211.74030309880118,1
38.806150919182,63.65150455041612,9.51546613344551,208.60003446896914,1
37.33685740229326,86.01188433612667,7.938931599743876,386.73819616106715,1
39.91435480182135,86.06680617720748,12.850852664483732,245.2584559902871,1
27.033400962011548,46.07991582305,8.786031378923736,165.8868881673312,1
69.0,60.72179476401977,5.346834780360495,114.10086729392414,1
42.85527343713273,78.85206186916233,2.8676532620356054,197.7476055126169,1
69.0,50.783573637224734,9.235702171531067,189.62178824346887,1
35.30145784924926,61.9796491650823,14.263712864187859,256.59178439623605,1
18.79951789638038,26.55414176368349,19.7,255.87621015365664,1
69.0,58.58512189489635,6.588420995644565,151.3253522310149,1
13.269221197517588,51.92031930851815,19.33684305982853,237.5619347428768,1
69.0,58.52748899229206,7.7594248979434575,200.13554547853144,1
30.873144432970683,53.0955404742175,11.056829037510619,225.30417502664838,1
22.772572106944054,55.51256054228179,12.516007782493494,183.27430588185103,1
31.224835766890322,78.6456243135186,7.6766387884209255,225.77842535016725,1
40.105055967361665,71.71633039472476,6.916487212296225,212.4982326598271,1
66.24174345337649,60.24434953398382,9.654082893592523,197.0953185015927,1
38.5550534310238,60.91705190173793,18.149737210789016,303.70686983730593,1
16.332461547277976,68.27855193988712,10.922923982696101,312.4961719783356,1
32.636577130107426,75.90373966903623,7.594113948525579,200.54299705787096,1
18.53489076439983,62.77539946106681,13.019154926767916,250.24825157863313,1
23.521556518697064,62.86392819462663,8.136200274879808,208.87806710759818,1
28.900287432493734,53.56113568182742,15.388175395993375,249.09900056827365,1
44.60898955608252,66.65437070426279,7.335126627678385,266.00535213567696,1
28.44667763213909,58.70812668723254,14.473085579825451,294.16326358472867,1
37.68604260750042,57.116309833228385,10.08749542382225,271.4258403660712,1
46.328129920158275,70.78416697995948,6.42652009037287,225.5689266684612,1
51.86017017092922,57.80069973378432,7.76192915837775,146.13884671533242,1
52.65994522574696,50.81278639351096,10.584550348694732,257.2335586686258,1
44.16894530864505,55.25205553445929,9.189260700119654,137.805710162355,1
4.2,23.925221428491753,19.7,319.9178538269,1
18.88030188086722,62.2919245494345,7.60328589932409,200.16202406446675,1
48.73811047115341,78.56754958291702,7.295043439976874,232.51837791710958,1
44.75780181120747,74.31278980329733,3.372476344603327,197.28377081925,1
40.21404238477174,50.63025543220221,14.459446324275303,132.31593731234096,1
61.38924012179384,51.878708699618834,13.865189688693466,225.26526632411054,1
65.01270722227011,50.25007286327848,10.757078134344736,146.3069374615414,1
35.978329990185316,62.95477053603301,8.639681999599686,164.21308361387742,1
50.72539653029792,54.418923343784925,13.278168802188159,198.19563149398334,1
65.59416958006328,75.83076439007931,8.935959425912868,262.6022301865259,1
60.129531847797125,73.6681772787289,7.648161670939592,255.08516773091563,1
69.0,64.12738455622417,3.712852396873628,114.1,1
35.342449573669384,46.83022779755122,18.333986499231337,224.99040588570472,1
64.68638536830754,61.46775259487979,7.200716733303427,221.18627686948145,1
52.05986420829512,58.50829742268485,9.41638616887011,226.9998881634864,1
68.8506702409673,49.78396549585296,6.921797453779988,230.63417472387937,1
32.34425129564916,70.34164349687747,6.762589179370217,129.21323802438388,1
69.0,55.65956190760507,7.949205141845375,176.1830437995563,1
39.77207791804275,61.48364624760771,11.630066854358908,310.8868795604818,1
40.3418098381316,58.31273974994269,11.136609411404194,166.59734825102774,1
7.699457494729252,53.52383762519379,10.932412280598058,208.73235591919686,1
25.29185190211596,58.25777948659527,14.361384858644596,149.23034983459547,1
53.03829716903082,50.18778034093512,12.9120807578759,250.99667813042197,1
34.74197722616938,60.399267892000125,13.110274969879697,248.71462722406136,1
38.97333443816268,85.22814617599605,10.88796869483849,378.6834134289179,1
54.1295474554326,45.4106926585869,13.076113722780457,157.00599209068548,1
64.38969810385896,79.01708526960562,8.686134740735904,211.63664168393237,1
57.905523241193734,90.28016253941468,6.934086175945982,115.66456006521489,1
51.709669255652074,64.15445541382061,8.871804071217001,243.48789644092963,1
54.74205017830944,53.25576222783703,10.962815135649132,252.136427075591,1
39.246575012466806,69.65982301240658,11.46079900757133,249.81049541457998,1
43.37232895578811,64.76062592223458,7.584339904093744,157.24776658601832,1
41.81952757910794,85.18825487240017,8.030135222255044,246.7206694691279,1
64.27821877996641,68.96189594564147,6.482101912813111,207.15782136933097,1
6.2719969563839015,56.34154731012175,14.101041763449558,261.0059832685168,1
49.60313777777125,75.20226676443342,4.299642520210628,183.36397956173104,1
32.53638811459213,60.713379064450024,12.210412812965902,139.2466235843474,1
66.50705451021707,45.17016831776325,13.965851617742679,252.56772384961826,1
26.16732067975796,92.81717847126617,4.970789522768717,227.9431413209647,1
34.2519355895087,53.25981447128891,10.39914731283703,222.4835211000054,1
35.95851488306766,53.90925417415707,17.230524103202338,236.91190745202846,1
41.27726509685383,53.204539432628906,10.539280123412704,179.3596154129607,1
39.61959934351561,47.114131993265104,12.545606242229107,197.52881713933263,1
69.0,69.29621239910556,2.41712851809549,172.68199577085448,1
44.105081752753634,64.4123297092377,1.12887053117562,114.81237693382043,1
60.09011788246229,52.27622687728221,7.534757837897045,181.9772094525464,1
61.71562853975301,42.35279276164724,9.315995833855828,157.11480638186958,1
26.183067675445834,40.22751676493465,16.030363527331104,290.3007331604514,1
49.83950209455874,59.12831549136529,6.740124863825026,114.1,1
46.61150463796601,41.690476105780476,13.755693311989207,250.25206189628724,1
62.54549893811504,51.26608211676274,7.649701545427382,222.18473125741215,1
10.461636109836073,23.200323675510685,19.7,1370.3933115855673,1
13.27621825693647,34.269035677262984,3.2493073480136943,1466.5513043265137,1
18.48975740446813,38.7684380320993,9.567410464749818,1449.0506561118632,1
23.28530376115356,65.13522594835032,15.312482886696746,1482.914905693937,1
7.54590605205963,26.612395955802892,10.293798880434597,1348.6184961787308,1
48.53688365221669,18.244256759597352,3.6096353849138403,1800.9246305165955,1
23.13910905409137,35.61056752200548,1.0,1302.4666836281383,1
33.38892791447503,47.17674005853122,4.655389718623685,1625.0364364304671,1
21.673245227996958,99.6,19.7,1778.653537019588,1
17.852620034226693,74.72342679416214,6.018723538589606,1828.3956502478118,1
25.100876130484487,30.045343985651247,4.72308790648864,1409.9197656779465,1
11.679929714360698,61.45459134020901,10.313440530794454,1979.2,1
39.92264621776148,65.64920099103523,17.273335960817448,1979.2,1
22.295438470108152,30.345173700923215,4.844658971472924,1425.6908358796024,1
24.22345692836768,46.632362427082015,10.385091486097751,1698.3737328289649,1
19.477436853030447,81.95136379608111,13.418738525718876,1762.1555758081215,1
12.564905120211677,31.02741434849999,13.27751088765842,1777.1958602582345,1
33.35242453735863,20.14421461500384,11.902864146695496,1383.3873426862829,1
13.088674300650462,68.84876101954069,11.525665981489476,1461.4756832580847,1
18.906316227142536,59.99179667160721,17.456111314633972,1742.9102325018684,1
19.865516884417364,47.51264736857873,8.583970095453234,1447.0221588742224,1
17.02966569155769,45.21946733748752,1.4606573174091562,1612.9871787292182,1
12.764504659911436,42.71709838618889,11.397269153930164,1467.1181327906259,1
4.697885208315299,8.183253602002267,7.851247831740243,1539.3000342101473,1
12.54226892496214,77.1446521430594,16.985658647618582,1390.4096395985766,1
17.994322954268295,54.094352332986794,12.917423421531419,1534.9570142372593,1
21.583751651560565,38.41805729833177,8.61069956131361,1475.4282448431777,1
40.97930614366652,52.467347993931085,15.519286031070578,1505.0812941458714,1
4.2,99.6,9.396559388714344,1979.2,1
7.452546069464725,14.691518092136633,6.785958287339643,1511.3807633024621,1
30.432520497263262,44.31326265043208,14.16691817958617,1612.236385469272,1
5.426004238150206,5.3,17.274772018483667,1090.7506481390533,1
37.00025372071776,45.19599428438633,16.234776388974574,1641.9836032066112,1
23.68918219993865,83.71011855273963,10.144391417044199,1563.9567024995465,1
28.301227833948577,75.00018615923358,18.595846251099232,1222.5593884056375,1
29.99161401709666,96.94063323750143,17.80841004225137,1896.9711469985864,1
34.74253675721464,51.74514568094944,9.70237890066868,1902.559482907841,1
27.03204650573408,5.3,4.862520618927914,1658.7897172590078,1
26.933835884478388,74.27810584041598,13.577530024989288,1593.6367617948504,1
4.2,39.77524295789057,19.7,1643.667163720239,1
8.583998294533123,58.144919762535466,9.741293621406983,1436.010658876307,1
23.860415279299957,40.31079590699229,9.121699974765699,1704.0449055323272,1
40.13021198808701,48.632927410171405,12.476769801011672,1768.801333273375,1
26.48116248740563,44.43682772778024,8.012726549170225,1434.7691200418365,1
37.791355296506765,40.86556018141635,6.91395165449467,1630.8338028748103,1
38.23709898853707,55.39894360992048,3.6033169941141487,1524.5140349751184,1
34.15690476112618,51.459246012701115,12.66702215857339,1607.6196209281939,1
44.775746785731506,58.047786085327175,1.0,1979.2,1
29.355545771607737,48.16263353455764,11.18749187673032,1646.0999334865173,1
31.439382988827916,47.86236922291809,3.883279764592613,1517.0648183224648,1
41.403980625040234,49.75365771953063,3.995830171387972,1455.9947222678434,1
18.277571152247667,64.92844159390475,9.517599219884026,1572.5380528825788,1
23.395505374440685,59.80721884584929,10.323169242733913,1786.6332943787058,1
25.936048673954705,61.735256874668806,11.432727268620246,1979.2,1
29.608455152765682,5.3,16.918783558143105,1411.3765575105745,1
30.041963353324423,36.1563178137056,3.224984965274543,1695.6971271708828,1
43.8364863623233,58.94145824561869,7.277533250139815,1643.383045950903,1
13.424629485546047,17.577793593911363,19.7,1835.4385386410418,1
25.83472206669019,21.880783550045944,17.806937044916438,1465.6144062923859,1
14.100445081404668,54.67849162600638,1.8696805673526793,1636.2766067355026,1
42.45054614001408,47.77858833528708,6.3124615573734895,1840.0983319391519,1
21.847430660802377,27.335041679810104,6.831670396373569,1367.996035435839,1
4.2,52.601537805074145,5.746975731082477,1497.5813472382692,1
10.953409613063966,34.643696764560936,19.7,1384.4432101712334,1
4.2,78.9684335757116,12.472698403723136,1605.9471783943097,1
24.887869261940573,44.29725287887944,14.60551991403958,1782.0996860539485,1
19.90267216083174,78.42868741338704,19.7,1975.877591558854,1
19.606042069359574,77.68453537377806,8.969477361862998,1691.3415449400275,1
10.664220301003356,41.77208896738435,19.661204389794733,1795.4172491066754,1
33.364491657731534,32.835718355910366,1.0,1647.69535797766,1
11.742673694013856,52.694320861090496,19.7,1702.0810020108927,1
36.17723042885236,66.58853416290222,17.77506978940451,1575.9161358841443,1
7.311144825064526,68.77675468759746,7.7527364498635025,1523.2473083727696,1
13.080449572462877,63.90175857596491,1.0,1763.6547860501935,1
22.523371479474168,50.43058712686132,9.259557152035558,1751.7285960310676,1
30.37800794037306,57.0643385250147,15.39657784146594,1750.7664549417646,1
26.05316650258854,13.391562665473366,8.551597565801575,1399.6969598978335,1
32.977054970300934,55.6372934705134,13.299048154383257,1979.2,1
14.112344512465501,46.46012062714717,12.156364066589724,1979.2,1
32.54744307591549,55.042207212352984,12.968257521219742,1436.5095318626409,1
29.179688061838995,76.82662266748895,2.815377924019514,1498.8935314056562,1
4.2,53.65637370033554,14.63928772210699,1527.5348238253498,1
4.2,37.04799841623836,19.42384556319218,1395.324479666575,1
4.2,27.834377045584464,19.7,1365.9380955224697,1
18.37958160698047,96.37273596574094,1.0,1752.068820390049,1
45.58933485424555,63.31531144092306,3.91994959339298,1953.3915855879889,1
8.28638299693589,51.61659042644996,13.676431807184501,1655.0780988763343,1
14.995342113410743,19.445738836459835,12.290083043766383,1574.7415230886538,1
36.49376572634003,49.03002482636298,5.276772500209341,1820.0506860113287,1
18.895668348453455,51.031866438177836,5.019066417388521,1866.1241855819553,1
17.29911113943092,85.60737654642955,7.582224918711795,1656.4744858917138,1
13.4168575071867,58.58448864351783,17.369606249838974,1573.5098348342103,1
35.45935504424599,72.03691250149963,14.71804954935002,1704.7046799374468,1
32.537780182838894,46.794520093321786,1.7324888180806504,1598.5916213805635,1
6.815553522660798,34.579164717507425,18.453663243204158,1480.8877110220521,1
27.75423519924214,35.07917404626415,4.750863743767812,1799.259060588683,1
16.268010735087003,59.630062624079265,9.921113316809324,1416.4739359618643,1
37.61143303856647,64.00521525905576,8.221309614010096,1691.0470590376542,1
29.89216864358803,68.05483228672,15.699312727011122,1620.5868707172258,1
15.147273312359768,33.36243648965415,8.624928716402323,1530.5972303846972,1
21.16914831806259,47.95912032656815,9.729060067938132,1585.7105714859063,1
7.791084026292644,44.97712492519896,12.77145210151328,1597.6500891051319,1
32.348806221833826,44.92589021909997,4.714233721307583,1569.1382143385495,1
22.236238267596352,57.15311186421259,10.954463987423287,1803.8502027093443,1
24.341224257827328,33.44412337402624,1.9953519428586866,1625.0900627087708,1
13.193360805481284,66.31629917853267,6.894619440350519,1573.9256483922354,1
27.360254849855654,90.35747143134236,4.506637009916751,1956.6008596052834,1
28.38188948354611,46.3422806860848,7.776151688931609,1353.6460330784105,1
21.25294683966482,57.01255808807949,5.6418921442801055,1940.6064870614548,1
4.2,77.91694682218633,12.525598889683845,1629.0235266368315,1
37.00219159279804,75.52159014469888,17.43905466800324,1979.2,1
6.498487968944371,12.511427884098275,13.343406171742245,1419.9077905660183,1
4.2,40.99621707582097,12.873818760730408,1419.0929324247602,1
35.92484748619469,27.01948646548262,11.62933984427804,1800.7838377678543,1
8.613561818725454,78.16351514822446,1.1924689204632077,1594.1452161407713,1
25.195035912657715,25.445776414710053,1.361960169038337,1613.6189255402046,1
51.60608996285559,66.06153124838686,2.2148410177166467,1979.2,1
9.457632939639126,39.8869893187438,17.2332649583773,1350.48643952018,1
35.3113561912187,35.6805479486903,10.235131661108923,1851.0155025523627,1
31.060388120290355,42.35313304531326,2.475870550077098,1518.936547717546,1
6.829548327325149,46.56551520332892,12.125830975025867,1844.9607385054562,1
11.67945143077747,75.86878617604889,10.54472258974516,1498.533160544416,1
5.7925457484645655,52.47407461707705,12.198089392401643,1575.9682010940269,1
24.51019388906477,63.37357310756131,12.22459444197452,1965.3235046875966,1
17.11841871215402,87.58016643891298,4.8631972108662564,1738.748255759311,1
41.757859414261205,5.3,15.127336635053446,1364.5908721366623,1
22.92858211252337,51.067797982014746,10.006064570392715,1708.4599916147383,1
4.2,59.03572641216513,1.0,1126.3841848389416,1
38.34735133717044,43.16560482578613,5.735845790510623,1751.2519674653008,1
11.799910579054512,23.57230916439762,14.686661492656068,1585.3829009994588,1
33.52416764797223,96.04496844237178,5.960325586698526,1511.623322012501,1
4.2,85.55364595915614,14.594754322092442,1591.797669563366,1
24.789920568407283,94.09204217387939,11.091390098318751,1455.6676331628764,1
27.481833996328895,43.60768274143653,14.493617432566333,1670.2935983136333,1
9.41673773236085,99.6,9.63643757294478,1493.6207834855154,1
31.247552598040333,95.04746112049857,17.24252055459037,1693.828946577384,1
21.997669590993556,44.785746662973644,2.6357642007070314,1638.1616793575163,1
21.841449438784828,38.0364878503762,6.345751487796077,1635.4097450374263,1
23.987759698087014,36.943784533718045,1.0,1336.157105772787,1
27.42067712405887,50.073163534675665,6.65128604429413,1343.189156904675,1
20.500723285316266,27.83418602321795,6.660858073802834,1393.6390086940971,1
19.44694777168309,39.35054244363623,11.994667081932155,1571.6115211851056,1
7.032371449678189,25.46766908929278,12.309811012987778,1260.420634201353,1
4.2,58.37786210449863,19.7,1405.8776092761887,1
12.767952932647933,88.90455051642647,3.480852733931002,1979.2,1
4.2,55.99331858993858,13.2569314712564,1633.847443873935,1
55.479310392290046,69.22243485461016,3.4071451481096044,1979.2,1
18.29953277040375,32.134546640620115,16.229317646313568,1668.0309314501105,1
7.012494295904769,65.1135594201542,8.20038592956325,1271.4797081842542,1
23.442099484732466,37.77144493415615,6.659058564218265,1818.0095909720205,1
40.636738025927976,51.904686421780866,11.816214217241813,1502.3206432964514,1
39.23433137559543,13.035248350786205,6.089099700450809,1345.707455978095,1
25.771760979487297,5.3,16.24206604264728,1788.4327229613032,1
28.450798334638904,73.45938396387282,13.392287077034872,1662.440808927222,1
32.843662206134354,26.99128327075505,9.29604568612457,1683.9079018763402,1
15.816205347240377,46.43743057451782,10.80233322520954,1588.9435069147505,1
25.272335683758612,48.597637692112755,14.850416308706784,1522.4639991315673,1
15.834632123020178,68.97878128998991,2.877277376154071,1748.545758093592,1
22.444389472051665,70.13964193149364,11.847777336484153,1473.2589902725636,1
36.25125472762193,89.02661968154882,17.785870682419656,1763.6773150019762,1
30.739542957659026,71.96317267437752,11.228675577305802,1633.9253562676115,1
26.333199436424852,51.61945146965947,9.716782893601614,1651.6936397858244,1
4.2,59.6691005148412,19.7,1633.1575537719903,1
10.706580406031351,50.69720121652814,19.7,1475.663543489069,1
41.046145502534074,76.27440830989656,13.02151811149042,1978.4858889667366,1
27.330068092394768,60.821907212372906,11.40989358269656,1540.7505220274797,1
49.37934207298288,63.48742279014081,1.0,1877.79567430304,1
22.9560309054911,48.72801196061729,7.557479477006039,1523.418232389764,1
25.803087505431012,37.89906006851107,11.965134564292175,1632.5428684400695,1
37.31188090415746,67.12748908513893,9.594061967171704,1870.3857137328582,1
7.003254652765621,52.28282682523249,13.206918013000958,1562.2147919481297,1
40.81171250946984,81.57195485618034,11.44795516770379,1834.133835150045,1
38.851913532499196,14.204526178194563,11.671721729128883,1778.0372606450683,1
10.49751222373051,50.6364556475135,8.014671826259926,1535.8454804518867,1
35.8875411024845,49.054187435207325,2.911646577152105,1690.8132557509914,1
11.125792026401946,38.746202721998664,9.123978565212816,1738.4073795958557,1
16.62111885403267,37.70796919079734,1.0,1593.828469150072,1
14.830292098738965,29.213989608207896,8.750867594922322,1811.2397190517393,1
12.948484199656148,42.89668443690821,9.843454506152883,1505.3662461491044,1
13.104293425110843,5.3,15.034574162283011,1570.4021338266668,1
18.148465826565893,52.447651638498634,3.334217518928047,1565.1713350609616,1
14.277247796123785,78.24239389726112,19.7,1979.2,1
22.957823896832085,19.926216497857077,8.603773083110067,1127.5270786409135,1
29.01008592505181,87.1266238613263,13.720765570087067,1465.8416620172586,1
29.417328335932673,39.385702132583276,9.366251800634245,1734.061473770646,1
41.450151833128956,54.774348824737295,12.661815337939627,1905.3578778193291,1
12.982435142850788,61.183239105394804,1.0,1351.9620577969667,1
51.74627496697761,28.398541226066968,6.430328938932153,1764.8896247044654,1
38.79982789796436,70.98994596536588,1.0,1732.033832660507,1
27.77136748408981,41.01739516370772,8.55340149226111,1324.3880192751085,1
49.50136833734265,27.704643834428275,14.704334789142868,1806.6617858148938,1
40.132584200099714,54.29289283161173,16.458894501288924,1838.4522556245315,1
29.330163017590728,61.64087352502574,14.259248741668067,1576.5538782684337,1
6.151525929280625,46.50192733105106,10.928685613409337,1464.880949609946,1
36.394515302917895,73.72273346663513,19.7,1979.2,1
47.79352304237211,99.6,9.4996884594777,1979.2,1
20.97216703535659,28.15426200917395,9.243126689047012,1734.8326396359118,1
24.254449483257012,59.54922675632788,4.7536061078842335,1618.3802494777522,1
19.671870334933615,60.21147572440384,19.7,1662.0135464672503,1
26.62598419444649,76.15395131684834,9.756937471112611,1564.6093737697347,1
10.776476908316802,29.778641553371106,9.156741571981819,1603.1555736804717,1
8.341506891227011,50.16972613972736,7.630281754647902,1569.0090201049186,1
5.711811012921782,40.26926985053091,14.975258665556863,1479.204988087264,1
4.2,30.57218161418365,16.20875276603431,1637.506388013173,1
7.8005037623876365,51.50308682022933,13.644589885858478,1707.6157668526737,1
20.85289820595048,75.00323694787447,13.95604274173975,1687.543364379023,1
19.87006443395371,66.63827477665738,15.135744670615596,1521.0850798975582,1
28.77886521944476,44.781744523511634,12.749214954021319,1748.0695943515555,1
38.083694727025076,85.99820136802154,3.7541270926770824,1678.324069489941,1
9.007405716251613,82.25193310357287,13.014013729308179,1488.6563079502896,1
49.786794176558416,39.38147891491725,1.0,1979.2,1
44.21604527992638,52.71831936232784,10.228785997242445,1839.7433993512764,1
36.056833537672674,97.57723265902074,8.806977249799594,1739.5768063961486,1
27.941092324498264,45.79003481068325,9.121458006710963,1774.86929437136,1
22.860483192593552,10.034779544543461,1.0,1670.1012248851182,1
17.639873144823877,36.080790444512516,3.9031189732068743,1507.8753579487548,1
7.569954475374676,69.14132512272516,8.836184699572678,1600.4537681163897,1
39.48751124061789,55.96944677667337,6.964684029949536,1811.1196450170703,1
34.02769585819357,18.81583211691461,3.0640612111656793,1774.0296514207087,1
43.18151274291941,54.4386643833249,1.0,1979.2,1
53.42177487765282,29.298433901166167,19.7,1926.6338231967145,1
16.92716809450116,30.062714932360183,13.72142086865,1525.74406777373,1
14.379361840843991,58.72184695476779,5.0507496447946,1485.8333389135278,1
16.203061244452847,24.659901517545727,12.823029020216621,1262.1102438793646,1
26.105916229274673,27.23078284846088,3.31595725092009,1833.6401479626102,1
27.969516840760893,66.15620481853483,10.172193340041714,1691.5796002640384,1
22.46608812928567,10.927002857533935,5.527661698317346,1874.5206134271023,1
4.2,72.6541167487452,13.345205969862299,1449.68700838211,1
25.990156639797984,11.424492067438194,5.04024551814,1804.1212104731667,1
19.475584443760706,38.60436489718728,1.9886726745707914,1518.2009360334278,1
12.261923351602412,10.288816780295043,7.323220182798463,1796.0955169671813,1
30.098653973108256,64.34884351579345,13.643109211358505,1914.0522673806854,1
7.9763748125720575,81.89046067139088,8.45988313212391,1661.018273948803,1
38.2774949015755,65.79139771274674,16.134025586548894,1617.031000693606,1
30.699265312353784,63.03313658821688,9.092836146676301,1698.233268559138,1
30.597522430059634,94.0665467649036,10.344081385067419,1644.9079086782415,1
7.788143145684403,64.68006563461282,1.7836402166549696,1600.0374256057178,1
47.25911317437795,85.50406899047663,4.411342412645686,1979.2,1
31.107217098991995,20.32555083927728,8.167813962460606,1692.0020421811446,1
26.343789125138613,35.81622182816458,1.0,1577.7109889749468,1
7.312202648676758,52.244404679435036,12.412985496098619,1664.6311604823509,1
7.492369989544313,12.62296934398232,10.255837287739292,1240.1643210920013,1
29.206925963959623,79.52705986181573,13.565243074011708,1891.1413064860822,1
28.215194546417937,42.618722482481786,19.7,1840.1451616137028,1
13.032201239754372,73.22774345161024,19.7,1979.2,1
13.060816581098749,43.450587260446426,11.46586365286445,1390.9269047330151,1
27.336578858055937,45.00348370120298,15.6552003870339,1859.3882024040777,1
18.196319114535214,81.13212043064533,12.515455947173113,1748.8911119911725,1
23.140485266549636,49.32566393020713,8.961211454367575,1713.439579444396,1
30.87590462552773,28.92926248168451,14.012066609262554,1429.361951397179,1
34.56337901829746,35.997064394363086,13.779830795356867,1729.3340758098645,1
23.50299721057907,67.62443062359984,9.464328520824921,1496.984021635814,1
55.43163053460034,68.77433335287076,6.107954196445341,1909.0331049549757,1
19.514128273081283,69.86745308084473,19.7,1147.6720349089005,1
34.15850469976109,33.60918399234382,14.15990380772835,1624.261463876225,1
14.258768899971367,54.62634862770608,12.921269286792011,1409.1589319623192,1
30.04860176429436,17.04280595506065,3.4777773002589703,1859.8604902116406,1
30.09880119914647,66.17535278995473,4.824779156921585,1407.2867893432763,1
13.961595683068447,42.63486261975267,1.6395914445796205,1839.7534559143312,1
34.88562975547641,46.05621214045645,18.335131779665666,1455.5033612079449,1
54.17768604605357,60.65998907656521,14.076996489173716,1777.9280246267417,1
40.04148729417325,94.12609233376925,13.217279836947158,1975.4348633917903,1
21.942229864588565,30.51019196495224,9.179770066968219,1657.5117112137634,1
16.40848888495201,55.14353362842398,8.711590664869911,1513.318105505665,1
4.2,59.48508679370292,9.958958026156775,1445.247515039057,1
21.513201840712696,37.934772866177475,13.182433008707978,1432.5077451309542,1
19.75204513759415,24.394872664658994,1.0,1521.4049443700867,1
14.767462680585638,52.61766967598103,6.718438937689687,1947.5768006026124,1
19.67307632888645,89.375638567565,9.874615944812916,1950.0456804439273,1
21.99623568496303,65.7320541166464,12.210094631534956,1746.7356628831756,1
10.071071394402509,22.175006546416668,1.0,1317.4969273968654,1
20.827360458402154,68.74726356469549,6.194839901744655,1521.825289383393,1
25.13748286115608,77.80256380326253,12.600680247562966,1765.3664888788649,1
7.504298878545082,20.720218853912566,7.949769454069008,1319.3060955456085,1
4.2,73.29691255190343,11.363383594869912,1361.777455248654,1
18.139363461539453,48.92976800346628,12.759474886646398,1616.790581139361,1
14.09826952388503,17.869377290958706,1.0,1545.7087440745395,1
20.66593047920908,5.3,1.0,1219.8733292466627,1
16.32358569281318,69.61466326217999,17.54033098657186,1683.5925235555721,1
24.444872019050752,40.30876351456572,9.959573738227151,1599.0651204391254,1
31.252796666944946,5.8256111015906455,3.3184147093016296,1597.5710417380824,1
4.2,84.39280675113677,1.0,1584.2537038799792,1
26.368779308685845,66.4134336841425,6.435138142794368,1733.4534157841224,1
40.92597933005665,5.3,13.076586465495325,1484.9623973367245,1
15.683609621362988,51.49437116727374,17.18163700432786,1423.761959412982,1
17.79706436968115,58.27777204709527,6.1236454953262855,1974.0892814184874,1
42.18850006791583,43.578177651221196,17.901892044576996,1681.858405053449,1
29.042424870605643,48.33046851805552,2.8323672328053515,1773.80042435239,1
21.413679275123826,40.77215200176623,7.353794830306514,1444.9624099504774,1
31.9084586601146,60.965760057330215,7.321867035449106,1927.467868727427,1
20.198617211658778,84.06686064256108,1.0,1814.2906910364763,1
47.843718702805056,26.01783609922465,7.859597101096461,1793.563681063957,1
29.364022886603703,40.04935088227896,15.69672849517598,1764.7558924418292,1
38.00188923022394,41.93519721979085,11.135289687595547,1760.145392456378,1
21.53944930982728,32.25811951946146,12.429335729373284,1638.859841821526,1
58.129682765896945,73.57809080860861,7.7761701284927245,1778.7045470978665,1
15.365294429417075,5.3,7.703856251499104,1343.3453114702422,1
4.2,85.17226267071229,12.104798886228188,1602.350591432512,1
22.79688015933652,5.3,1.0,1713.246224868497,1
33.434435343424674,5.3,5.999893260654657,1723.6096736045577,1
46.835655122807836,38.68466108074276,8.826858629044194,1729.6169346707384,1
42.97883727466477,57.43070863751975,2.3930950892211413,1693.519347209393,1
15.484796043513072,31.803661694557313,6.966324048259833,1325.294524981282,1
33.150150630728604,48.737936251048055,5.4970106469808115,1402.4587754205993,1
18.935883917693474,40.22017911113806,7.268097468751261,1979.2,1
24.046999618356388,35.0922026599191,2.026932954451169,1437.9648534590206,1
39.03816275124055,32.813040870303766,1.0,1726.6571764835746,1
16.959015961430115,44.19530160327286,18.45946490795999,1853.0294779522096,1
34.96883121872246,45.047544923621544,10.656740235758823,1549.6033124955516,1
12.815988035349138,43.14916795143084,16.19401236502745,1652.174187104226,1
29.91956533516662,55.58631485626955,4.187873434848291,1392.83640434816,1
36.86463458568208,45.070637289848705,7.187167115825449,1943.9090222738316,1
38.16324646571496,72.81496335428872,8.913273745008501,1652.3215537325004,1
18.6222165724792,41.84625604624767,17.716406968812365,1807.063827701536,1
10.821291730252133,65.67179891540718,6.428713672401052,1701.512716608045,1
15.24662641705394,17.939494644578236,19.7,1648.660453375132,1
28.52415216025153,5.3,1.0,1594.5222453167246,1
4.2,38.6174691067057,10.501603612077828,1556.3749316614872,1
18.882966396952753,56.83862565181194,10.787442089545907,1589.021098102848,1
21.554556902422565,5.3,9.748844592810032,1662.770977624575,1
27.756414926612862,31.79578091029377,11.89613226094918,1707.9659643445732,1
28.24301777272356,53.63268408067504,11.648438367059821,1979.2,1
39.92248112819164,21.268362391707345,1.0,1869.0314606526517,1
4.2,25.831841606319195,1.0,1388.0130451875561,1
34.52962730132269,60.75919398242529,4.552542637935628,1815.2928615485996,1
9.02825020752432,53.69552221364845,1.0,1505.9028633399319,1
12.864816669474138,51.66578243113263,9.678386428242863,1632.3382072166896,1
24.477542462823138,47.537478545113395,1.0,1583.104854870626,1
16.760340241480648,50.12664825918582,9.432664711132402,1747.2366904154837,1
5.696798949765572,63.04258444573265,11.878855660520165,1741.6245828522065,1
29.120333917537906,5.3,12.329665448397662,1536.3999950714572,1
9.23807379801059,84.6770945677984,1.0,1904.5743199908102,1
8.294827810030846,59.722298073692855,17.05423411038968,1564.5406574493404,1
27.938257880659513,20.055449466902154,19.7,1750.7773643841876,1
4.2,61.146726259415864,1.8644185655833176,1146.3571803644859,1
4.5255625599696,56.00252071268111,18.13122606848658,1538.4007366426877,1
29.094953948993243,53.59865466643482,11.165396005659836,1811.2518668343873,1
23.24696436942938,73.92131326907615,1.4817699299776166,1631.4269311932642,1
22.761165776801594,53.51912858315641,2.8947186875002853,1657.5941754424864,1
34.11755262087671,18.82106422087537,9.703864993843405,1809.7150895429477,1
20.276866821302885,69.76027751944225,6.2604983383887625,1372.559827110516,1
31.150468381572864,42.891098475428734,11.24216342720589,1817.5051273341023,1
20.28914760183116,56.95391670889164,10.385339001712522,1445.4083212789346,1
24.4440532677337,39.59597845427166,19.7,1751.405885295484,1
16.84063146927931,38.91831745525762,10.756349984942373,1979.2,1
45.53191848810448,58.30480190995749,6.148034062745064,1611.8604080581629,1
15.843259238812225,36.48295584853828,10.442307039249656,1468.2846459213551,1
40.77645736521062,14.617605429952008,5.480151297462681,1322.940404963405,1
10.273718762867196,63.04327147374724,7.245881935981207,1805.3231545920269,1
51.30688758370994,99.6,10.404625085145511,1742.2427448305752,1
11.65126339391285,10.154945888051245,4.832351276851544,1744.7184744673555,1
43.498660423249675,85.02167821175513,1.88488749187443,1744.0050838229065,1
26.467243845382306,34.241378345920616,17.0239956872927,1434.0858946764317,1
4.2,68.71856646727795,9.532623877152465,1600.8785753379059,1
13.838119598437968,50.27276946187179,17.51860187104026,1384.6638505427031,1
32.735329335276404,30.338596222916046,5.5286013701482295,1622.8629877986798,1
33.43195991423238,68.18398640554032,3.9617318815495315,1751.1481644717232,1
37.09940169601762,60.445733189112225,10.866650981022321,1658.9359846563054,1
4.2,45.965847131913186,1.0783712803977359,1470.3200840837924,1
4.2,63.49094701669587,19.7,1599.2287951339176,1
18.61360392838181,5.3,1.848226414749389,1702.6265253410586,1
15.833178336386858,77.1322927854097,19.206568796835647,1650.4220667779805,1
4.2,73.04150375905581,3.4561549320877356,1800.9497220408618,1
23.286918177221516,63.659338754767724,15.208556548254101,1579.9488666649247,1
43.00314923237583,5.3,14.614182176662435,1979.2,1
48.88000876046385,97.20273909251483,1.0,1979.2,1
35.03746035289392,71.73865991481789,4.827313645025478,1467.296611733008,1
4.2,32.202083125065954,19.7,1489.5726964051928,1
8.491520898935544,34.52212195627217,13.534427663318766,1730.3405840956948,1
33.41783609154975,30.648891049896033,15.821604018082553,1660.8442631059083,1
27.01634222786377,68.41978782433863,11.696763768710264,1324.14220105479,1
23.557547848411485,41.798250988677836,5.504940323577674,1590.336697804392,1
28.124352480880567,27.274947382222635,17.600361428853226,1543.5707897348182,1
6.118630493280582,59.21515259049734,13.615206069886918,1568.3387391819726,1
33.7657988695879,41.78469794245929,1.0,1586.1039006989895,1
21.814484348688175,33.632295858205175,5.007801101669573,1554.9692436929638,1
46.87096395020525,48.30635582450296,10.431592070300994,1522.753095988105,1
21.682747870758014,72.6500593218443,1.0,1322.5587720206183,1
40.57475020272092,56.87191026001591,8.113309554402743,1979.2,1
4.892053516671197,41.51074670589092,1.0,1546.4999712453155,1
18.886074048283263,40.265266020687086,19.7,1728.5204683999239,1
38.45072285461055,89.62634945514561,12.787055362766727,1813.695046548571,1
24.61391501839612,77.0650421342986,14.841182285452476,1729.5042777747478,1
9.772087301300182,34.306820876765514,5.244198354990813,1419.540334064332,1
4.2,46.34931449555178,12.809649506002861,1622.9350118679015,1
11.46412333444505,13.209496526248877,1.0,1558.8782224077165,1
5.15312893065974,80.69376095370147,2.0512981163301003,1508.3741334957388,1
18.611964272451477,40.35880093743742,17.140221586540278,1367.241332335532,1
23.39393779629755,64.62801994771286,1.0,1350.2635681194133,1
46.2947556044373,25.96539620001264,5.764020574566625,1614.1946829908395,1
14.091901466169057,50.22514841806731,16.302126743230676,1660.468153708032,1
24.792079799638497,49.76292810362303,19.226934488927878,1532.4531509030815,1
10.156345216072996,22.8652581702607,11.788318485851047,1644.268964336999,1
39.55434167017232,91.56251497934045,11.566171316397188,1979.2,1
21.085290391115073,27.158098823780687,15.841595274216555,1247.8433264835317,1
8.950609840053612,67.23576079915695,7.577385089063929,1703.5029533823824,1
7.75248472588234,32.5546002906208,9.02278604649931,1446.0767308284649,1
18.347086022238848,26.703410092001217,19.7,1979.2,1
21.726000074599426,42.49350799660009,17.46404985637275,1600.4021866236656,1
4.2,80.78893829149362,12.694588430734777,1389.3599864166124,1
14.423605117085394,25.162219348555787,2.2703968159389323,1886.4460563707846,1
42.425577615972436,13.580201613009145,6.616637578318226,1410.5082409455504,1
20.387681307386295,56.30491535278542,15.934877274850987,1833.4001385765957,1
11.557030994665753,54.133987892866955,12.84501793561818,1592.9592645952011,1
4.2,20.38497973617972,14.369080296870234,1511.8530454496386,1
19.23113644136726,77.44364616818865,9.444586898812146,1652.5334139692498,1
7.031337890856598,42.28356242499242,1.0,1517.3250976924746,1
31.185880760503096,30.57383953208214,6.904353735075971,1452.890157228527,1
15.247218932070695,38.940391702778314,5.6989706167248,1358.4724883460542,1
23.637483410611036,5.3,5.537652627959748,1299.3409082536127,1
36.59310525149743,21.18749900462058,9.635772504201293,1480.5566427138162,1
23.113807576083406,32.33104213524511,1.0,1351.9147878108201,1
13.786027205611918,21.06984129665495,1.0,1470.572614496397,1
30.601093688912936,41.641182026467945,1.0,1480.2034695496834,1
59.883874950986105,76.80774536367129,3.8478374003538134,1864.11784459937,1
34.06183108860672,50.61434836015247,1.0,1584.2721949889024,1
20.27355270911762,54.15433617036649,6.180332820975225,1761.54526624944,1
26.24994926131378,5.3,1.0,1372.5234096889214,1
41.87095022102045,72.97123725701033,7.415331416448032,1741.7642995540964,1
32.104394620003546,64.32388807992619,14.428332004670978,1907.9587473428248,1
12.981234666927143,58.35762628404552,7.9652725281082555,1833.8800074647868,1
38.48540260675729,58.12223817867078,10.627313915120165,1979.2,1
5.8355214604788515,74.07006010337048,13.008446457593065,1397.597138271973,1
46.271202321081674,40.35251467465107,12.059927794195206,1476.3073027863313,1
13.490087862295555,12.103794332253543,8.34707995002865,1913.886771846089,1
18.225781588666816,99.6,5.196316199090096,1824.9864986662312,1
39.59614816494122,42.28851243212471,17.700680382445945,1876.529427483792,1
34.07567545852506,11.945179168735514,11.042638508401872,1671.9629010457545,1
31.961818397189894,63.03140344692794,1.2274506413228146,1537.5255755541664,1
10.331708681964829,41.0651722249801,19.7,1599.5544618294668,1
36.39383216525493,53.34003467752758,2.7915039631368224,1701.4939174719482,1
10.424003468113971,17.399029840674622,4.584619341643329,1587.045845092848,1
29.34355839868431,23.044105478098892,19.7,1788.1147955311515,1
14.267721427943197,23.790893745864878,13.069032602399119,1473.9597900493375,1
4.2,93.5774262381116,5.2655476682223386,1656.5607677490636,1
45.13884279058209,9.3231585900687,1.0,1795.128895893341,1
9.430112077081386,90.04299048874199,14.858381635339144,1757.6649262025155,1
31.598999649293496,73.8598224215246,19.5965355627492,1979.2,1
32.0249523646268,60.0861275934884,15.762104843796484,1838.698117140611,1
21.88410146056106,43.12429429419595,14.268624147945342,1563.7826771890186,1
38.58892204542198,15.657498287172878,3.214137224098627,1900.4395058467248,1
29.72440784160246,53.098200273614566,19.7,1641.036766628004,1
21.30469908566035,73.80930272905066,16.891741311378155,1853.8931258626872,1
36.082365529523024,45.16040605847122,1.0,1555.0240859770242,1
30.432689382213262,52.3181715563686,10.474190475485196,1884.9652351836755,1
29.71112650027209,77.09328112818531,16.28541274977431,1847.4266909889145,1
23.343837927773624,53.272552935155275,16.112664295363473,1590.9529227545245,1
20.835517871498816,68.51746037108302,1.2379783613314537,1590.962480365918,1
32.54868310031407,39.520979535535304,18.01440668455468,1570.0918505843965,1
22.18971758582694,63.92625352961412,3.5343527363335854,1268.0943301556297,1
32.995276203174576,29.506787114621563,1.0,1810.9871733158411,1
15.774639677498346,49.24633244703167,19.7,1584.1904881578355,1
27.545050048671612,57.007787721012555,19.121903180183494,1689.5020304882753,1
34.0311478654305,36.304298537720136,19.7,1673.562907235968,1
17.581551061509508,49.787377520944155,19.7,1478.0126754287583,1
4.2,33.53541312288469,9.569898115705534,1316.2341373255522,1
18.414074221975653,16.243364299035832,10.499726575861118,1553.8567618948268,1
17.094074777259102,36.96075815129838,17.341989107757858,1757.4796953433518,1
39.004038160298784,79.37368735227534,1.0,1636.8070243317286,1
26.649703214103322,84.67413022134525,12.944174853191189,1716.7212049214456,1
21.627964265612043,60.486825554813066,8.293604681714744,1380.7706485911515,1
36.74777251722177,47.132450449920114,8.566539002542296,1763.6385806780272,1
33.6829186363755,69.51371411586108,1.7213503732312443,1603.069895310706,1
42.455508294494884,54.839943607756084,15.589033437552985,1708.3072560556448,1
40.32924645411528,59.43589463051286,6.989989330152229,1498.328862032532,1
4.2,57.88048570439579,13.152204780639718,1363.66082198529,1
29.55669870806839,59.51498234308341,10.36114213498351,1569.238991360401,1
22.575993701526755,46.636239196055804,14.489462482115735,1979.2,1
9.504697329809778,5.3,6.8682014519646915,1304.6939237070653,1
18.06221192814705,57.98613165566138,19.7,1738.1077355848213,1
12.817016094383208,39.97077229706148,4.1276448552108045,1604.897345769429,1
30.950656473416426,66.67596545562998,19.536970785756495,1713.51229861413,1
28.272664252322112,53.10826499685483,1.0,1436.2705879423038,1
4.2,62.91695686638859,19.7,1491.6928232705602,1
8.910765663788139,44.2250541262425,11.59846404473808,1396.3944059509847,1
22.90800978576652,23.102235423574477,5.117663688143128,1401.2935475713866,1
24.399951146958692,39.916806868512275,9.832043207838048,1587.00457203027,1
7.4390591211642025,34.081870146882494,7.851303137657656,1469.0296523910522,1
19.881303796260518,31.724196963908952,5.041618076191712,1573.4873378537302,1
18.101727878594353,30.64647379931472,13.413654860551139,1637.3909745751237,1
45.68151822408491,54.294583200240055,3.112638937678539,1498.8179367313276,1
16.534015520694336,27.712756446150024,4.946168728394048,1619.6707068875676,1
14.999407997663285,12.124536312885851,18.513238277664705,1440.1311393864296,1
43.855954092137026,59.87552123232884,1.0,1749.4421864051105,1
15.335507767481277,45.47815032648643,5.277076512027849,1553.045460289418,1
27.384034316573295,5.3,1.0,1172.9165481591376,1
8.602818110785032,43.62649922643917,11.164678519166584,1452.3903196421988,1
16.29185561866313,80.61318314826781,15.617245825341154,1535.9121306090246,1
20.722781413311683,55.58734546658668,13.932042998429424,1414.1952563143855,1
18.224753797248564,80.02488158745689,17.249637996810172,1292.7720891815707,1
27.950277326890784,46.4182929851044,8.50753213237297,1729.345525453528,1
18.17197510394838,62.577272430977544,10.182874121881937,1592.3706656694533,1
30.024725399479664,49.12771949401762,8.469528630944613,1583.4593690982686,1
7.1305798327373875,55.27298178356661,10.684135139729072,1582.596740228488,1
5.87725625509254,29.37850859966113,5.771012979880462,1375.289232306492,1
19.99475978203547,32.55586766776912,8.576893953743287,1693.9095212567156,1
4.2,61.8468906616629,9.340084656899405,1731.3719549446669,1
24.905219412405827,35.85078745542935,14.628284755018655,1547.805715080354,1
8.552162538995377,17.61461563717315,7.641297018208647,1425.5267997621618,1
12.80128889472756,53.918992998205965,6.906458328724163,1443.165678853782,1
16.805636659693914,82.8336258892945,19.7,1935.5704364069643,1
17.08799677160502,89.8440753099302,4.079445387273682,1398.5895285970596,1
25.347038469321753,66.24007877700133,9.929492084579993,1684.2039928807683,1
4.2,99.6,7.562191309818477,1415.3841319753035,1
26.390883414885312,29.87070125665735,10.691644568692187,1614.0810183773813,1
46.1564862748743,5.3,4.883718656747976,1687.5900364512854,1
32.55739295526109,35.30692534855264,6.2683045808392315,1607.984322686783,1
30.252203813956555,9.63885512371261,1.0,1780.4475514268272,1
37.81128048240578,54.05626670085554,6.163603561331445,1584.828730449703,1
28.074144489659325,76.89435404147537,12.365217416622622,1595.4992295922852,1
30.145959778872722,63.130141697994134,19.624408767558,1716.0576950809127,1
8.96268602070803,24.67072979152543,10.997924794008382,1668.6998387710798,1
46.51396694478953,63.15374037384386,18.642810564246062,1753.639086041867,1
11.677331205062947,54.66760804938311,17.92838461648591,1465.774495226667,1
13.906677775985267,47.92212498018249,9.725984426885226,1468.3564528043453,1
12.844097413749546,97.04018358496734,5.146081233046733,1658.1076372287862,1
23.024314283051538,83.25273540654001,15.968796804551383,1934.6510511076872,1
15.599594750311418,74.38547594880785,11.073111604607517,1629.2411674562927,1
16.11503095338724,13.802719621330901,1.0,1491.028103536526,1
48.377950491804725,30.796827920510214,6.542069064735741,1662.0003346799015,1
21.61365367275163,53.7377696589876,13.30199120034539,1908.0250361598064,1
14.564035094182035,65.96717419141714,14.811885522509652,1213.1723952027194,1
28.941213611814675,32.26045278595393,11.303289175187757,1688.017899970941,1
47.862301574823285,45.87549658034449,13.737545461213948,1757.9253763082106,1
31.33181513810502,8.700306237410508,5.636528503438332,1229.6197917564675,1
5.617896173778714,64.82600194048963,5.852001408204146,1381.7695421225526,1
4.2,47.873296615015484,16.601909039328103,1563.6855352894165,1
26.796957509111067,43.17046818675003,14.921184869574132,1866.9479831294677,1
22.0615124523448,7.815367134999207,1.0,1078.6390994934168,1
4.945666247137268,61.11540395108608,5.004065309682449,1458.2057484762906,1
4.96926451270221,60.64851817330269,13.382181708442836,1979.2,1
28.486808617526314,36.87765671932298,1.0,1447.6282056587936,1
29.24933810487807,5.3,3.848843836714595,1655.5677038865124,1
39.64990860713231,13.470230564422906,1.0,1751.08158400676,1
26.786421323738363,78.60216318196167,19.7,1611.791606635426,1
53.55242984583977,47.48740651048441,4.762930230193997,1692.88661708007,1
4.382186210910184,47.68751875558178,11.575465123690796,1595.6641224877117,1
5.473845109379571,69.95023251695227,15.013100808039187,1602.5626125546628,1
7.609281325579007,57.90117806511166,9.847159497229496,1610.720608562239,1
12.051329481960412,41.436524360372836,7.019527814767057,1513.0719792524626,1
33.780889061252054,78.844760840512,6.433598968929135,1662.3197055746703,1
9.256809990607495,86.07895135859121,1.0,1647.9775175216246,1
28.737572782240555,63.28258399965453,8.613920633785476,1935.4649874633938,1
8.636961983166263,51.563694595164876,12.511900888540907,1933.978317221331,1
34.536434710025745,73.6921835097627,10.688965047195996,1757.975806102306,1
37.303591032286974,34.12991423676378,16.024567978608374,1526.137603828471,1
13.609693875407197,41.92022548198018,17.91510285075037,1434.375004717201,1
22.548752963786473,67.06326132449531,1.0,1498.0751679763891,1
9.818955514100304,7.941420374803094,6.050725689817283,1422.8697741999563,1
49.64572036120843,62.154873968444775,11.930392238017795,1859.671743311956,1
32.53775590194924,17.82264256784455,16.505065466330446,1394.8408107491614,1
34.03905589807602,49.723446091978104,19.153216032390773,1515.105574357167,1
4.2,38.83181663666298,18.746379257517795,1548.8969852566981,1
36.75269218182152,77.18019546313458,8.683402359826822,1979.2,1
33.55688065130074,73.15072115235358,8.611623554518063,1588.0401246891806,1
10.816519211977717,24.363530201610125,10.188737443142335,1618.0832946008604,1
26.852074213867112,59.25967365849692,6.020732235474366,1536.063334757194,1
28.29714042549766,52.31778825984589,4.363935239236303,1644.7488273412791,1
33.134106266569475,21.318157135379135,19.7,1611.577347971258,1
27.77132096256043,27.83525612672246,9.958765610950847,1915.1274448728336,1
17.45900138419774,41.4697839761547,15.42239669189225,1388.7376574897366,1
14.60551131536694,31.286875205475116,16.917132585471574,1548.221524352814,1
4.2,33.88892784254499,5.82897130920349,1081.8380259345313,1
27.234533584275955,75.11191367456769,15.012089490124305,1633.670640212307,1
11.412439905261374,26.41017221489998,9.42984886844843,1298.911253569208,1
43.53511272437904,39.86326533372131,1.0,1436.9909700220032,1
15.892568734688428,67.668455672808,7.155093480301598,1522.8134148294455,1
16.539515864901176,21.07239881984812,16.03518146803042,1795.2018256760134,1
17.34279390215967,32.98116969218985,19.7,1740.9292342786348,1
4.2,51.44132361828487,16.31555958785129,1399.393456684381,1
11.190013929175018,53.544589767900504,12.739197223780803,1269.0973791323272,1
10.00334397338935,72.3915203735632,6.293719443822422,1878.634766727779,1
17.329332944187357,5.3,16.819111333836606,1605.1153280575802,1
21.741291025463667,13.667318252208787,16.396640482554893,1307.8552879599165,1
6.948861572214483,38.89868602605677,2.9049134155621728,1263.803581088956,1
21.36666677066592,76.5001323294025,15.187079297448378,1627.8772168809653,1
29.937721118358706,87.24458145101354,19.3645181847078,1979.2,1
24.830604050604457,63.89480244594252,17.29273882882853,1504.5653138682426,1
4.2,71.46604704058606,5.332270774130916,1436.2435090158283,1
35.63844578448953,11.267414844324371,4.559405984002758,1801.8756479045828,1
17.585666881985752,39.11345512333342,1.4136807973190546,1408.2294127335026,1
29.237828953898457,65.64521244628861,19.7,1600.3481856222963,1
31.736329227935013,8.685505957766118,1.0,1352.0872797260402,1
5.5845656470404315,50.09659084986036,1.0,1641.8527375791825,1
29.212163078866027,43.12552363933876,18.661457701447333,1724.3671103444283,1
25.168843993949732,58.16323745527819,11.985556350099845,1979.2,1
26.239665528070034,36.85090871544135,5.888277669064384,1403.9544332728412,1
25.25880137795599,74.45626337142049,9.352416013026845,1688.66964487288,1
13.675978882343081,46.00406573309739,11.843174545339807,1435.0611553579322,1
44.16013112614227,19.723611184988453,16.691731695254784,1814.3999430511128,1
27.900366209770546,88.69796145963295,12.9840961909066,1456.4675070304816,1
4.2,91.55321502747411,8.784704150265265,1548.86852509353,1
39.99862101032414,73.689782382001,1.0,1767.9020477063023,1
38.84610111792724,70.3869770289436,17.41324432546581,1429.2088032413171,1
47.05285998215297,50.18187857845164,1.5713016963784856,1686.414329793658,1
35.78469877092521,74.61770239841259,12.310651418283836,1718.8982806957697,1
25.50439599228272,80.35529838779027,6.115673310110768,1578.2363143356877,1
36.30971323404949,31.119243227710964,5.003595574758709,1881.0602606905256,1
25.134380954116704,46.148329449236186,11.190894274469812,1702.3935407749996,1
37.571225185560095,17.686782996420295,16.247102565766063,1589.3265883152378,1
16.76740203388102,13.2320088315225,6.857492144375488,1421.4234313501545,1
12.853791553980326,65.3177793902543,5.740091027338048,1521.6353209908546,1
41.57516292919652,28.56599641808282,1.0609736728880161,1726.7546545656137,1
13.973386555826476,38.47743883300658,7.26137300974367,1215.0722482045783,1
4.2,33.96030455506913,11.419338027393739,1637.4863055919059,1
36.702986656200835,80.3262653159178,10.823072450387945,1907.693915107623,1
32.22933236022698,50.16939199507539,9.910853301090235,1479.4885655349494,1
6.135507001286518,52.77840088590442,19.7,1979.2,1
18.796278277252473,77.41550364062618,18.00010255215033,1805.923155885357,1
24.764520337361862,18.926658634780384,19.7,1915.6554137274152,1
10.419736544531474,76.71059360537625,6.997180785489922,1698.1881788019487,1
27.14271182509484,78.98860335377023,2.225590291179313,1715.7679476826165,1
4.2,99.6,11.32346103649678,1511.927359908172,1
11.497375832906348,56.77146656574501,19.7,1674.6039625053631,1
20.08060939456245,35.862726599675625,8.607283132137455,1209.2121706220744,1
8.8310249854569,48.49928009749856,19.7,1614.7925842885668,1
31.608063459868493,41.98565930107972,3.9555249116950595,1544.1587891917015,1
36.97595693052131,26.238265076572503,4.882291271429074,1791.6043669842381,1
22.309880031632485,5.3,4.884383817825355,1160.6719236243355,1
8.051372026704303,55.18676316593787,6.341215433759525,1400.4986544673986,1
29.89686867253672,39.15341341376037,15.789576136864294,1801.3023310192584,1
24.99235486588036,16.495162389282406,9.541379718875541,1619.5922911763264,1
16.737572030857308,34.746097746932314,8.332288690892705,1556.5636424855647,1
17.24593680742036,73.19124824583466,8.457478776689152,1840.4590794777632,1
29.38817133000036,50.95181867065325,6.688754498806677,1590.6897313250456,1
12.668350279902509,74.29226706580393,19.7,1683.5103865182455,1
13.845233079766981,67.70248767455524,11.698514537744682,1594.6355514765196,1
16.686792549981615,19.25551477391032,1.7943331845953505,1409.1373375701585,1
43.73652440695976,15.494463871263441,9.177207798933832,1979.2,1
32.94668758087303,64.56553907406834,5.486694566310681,1807.7152963536496,1
5.7388565347936975,60.90564759598259,10.087948362477752,1485.8596045374038,1
36.71975211771628,44.61655763453021,7.581119362013759,1464.6039877365088,1
39.41256690184569,33.00699853685798,17.16002282569912,1624.2452632201662,1
66.86977643634224,65.07818308580116,7.599388098613543,1853.75571898456,1
35.75521364728105,34.7167787501714,7.722500732313055,1649.3404740274436,1
4.2,69.23774509256872,3.4277026148179646,1383.0902481664539,1
4.2,77.51178760427071,17.36626173820517,1621.3898498507401,1
18.38172078979322,36.523466136721034,8.205353905533153,1624.078727838029,1
58.44882889658308,23.32388044027914,9.158882724708326,1714.3345514532293,1
21.533129602922973,35.674177447999774,5.635306913173317,1525.2028046878881,1
35.216998326142544,57.68913429825595,6.812989069479835,1524.4553202631066,1
26.27364905506832,5.3,8.890654688680495,1705.2406586492937,1
27.211802248036822,50.618646774030594,14.958638583169048,1587.59441919105,1
4.2,85.83070863530534,1.0,1500.1792732019512,1
8.434007250400745,99.6,1.1015223814528756,1882.6794007729122,1
11.417052123378742,80.85800686551867,14.650789878009373,1979.2,1
47.5874788352055,63.97645497945893,15.365539300032907,1713.1823496448164,1
10.4680511195178,39.72138369896373,8.533017161309086,1645.75215779228,1
24.845369835062343,41.51799517558453,19.7,1706.888213809983,1
17.3254899573283,5.3,15.913584136442108,1355.7413499917016,1
15.621827389906814,5.3,11.44180839486029,1314.348529317045,1
14.801002063059439,88.73374659517009,1.0,1639.618572019669,1
27.928553438569512,74.72061581625898,13.826086062199334,1658.0520328419632,1
6.7950188444065045,78.28604982852475,6.9498670737852715,1637.3233665715472,1
22.165932573851034,66.306755935538,13.90857819711939,1599.5810693799644,1
37.663463314779165,25.38261000121413,9.456962005999916,1786.4863254961197,1
28.009448450574244,47.90014412052301,14.619810286743283,1594.0884226885767,1
15.378835038644398,34.17532233503152,13.489794769115953,1446.2539574757388,1
9.137521109547524,46.11776771820796,13.458515882578586,1450.4765320694673,1
10.338831052696346,82.03695559647332,3.5331698040314645,1464.2880074701925,1
36.258816991654314,43.398027305379955,2.89369503960737,1658.6856281647322,1
34.65282929032641,54.63085990867219,2.9315291608893004,1714.622741696403,1
24.71964266899863,50.09575551637984,1.0,1642.1904320445578,1
4.532787949197957,24.03820726212875,13.252162541981477,1404.399324979669,1
21.515881167024354,14.925333998199235,2.5404234168937796,1671.060113485669,1
28.95064421585807,63.74648181006586,1.0,1741.520302608026,1
4.2,99.6,10.589256899990232,1666.6328643513154,1
30.024593499987247,78.09640529230975,19.7,1928.0351814254107,1
4.2,77.36723329942711,17.69052136105994,1702.2009946366832,1
43.40479135601317,44.25165891797701,11.144914195961963,1844.833964338092,1
11.458366817887264,60.88842657875437,19.7,1747.255868016171,1
49.07560499095703,91.58309231419841,12.758218072340563,1962.51869605414,1
15.857240018317722,78.76983000273938,13.045885414239375,1979.2,1
22.14948911550076,47.05159517961535,12.692884655054343,1634.1136761119494,1
40.59344666128322,59.47091986046823,1.0,1924.458298611692,1
28.16463837218795,53.025689845839395,1.0,1673.0363229660481,1
15.049896881758503,33.626969211150325,9.440855864869988,1725.2661786843596,1
7.811073258622528,72.9607023086709,4.475767506244999,1422.956545313349,1
31.516406696208335,20.08748520012726,10.998273488880963,1497.232143439657,1
4.2,29.00896016773777,15.84396427468584,1170.9461321589074,1
19.20192028972278,31.309771573072222,3.9154955926293145,1721.6994977339045,1
16.46552080486191,68.84118128691894,15.239585420860788,1508.1728440099125,1
20.99553650931088,65.9659948373914,11.786862490761013,1585.3731412128884,1
23.06970414409903,5.3,19.7,1656.9573515132688,1
4.2,16.028411398041484,17.35191229282934,1415.5759224571761,1
20.64116987961096,32.81743156809475,9.973301560529682,1534.4276847770536,1
49.2452173210489,99.6,13.70885893793179,1815.6438583863157,1
32.05015940773244,51.6304068194452,8.08843393486677,1587.2374968530257,1
6.0269307211136685,99.6,6.513176979200823,1590.928950224968,1
4.2,65.84823426454108,11.483092150274322,1488.7540498327328,1
55.66995968210364,94.82598287830479,1.0,1979.2,1
4.2,36.17858171696156,17.715985536926553,1524.2689331351814,1
16.995339367844274,66.92961929156837,2.3895821148786247,1684.7225430107085,1
34.532137680360236,60.32576119626141,18.465208078216918,1735.484551400063,1
26.011668816904763,71.09223156971493,12.600001262603477,1797.100883865248,1
8.675098479945197,65.16268177226874,7.918821511810052,1688.7262323637533,1
11.323515066982466,34.32407368528881,16.256588800772903,1694.6121296502163,1
32.71281179605403,53.197317666616485,11.949783999243966,1669.4266467510797,1
18.297192154912466,34.51308420385715,16.29581516676177,1470.1132126094008,1
16.53709671828912,65.91662686463363,10.336035922157588,1467.1497517675036,1
13.381645621826463,58.190281121468786,19.7,1666.8199240862189,1
12.727382517376258,51.420586795464224,10.821995222332742,1333.8564955063086,1
21.810920410399333,5.3,10.687233777907814,1399.0372786100618,1
4.2,88.37124739479718,18.275673135519362,1855.713555276253,1
39.73351914615829,35.057135337787976,11.875007411807776,1979.2,1
5.9600095291599295,66.72716088194576,19.7,1394.4506296209197,1
16.303285984370234,62.9809404211551,3.442226126657558,1463.6363837389322,1
20.63366625218664,40.90845605922688,15.06904817532537,1340.7824780710894,1
14.66960957875185,42.051186222939734,12.200644191235199,1276.256450305482,1
25.62840003383365,36.66148306667653,6.434416579094347,1376.2922590262342,1
29.698199464937684,27.3346450375429,16.002239080657823,1670.090504500406,1
37.35674475043478,51.167328601916765,1.0,1828.250250407377,1
36.88242523317394,58.63436470523631,8.119742684398295,1979.2,1
6.487129777437344,25.422441119153728,17.920642686347207,1416.3505416427251,1
25.0697693257256,22.50558534006032,19.7,1560.1216770465692,1
23.948471029022766,37.44854664998135,10.288263652783165,1840.947319802391,1
9.98272510539126,70.41808410087913,13.847056386185132,1403.3534179582014,1
4.2,26.074899181020193,12.318944264889947,1551.6802550124319,1
14.810155806077079,87.69904949605285,17.86516376329218,1443.2832742443998,1
38.90643393866368,99.6,10.613946034912015,1754.4589035330293,1
14.424747924123665,44.2699660156253,19.347599750959247,1791.3281729912069,1
9.200120496622562,5.3,3.738489019557484,1313.577964861117,1
5.19206522331978,79.28077798545418,1.3947718070910664,1549.9541780566349,1
24.525939766652915,5.3,1.2959072882902376,1920.5315478604073,1
41.28125943618279,31.7199672379112,1.0,1687.3196145783502,1
23.546786096866903,72.37638171711625,18.90281602861461,1744.1966146416653,1
33.504775037870246,67.43679632545437,12.216938605417115,1573.7527645328805,1
35.29822921750475,24.953740205579628,10.309072611844618,1979.2,1
8.784278121746265,19.842105621143986,13.914458792715742,1398.869024885311,1
32.19154450559228,90.69336109422565,7.132717200928221,1852.8006734088635,1
29.35575517665754,13.15003659707424,3.2727105610589,1467.5762660934088,1
44.89761244071583,68.96302855875601,16.981156496209984,1979.2,1
27.692499460792614,35.363213907833774,7.151054850813935,1605.3673740084039,1
4.2,38.89738347595313,8.89141673436088,1500.9999201006212,1
35.14585663148184,82.54470384675916,4.6119562363023245,1563.8747305303364,1
20.9942386395213,75.77753382838782,15.095735056050792,1908.8033379324474,1
32.334264087082076,70.81957689647655,1.6747636863736748,1562.5728285463606,1
30.962308552715793,44.10120409809835,10.426360040720178,1495.8908336878467,1
32.08429581853872,24.045532850430387,14.410732103242992,1774.3936956040366,1
48.253721782842305,70.11536200752292,7.326110631368658,1709.2178208901785,1
6.382986531801215,28.676867604638364,4.858680030769584,1592.4105786906105,1
23.3486651762422,7.2627157252986265,4.171186182629129,1750.9855704616532,1
30.490427592392116,91.47810457327842,19.7,1979.2,1
7.1561963592577165,36.109959357587634,11.584195008252722,1500.5120784878588,1
4.2,93.02923092478954,13.955195068203713,1456.5178841814231,1
32.60421025050944,50.10551289844919,5.804389522542475,1618.8731034885418,1
18.359098409302703,77.63258602524898,11.740423307506807,1479.2206212671142,1
5.997654180603725,34.47130370271969,5.225634270435785,1322.47200559816,1
13.788141350449655,64.30042189929729,12.673192607953428,1507.299155557716,1
25.7046324948839,36.420897857408875,11.958093615465184,1370.4539386790573,1
17.872106577380418,14.300915511848991,9.912119338914795,1555.9294075343405,1
24.240715213270946,74.64319179821331,17.964518523489513,1905.2287240948554,1
23.786850659279594,61.02193417927502,7.420591529080936,1350.2384386679048,1
4.2,10.166468879561322,14.810773216620582,1619.4370556889855,1
9.310801982553345,99.6,12.141534685977055,1846.3062817023913,1
24.691593445792204,30.683202071052477,12.860129540544033,1774.5582869723253,1
18.892439194948505,52.13921752477751,16.42419980577818,1690.282771710686,1
10.964989653457613,56.88313449056409,7.674417922431445,1419.502761505497,1
28.0521527590493,68.37988750392985,5.5039528984464345,1557.4283711509545,1
15.519558677047396,57.14372612129032,12.045349132610173,1587.1667006816597,1
38.64936799862324,57.207870186263555,3.6030877812663116,1878.2176298124286,1
49.76630624327625,26.30764532149884,9.5920160979256,1702.8295531233134,1
4.2,97.57382348815271,11.207078169595128,1480.1629470059172,1
37.133505805472616,5.37649706333827,3.42613684429723,1833.2126886095668,1
13.883356494744438,72.09596894238778,9.310742670005041,1629.5883366664214,1
35.22290609533398,36.34911548715462,9.33787105903227,1756.0585332685296,1
29.244143216025275,17.39932687696922,1.0,1979.2,1
25.571159275405083,49.73287883985194,19.7,1488.9679698999405,1
4.2,5.3,14.864475700055802,1414.5346352681413,1
50.06010207458769,29.33290854253654,4.686746764037804,1645.7547385967741,1
17.01222425485452,31.41420309982651,6.765226123734843,1181.7011371658111,1
26.430667719392524,51.69581928684313,16.586491523552404,1371.4636703203485,1
23.778934239213328,65.31850713967839,12.196998707077606,1682.3850360417198,1
4.2,61.1529791973941,19.7,1390.1938306429204,1
20.70829873524957,65.88657760537379,11.205853777950246,1417.9673715895979,1
50.72094299812636,50.90016671300108,1.0,1452.8519027829611,1
62.91324313429282,63.603923779034226,12.678484592669196,1687.8379708135876,1
23.639461481022284,48.006335139915755,19.7,1635.4161837280487,1
37.06602777625583,69.83574245111242,17.348837147555535,1520.3615919301035,1
4.2,99.57548477557839,18.73777920678326,1611.0006233606805,1
26.42506919848875,16.822485286377354,2.1443066769415946,1769.3249276002184,1
16.442843919125558,35.21686641968004,16.53235795160779,1703.1451552928293,1
34.39031103555375,51.190643886499345,5.356341078725519,1979.2,1
25.702258629789853,5.3,3.501795489573605,1581.023713097628,1
31.249102709411062,72.63228211824689,9.81159075432807,1690.185416494743,1
7.718523312559366,33.85072960091226,4.168797918579174,1452.763417385882,1
43.746572084164725,39.360490868949114,11.092747816108428,1804.0112350287413,1
28.20203759108412,32.278511308705276,14.02261968214354,1385.2935783252249,1
41.6372703815009,82.37741351621949,19.7,1578.2695399383465,1
29.308464703313394,73.2333244094818,1.0,1696.572123477933,1
7.291220213773794,5.3,19.7,1491.2096707214569,1
14.421629601160724,49.783281585685884,16.852499374396313,1808.9425388881177,1
4.2,73.39900424786771,14.23330611888745,1495.4623373490651,1
14.47127708439754,24.852278451901483,16.30028433960932,1687.9127352535984,1
37.96225256550742,26.399272525493895,4.9102595818418635,1504.034417426974,1
19.183588072238777,33.23404156458343,12.346719243375112,1597.624938272719,1
34.42464914961974,37.39137396639038,5.428588760602803,1979.2,1
24.207853682799986,65.4911468659433,2.609751872162552,1979.2,1
13.646471620747002,38.37137338437752,8.085064827177018,1497.5362760011985,1
17.57840526176426,55.540629771122944,1.0,1815.9816509909324,1
4.2,12.270931765401237,6.369639443116088,1321.7063116135791,1
27.125918783501362,17.693079179171285,9.741482071432495,1586.0389880150256,1
8.070182797861404,89.6843476784633,8.809979026534428,1574.8561038432272,1
16.153835750225205,54.59139469865316,19.7,1388.3578159294439,1
24.403469772126975,12.90788751651192,6.189614972284962,1323.2270184487097,1
4.2,57.37657376707308,4.185056568387328,1303.216281905637,1
7.218332517542944,70.41943219620106,1.0,1418.1483821136953,1
6.2563637481733725,25.61946105646332,7.545852060453898,1539.9840081853863,1
33.961191404914885,99.6,1.0,1915.76086265014,1
43.9936997546083,64.28958126204898,9.023103150313991,1675.5767101098988,1
21.180921650738245,7.332403263323357,15.00856128958148,1638.8981915432344,1
16.00110665543647,60.346849282142045,18.689870175071583,1455.1858516578143,1
32.69925770013925,46.1109280250473,3.1825042739655753,1585.5515284775252,1
18.548301957824116,35.1689078418198,6.206996434132652,1510.4825472609266,1
37.84738561564848,99.6,4.435307164558685,1851.8997894896745,1
15.79410309293689,22.35920871619035,15.903176703073468,1651.2496328976665,1
7.9498436086837625,38.24214060300825,17.760784072226713,1799.305513511056,1
12.05275445664855,75.0425665253549,19.7,1563.595006469097,1
5.120628441473521,60.24278015451029,19.7,1498.8245066440015,1
47.694713326840954,90.5699982034413,19.7,1708.7070682312337,1
14.607064340242932,47.61044472562839,10.1109398680219,1717.4872443151428,1
16.286909199661935,15.187190175851299,19.7,1790.5523905433927,1
27.122106584177846,46.49418727822153,5.917534654925501,1892.5962821720736,1
12.676406665330676,60.081156747341396,13.25053508592546,1520.1801830038341,1
36.78277034783527,21.55967507615155,1.4242193621907546,1234.7680431799781,1
23.284363522596877,73.30839582204985,10.3039629734557,1636.4713895248467,1
4.2,51.97442656307596,5.08346898384068,1643.9938339474252,1
26.687648610344986,83.04621674142678,15.025241255421637,1633.381222008857,1
33.544177495293404,24.273928964810526,9.594802592921319,1508.236070767139,1
14.07280737038117,65.14220374154395,11.492412681489052,1709.364872848136,1
7.5237494428674285,68.38994946401301,12.636218906991289,1667.142040208872,1
31.43244843550246,78.91681814355442,1.0,1712.7855460775015,1
14.276748879684188,59.58079323041847,1.0,1424.8561909497505,1
9.785591622574398,35.01727258472582,1.8084409881196404,1867.5447784173184,1
49.51283774523749,5.3,8.532757754795625,1713.887700795426,1
24.006805402945684,47.63799246448678,13.29274810801818,1772.849054081287,1
15.191151777708255,69.62982103209723,8.764538280756419,1966.585292020786,1
23.21534699427074,24.565087139087677,14.931925094951342,1419.7509539658577,1
14.87256307657438,27.23418659376536,10.247767665173239,1582.3876668687797,1
35.66075379638252,9.505431493265213,5.090417135885617,1654.9821282399155,1
29.094696224895458,54.20402850431983,12.022032923161937,1978.8118286126887,1
26.4151526907701,83.73981700309062,3.553912474407684,1946.3208584083832,1
46.8711609847622,62.846101323759115,9.686399319802318,1745.1983100203583,1
5.23060594074623,50.541638976254454,8.517257860884362,1651.064576003158,1
29.360156501461802,53.05733585062359,1.0,1758.8240287074198,1
41.390687241093254,35.94127849390682,13.481251092801815,1896.534145203309,1
11.947074059039284,5.3,9.612617340264801,1501.6201062640384,1
30.38895406197773,33.39610314347037,7.886510129525892,1540.5916476895964,1
20.416500245345908,67.20535328207187,12.872368893361246,1517.36656230592,1
30.418142722639843,68.05839792898139,7.358030936162778,1877.6795272900708,1
35.56182047777557,79.01925612419636,6.225702461486945,1885.226032489445,1
26.866157551716412,10.177482389811175,11.853999086608228,1441.5927620844936,1
58.4091782776992,9.582315828369559,3.1487701957141194,1600.5898935048485,1
19.96075450545879,27.306427958113893,2.489074339628032,1513.985890454382,1
14.743184939309693,33.287038497363255,19.7,1416.182172291076,1
10.344202737570948,38.00396728583712,18.37870953662775,1473.1642515366173,1
19.26355494701812,83.01765160535695,4.07429887237878,1486.3335885605459,1
4.2,53.17484963211807,8.064241219889634,1510.675593822314,1
20.267932219669216,55.03832787305405,1.0,1375.6319944258469,1
33.29441225122861,56.566227491060275,13.339312916342006,1553.4768832133414,1
25.00698193624567,36.022991023342996,13.263342734441114,1892.8793656903485,1
40.72562372459783,64.40722176590842,1.0,1752.85163633217,1
21.747247025244288,11.39654340455673,18.259012613458758,1253.8890734495803,1
19.8761296797652,5.3,1.1454962362389818,1664.4452319195918,1
24.503097279060007,99.6,1.0047191189629796,1610.7602963439076,1
4.452868702316508,17.32062216112372,19.7,1635.5318615995739,1
38.29149010930327,36.4435324253386,4.026874200470428,1581.6712325766089,1
37.29335085698563,50.78963716380212,19.7,1870.5094659839826,1
13.150592443087636,55.926521413498925,7.945812725482758,1633.102606015018,1
34.656177175545196,45.40279119944224,2.7325782733208097,1861.6693540027438,1
28.938320954644524,91.53119689131178,11.96496745254709,1855.0121009141562,1
9.12776475656938,19.556611668853787,10.356452415495042,1024.8599848030772,1
28.118257101310547,41.799263613431705,11.212854905540397,1876.0641271358868,1
4.2,40.72213751875468,7.31668758032405,1605.3189583326725,1
40.81042280435743,57.54124424747415,1.0,1798.452803698242,1
35.153068813012226,57.97916706215962,19.7,1975.192043671636,1
21.342034519484997,40.67326524184169,15.613747305192554,1458.3085363888845,1
23.317078102243418,25.506582227494157,13.23340812970505,1539.3135156580379,1
24.5117971811693,45.424258047678244,4.417106829230483,1714.3103841467557,1
27.336912127202154,80.7893436871802,12.892502465529972,1722.3343061445823,1
27.099919173585914,43.80110690131058,15.567696504365031,1461.9888005728226,1
5.572013003117274,63.19011103881758,17.51096808169821,1594.3767196773995,1
20.593890051804507,20.935531164492932,19.46162971655696,1737.522345593972,1
15.398017312039915,46.224890794231015,11.930975717425113,1597.106754469833,1
26.453262361798593,26.563908309960098,16.72059573820885,1422.6817270116312,1
16.65808092585054,5.7650267922144565,16.114861639020482,1028.4032295676304,1
15.331465837629818,54.434468438142545,19.7,1428.0231732787672,1
41.04315016685126,45.8255890675965,4.686528575371459,1880.4873795692197,1
13.377443260288798,45.40175884021603,8.732028121378953,1489.7654097515708,1
33.256715027387735,44.053571303935385,9.569382943177974,1454.038014947604,1
28.320533589910955,54.39088764456389,10.881456648781395,1826.50888237656,1
4.2,19.655522001792516,1.9990277026915102,1360.6307493276468,1
35.78172222107897,12.490710990363397,12.73564075223413,1979.2,1
23.0662449077658,39.18506766176928,11.09478257660459,1636.7363265116662,1
4.2,25.710791570078964,6.428780528787911,1354.4563679925957,1
28.577289639785008,58.794567473275436,9.891685714234079,1515.212395615531,1
4.2,53.49729718221288,17.239805868522716,1670.4790489433706,1
4.2,43.23762462771378,5.630237109073885,1477.220700285414,1
49.9719430095941,81.32784069283957,13.851895399704137,1684.1953413061829,1
18.783924169843203,61.557674245676324,15.559541636507147,1441.8535582077325,1
33.29862859080255,43.26866900611092,2.5943583949680855,1880.3021832987804,1
28.739178616092524,5.3,6.1968797301801395,1632.6009880951624,1
34.415966133591674,71.60688026025223,10.3932677076352,1904.0736804705925,1
21.22427845423764,66.81202720216314,9.186512608110645,1584.741812807291,1
7.569808747053822,38.315483850279456,11.882323528706038,1868.8800698295756,1
23.432640109614436,21.61353601182735,14.494145429503986,1259.6329475191903,1
5.222269397275923,5.3,13.998553162492279,1259.8874219977884,1
4.2,5.3,18.20486767691257,1366.5336433030245,1
18.59928092779376,99.6,2.5081296113426568,1652.3632304492673,1
20.92804753839335,53.17654248713372,1.0,1921.543749597583,1
19.291583993733713,14.326944152313743,6.295725050915198,1743.0028845086817,1
10.423426649766597,49.269473799127304,9.194932159093426,1572.224887621982,1
41.15571557220758,68.64130926365641,4.6238386174937105,1714.1512791612427,1
16.053200747884972,53.55448295604002,11.881982923054737,1490.9424358853464,1
21.615984015739365,30.594873784921262,15.287523706336927,1554.849503476748,1
4.2,41.64325694595634,19.7,1467.4278596892216,1
25.195640884282078,66.76414033858217,14.484724108683203,1561.8428157757417,1
41.98062200033951,57.858838885171075,1.4376962689461,1595.7847864232049,1
25.57082198514178,40.073524016396235,7.992847563638972,1345.56967909347,1
4.2,39.94641082773707,19.7,1320.906789212012,1
20.164590603626152,26.845456017573003,1.0,1279.703038383178,1
26.212809801784577,66.53599864644313,6.24899518448659,1965.0933986404505,1
7.550966317293904,80.2743995498824,4.7338491515665115,1766.7691084124297,1
33.33664122377226,66.51295823035841,14.014607290740923,1776.8531195727894,1
26.930145361796402,96.573333798726,7.564149150847816,1975.2015265551795,1
4.73055333292487,37.69473714464007,19.7,1666.625046407418,1
22.888736483804298,5.383336055577175,12.677714949639235,1159.116301140863,1
39.38191852886565,50.667588860457,5.743695749966444,1672.828056385256,1
28.83852344198367,49.6344583669638,6.9216583621142185,1515.1048482614037,1
20.01696643347866,65.77725787178146,17.329949980962247,1614.5035381674545,1
4.2,44.24040938667518,15.238204720099823,1633.211887023853,1
37.03042036328057,43.73244321322578,12.399591488244996,1867.0652394416584,1
16.22312924941332,30.24837341373058,1.0,1511.2076497487321,1
25.86841798992795,16.812700874251302,16.243182764475772,1774.8743957032527,1
33.05609845192644,77.54947379432967,19.512450961066065,1695.6588237706967,1
24.037031523087723,63.027868081188515,8.377033997370212,1336.1828503771326,1
24.05194566842354,61.027882670783,8.720229951400588,1567.6484939562229,1
21.58041692702725,79.7862169467658,16.313774936607402,1924.7128710524607,1
6.4145889487180465,39.763443276953424,14.13940834972876,1365.576716391915,1
11.25708008365593,57.28726230463788,17.199448803186755,1728.4115600393468,1
16.6025695627085,38.884553644256656,10.180356504019691,1465.9266501506781,1
28.074283521338838,53.85526018548445,6.589264953066626,1633.20247791087,1
10.366591012430193,59.52190324032222,8.782289123619593,1949.1374717748272,1
17.349807984082627,58.26006051792436,19.7,1465.1021150357765,1
31.602674483791972,25.965197746348206,1.0,1423.312407083008,1
49.24812668393112,35.369915373893676,18.098275696109532,1876.9812088272515,1
34.8281883399458,58.777579557740225,19.7,1658.857455756083,1
24.293783531074638,40.626867794225284,8.691727013890315,1248.646920147945,1
10.374510566756104,99.6,5.089817391330937,1521.0438266019855,1
19.341877104866768,86.02461890629361,15.29370041289971,1563.3153212846632,1
31.02106812489329,90.79164522719455,2.3448529880061955,1809.907105879583,1
18.035844165372236,71.51470953717482,3.0099185594120845,1184.9861034628138,1
10.273175632093082,72.93401849117672,15.371813450854221,1743.7084099603508,1
38.28551862923258,15.036529370293536,19.00002060785094,1582.7395022544854,1
18.98427648900035,20.88599665400067,11.9131949405953,1788.117982434256,1
9.735863500164221,29.07706340622037,19.7,1977.6389792483108,1
16.292139554149326,5.3,10.649018795424054,1408.4285249405991,1
13.66555261380631,35.35665687737425,13.621139190475937,1436.7927452483111,1
29.43872380763212,51.91286712557887,13.658777067732576,1947.8641072649068,1
32.6762235798017,76.4015864719854,3.8836269238645036,1830.2240534098412,1
11.591087816102169,59.79281078659386,5.488468867283307,1691.6656156633157,1
27.204865554089082,39.35941364481481,11.668029639096963,1617.8054884752462,1
40.929452459678615,80.20967853796229,13.585026237589028,1863.7255706651754,1
7.622730447688957,77.04985526288382,17.071420039633324,1708.4578588084744,1
7.254562351067902,21.52199836076046,3.4658829608336736,1276.0086125871758,1
51.90669472269791,18.092115312406833,1.0,1655.7586190700251,1
24.276928485303035,30.76684782978474,19.7,1604.9668676422584,1
13.957469627857169,74.41529803157341,1.0,1758.9299321504186,1
28.741461529397704,31.462563190323614,19.7,1392.2944885986858,1
4.2,19.122197838182352,8.334678592888961,1475.0675781228988,1
43.34496862679858,99.6,15.175470458791445,1916.4365762860148,1
23.54190809321664,28.295900880926396,12.057618962450107,1772.7128372835236,1
20.69957149513947,40.75193020181636,9.86775789361489,1666.135094170447,1
27.6305541256359,42.82154724625736,1.0,1728.2803117496796,1
25.91721136068838,55.02234839614043,3.7280689719189217,1702.658003532548,1
4.2,50.15834176817736,15.97926421765558,1850.4183277486313,1
18.11907642828441,59.360001746955476,13.025538156751931,1401.969461007715,1
14.610302757379214,28.962669904863407,10.12567195037959,1802.5843983568511,1
21.780456879941365,67.02128457274446,15.916131976094867,1559.753498935884,1
13.250011202903911,76.4751070441298,12.154491782767955,1515.541619819608,1
28.24167910536024,38.771620625165454,4.876116653966102,1394.018268000491,1
31.81449024523651,53.693470950660405,10.837678561092721,1510.2772549608076,1
37.23850688458095,64.23202264688405,19.7,1979.2,1
33.06934466217337,83.76734836320333,1.0,1805.86653889004,1
29.11008456251511,36.880333948100954,1.0,1667.6346522282504,1
20.631992188525317,57.09428993460422,10.413976180340006,1758.8307368251897,1
4.2,31.59705052630225,18.16215455479675,1107.1134413977675,1
23.210466562448968,61.89986088457363,13.229278744194158,1364.5578156866713,1
21.143892672603062,40.61090504940738,8.77839939543327,1886.3300889982736,1
16.557987679793428,31.646170475948907,6.016039145568723,1521.438276178319,1
31.416070025209883,99.6,8.333545663957464,1812.7644186126747,1
4.2,85.6705122187237,13.018465446126504,1749.772957183376,1
9.070897995219886,41.20720528522655,10.384840554983795,1283.5733813321963,1
4.2,16.008365838645865,10.73903284059048,1174.8037484344493,1
28.794513676279184,72.31088977417235,14.261447319365638,1554.449566123482,1
28.698612886978918,55.34842940300756,10.797802302676608,1936.233429402242,1
38.65219205248772,68.75914400294467,5.918452701139173,1781.2443801336278,1
12.112918923242628,99.6,10.786190911168324,1820.6911745907526,1
16.73952066435406,68.60665583628783,11.72100981169931,1754.320909250505,1
19.065789906106996,43.453959612321015,11.32887665326492,1462.0041538197622,1
33.73970372986973,30.036051892313242,1.0,1727.6399049677932,1
6.144019899003148,55.67507393182443,5.169977377617423,1497.9713764436901,1
17.656002003382444,32.83558774665777,9.326684968907538,1793.211749945829,1
12.959279989969632,34.648572771322264,10.589460187199453,1843.896902337971,1
18.561911275189566,46.554343963479155,13.561847163527023,1665.1331272635805,1
7.304411561150932,70.58785918085196,13.938265004294642,1591.7666770918577,1
34.22938485554454,75.60205435212053,11.116662297814672,1705.1981832513518,1
45.13423131195516,83.15160348408628,1.0,1669.412879638281,1
25.57274780553919,23.050327012723915,1.0,1786.1657873528966,1
4.2,41.660290713902945,19.4566690593285,1555.495450771893,1
7.607781332106379,42.233302645855545,16.70120352263529,1620.3551103438297,1
17.781953572626954,78.24334187026497,1.8029456561446313,1508.8480455748236,1
4.2,36.060134329694144,18.37614855317245,1545.3295445846593,1
27.09145844657951,51.26355019792472,11.661013144583318,1198.9857348555292,1
25.241782383677318,37.40652792982833,7.6841449830442405,1681.790768592717,1
13.614990441855339,79.82185336012027,15.179531138592811,1792.6297596270877,1
25.597569440691935,24.4907985504794,7.031670993407133,1672.1214208538709,1
19.65195871747758,74.22664480999462,9.269424164860148,1594.094263447677,1
4.2,67.65226136029415,11.805556025575033,1467.08852475873,1
19.674195634319876,50.29375617601833,4.366198128188207,1550.900457103585,1
25.799494920357954,57.76123571019398,18.118128141412406,1718.6004940193,1
43.41873275192337,51.95214243479945,9.777888138285485,1654.876181656094,1
11.010274088036573,23.94914416071827,2.4884112836103913,1583.7036206422597,1
5.197929927776723,37.62412387036233,1.0,1259.9838716990107,1
35.06302911482706,42.44141022427824,1.0,1459.388413681906,1
31.328121284736813,44.621069665148674,9.28118396418655,1693.5166953219198,1
10.11221951349847,78.05074118083562,9.418083744535892,1911.1851635232051,1
50.13435638632094,52.070000808494704,1.0,1868.276687365796,1
20.330456725258294,89.54829892126898,19.44900312482138,1979.2,1
38.406599084837396,58.91267895159303,3.50497789346206,1965.4553955270856,1
28.51344556317584,57.86125799980768,10.526087200514665,1721.784385737475,1
15.377327254617924,32.614497147791006,19.7,1457.0206644817933,1
19.36028097005166,56.04064122419334,19.7,1313.8481813987482,1
21.851956877225774,45.726841638611255,1.0,1626.5319956869216,1
33.59058554744773,32.578007840318406,14.038222783620549,1754.7955785921042,1
27.227495648297875,47.84049345264234,1.0,1457.3487723986202,1
32.94656627371933,54.79799325078967,1.0,1592.452858312151,1
34.285381989194,64.97281435121377,10.331297481538297,1805.987937416097,1
36.35069021749022,41.400465372385256,11.68702187385103,1821.3266151578955,1
7.472506464165967,60.805027723516275,14.999237953060728,1611.372630546564,1
13.917702607728936,82.96331810071487,10.208826900400819,1607.9724346183007,1
4.2,47.43569354707727,13.017822041327417,1377.5338708904028,1
23.58696384166698,38.07397390461557,19.7,1741.5044650121029,1
6.0910498365735855,22.526990850234068,18.918494195214347,861.6447075859811,1
32.90095194926066,59.43715893418029,5.616804496197835,1926.4273197534499,1
4.2,73.2772720391797,14.433646152243233,1575.0663374372953,1
34.22869576555516,82.62966578550154,19.325566619487237,1733.2145387258672,1
17.654445966448236,78.52695484559901,3.7493695544757655,1495.7012701577298,1
50.296099467621204,10.90567138880774,5.99232917187293,1694.395694602723,1
27.538050499511492,19.64701438084023,6.431341390532651,1512.8145842007318,1
4.2,90.78217618018081,1.0,1731.7228819828551,1
36.414549886609024,53.19661569622392,13.097739211659391,1556.889974415452,1
25.266300106888913,43.13219167062069,11.52985571385822,1503.5448631690847,1
15.73081972992335,73.18890368640267,11.655459848094054,1823.0389870240667,1
29.605069860745495,87.79006255093944,11.286783921106935,1944.6081663184889,1
52.456430434617346,50.138710799161885,5.630112769468548,1583.9516282270567,1
36.90994169251725,48.81729708670688,9.1483044102373,1702.1162389506037,1
15.54274650060233,34.16805981381688,9.711598719467133,1483.0265683829766,1
4.2,31.78637958958841,13.23374371647375,1294.3215372141403,1
50.27772199661263,58.74161237594172,17.611516206830608,1979.2,1
35.58315303415931,24.239551070062276,1.0,1593.5027782536738,1
14.113925278798437,46.02395594982617,19.457430628751126,1979.2,1
27.987004042625564,39.9925510029709,14.902799198402423,1454.3357212700585,1
27.734638056830676,23.378288440374583,15.45087375911579,1319.8699867586652,1
7.553435258445996,48.14195480271681,6.689798413466758,1382.1535507444623,1
42.1308742712108,66.66165381320224,1.0,1502.45062976763,1
25.012628386973972,34.42357769412758,19.573639050857803,1499.2586290752577,1
14.665927936451833,44.57623782246998,13.019703177925713,1601.0327709201683,1
42.41540294381099,89.6984007205985,1.0,1979.2,1
41.20103618058589,50.34433114558278,12.252950818937858,1818.6814257732906,1
34.47674399659494,45.90691755458964,16.549007682909146,1483.9683677449434,1
29.269277092667828,48.12778769814547,10.773071156730124,1852.3787412679794,1
4.2,66.02411103403824,15.256700451887465,1504.9640630648673,1
38.83320686155708,58.33402618432214,3.472104776462504,1703.7022584001074,1
14.947015694671595,39.22307502660866,16.20880587116254,1514.2168454228854,1
27.2446121358958,72.16842194701962,18.096300989647748,1870.8624642347438,1
15.03473862813976,51.404318144014,3.216907489092483,1589.1083508231736,1
4.2,70.30903909114791,12.86150245352188,1979.2,1
4.2,75.24394465822587,19.7,1466.1123472382046,1
17.966239562629436,55.76241564761863,12.969477803903214,1610.7947797785464,1
33.047812953524776,26.94843276622604,17.791661960198184,1825.805621727556,1
41.20192217165838,74.55374806401153,3.7390130823387544,1767.7584840374052,1
43.7883039857448,8.849704188499956,9.638853732990382,1650.8736009501536,1
10.280217367770314,58.47740872337445,1.0,1709.0036496308483,1
37.35706227969922,33.81333496019388,11.490223505622989,1832.2967601133726,1
9.843565947609875,74.81562950754851,12.901995552055345,1249.2129728315085,1
4.2,32.27646336805357,4.431679343719861,1426.5219260382207,1
14.547094583505455,69.9911624736195,18.96123673347583,1523.2042788880358,1
19.29401033593126,45.2760766529274,13.666651992588637,1659.5676553918518,1
6.5451873643268605,48.12851306290945,13.329507222261856,1958.032340317519,1
30.74550795617982,57.75058718932358,8.157660706407697,1979.2,1
4.2,16.268903912971137,12.699820503960247,1447.2134252013393,1
4.2,32.406463232095525,11.326281566439219,1209.0976985154855,1
32.50102844593083,79.55614641119817,5.244630178420109,1702.2778209253047,1
22.68712293762416,58.06224130716427,19.7,1899.7895657559488,1
26.689614372416862,87.24124154958724,13.664785301663121,1915.4619584240231,1
35.297964042514565,63.98896435021342,7.087537581432178,1821.7022595242872,1
36.46303089575771,48.890796035635574,5.290002403570506,1416.499234696444,1
9.250078739696377,47.81639722692494,14.169891435227745,1725.5264170409052,1
13.68850696495127,30.25522065653844,1.0,1535.9034293439224,1
34.92270657810998,90.68984415602651,4.517889006383275,1658.157013507934,1
23.838183011935932,58.193386924098874,1.0,1575.8437639084455,1
4.2,79.54663934591306,12.694723412699084,1582.5944536645213,1
17.35283103251721,55.870550656960695,17.393463054271592,1827.8869454391365,1
34.06621640131637,69.66671355195182,5.576771694897421,1781.4595891477836,1
30.306983893326986,81.57734294801205,3.18928212657966,1872.7754288397236,1
28.96022147204468,67.00310763770088,19.7,1408.8334555061454,1
4.2,35.74680898156423,1.0,1667.053611153742,1
4.428312771177037,23.67535925617556,11.667337368136995,1350.8173185405162,1
13.332015243629977,70.27321047383435,4.315787782965406,1460.1704804356245,1
8.805703564086867,47.72449117532991,19.35261409432638,1933.5436262725652,1
16.53340986721556,38.17721983435849,10.585991949429092,1728.8796760213527,1
41.14762568908056,66.19604590522599,16.014034936764354,1765.2313598547246,1
11.96114196645058,43.150375073418616,18.695288939465748,1467.4430978169844,1
24.251414471327898,72.74231080111768,6.858388405952999,1860.4024729020289,1
21.759586360525798,55.479765381627615,7.331433030673548,1685.9837200727573,1
12.12219258124406,77.43841624294066,2.453223589199961,1490.1119229284566,1
27.03768288076033,54.17235482177547,14.5282806557239,1896.0053160444272,1
33.06022914138365,38.86735191408293,7.46432757072192,1295.062506308372,1
11.416145929427632,58.79770068701725,8.235285571824843,1528.8371238000764,1
26.596426998481853,31.47326506612471,18.18043881679622,1535.9887054885737,1
4.2,30.823430099212064,11.449389254858112,1791.8466605421079,1
29.694789307745946,28.65169967513656,13.941013874944513,1647.6072196843127,1
33.74565307966817,65.64866806093866,19.7,1769.9897101573413,1
21.960159163776574,68.64767224769415,7.631410487949715,1590.9405094899703,1
31.87446876740369,63.77671709347674,9.913999559825271,1967.222346418326,1
8.34633013122925,77.55338764972277,19.7,1648.817732621763,1
19.72641587759434,47.61708401503505,19.7,1509.5447226191882,1
4.2,31.520836461944807,16.39484820740483,1632.033822397379,1
17.655564843078828,67.00409310526747,9.53679840356562,1948.4484313085911,1
22.355357914287705,15.829930182559224,8.067116724599284,1590.0229382334182,1
32.56340039894843,78.77027044467525,1.0862679647013156,1738.303740200255,1
5.674849561437629,39.818358638010096,4.033682265845801,1478.780055492039,1
7.320498259061761,5.3,6.178496621638384,1506.1494855099058,1
35.51464884097892,54.17475402704638,5.425941477586725,1510.0154119956576,1
15.016860808063788,55.88610392646254,14.914707988134444,1817.807479546029,1
23.459756171230733,20.188757826274568,14.53715937629319,1479.2866626952766,1
4.2,26.69868312867173,12.242142163658672,1546.3981916345276,1
29.001623677175086,26.520539962297427,6.581910818929384,1663.8946627634707,1
36.32024097970806,51.78034917906936,9.388579728558758,1723.3127797854713,1
19.34855425851135,84.23415028990506,19.7,1586.9481690071696,1
35.08483718575721,50.397400757977316,15.704891256078309,1730.4546273840333,1
15.697476633933249,9.935296113424386,19.7,1548.0506316058227,1
7.721285305968946,74.44534569037597,5.321196672955214,1563.7213278741183,1
4.2,60.37178813620354,13.538962319456028,1235.9933179642426,1
21.56267353114409,5.3,13.697712419906786,1738.6832106528727,1
27.91893899705186,25.284897273278563,14.137020221754252,1290.3220058122888,1
32.12237589635535,77.04649808442437,1.2447231754332844,1732.6708618011296,1
21.6121149088777,60.36905910246132,19.7,1747.7790754232667,1
15.638387185330274,32.782001774167625,11.10979602149019,1764.061405226553,1
22.22544188297853,59.10964646498314,19.335829950602854,1894.2946298962124,1
7.488657778976583,22.097937217820085,12.800480410368637,1461.7163191317504,1
4.2,90.47922415419396,3.8845064761040087,1614.213635450147,1
12.069739061606732,23.010317298538023,8.267265404288166,1845.3743885417805,1
47.50394431270486,55.735098527771385,15.690023147020732,1687.6288119983176,1
62.76819548744668,33.988061671446545,12.080995989749528,1500.4855900862067,1
24.338484938328527,32.05116328597555,13.703161196902878,1753.973730934688,1
5.114677206263888,47.99879377008114,6.516251689818169,1426.4573971229115,1
15.84316246398756,53.16586589999459,16.53321549751771,1546.4569224847855,1
9.170312153591793,51.87484246355279,19.42426085494703,1474.298545159312,1
4.2,56.442172382850586,19.7,1543.371397417614,1
20.122228790177207,54.32086552005263,13.107390345347637,1672.2645985307038,1
42.04985937488876,79.09846054246744,2.199821487442506,1927.9694833168376,1
32.11698834513468,33.611496307825355,15.962171123282442,1504.717564380288,1
5.987128090682422,74.06050903762709,9.410974054290506,1616.9073634234642,1
37.47855533468805,48.4370901887214,6.121345182389622,1427.8872103264505,1
36.82153490888278,79.9124628517788,8.098229977677018,1783.470252991854,1
17.816069568278763,99.6,12.900375650637034,1482.58717526725,1
40.87309836505743,58.84160775954388,1.0,1911.6223288908704,1
9.329974864440715,63.10517485248699,5.014824069216924,1573.8782627682665,1
31.576230413930702,39.34179868627425,8.907495400912813,1830.3058999142595,1
11.503487592964712,65.05253758208615,16.625953892901705,1948.1826338240426,1
22.55728614281512,13.041276073635004,13.32392424604406,1435.3985514221904,1
4.2,51.6473294946329,6.866884184035159,1296.0832762236168,1
19.800497717535805,58.525296033516035,7.046688538063828,1529.1654361436058,1
15.042238684186756,35.35523474383584,7.488597878972163,1582.5061469404789,1
18.19142610797663,59.219224730072554,11.185524268630786,1620.2227246168939,1
30.077152734620405,72.37095811805125,19.28364424051633,1922.1274799255436,1
15.156155708358256,5.3,14.581363253590752,1754.0741472654959,1
16.009870866126956,55.32545334234646,13.228873477335275,1796.4617698310046,1
29.123968184966117,27.093469411494617,16.816105590184527,1773.1436188619955,1
4.2,64.90161552709031,12.244124912180187,1450.2985880943845,1
4.2,79.61422479311368,6.669371649614753,1229.3974900782832,1
15.657864043214484,36.518242290957716,10.724490279489036,1757.4366518718039,1
23.691603806695937,67.25337359450128,3.747294075508604,1262.675097624531,1
31.240797729259896,43.67524739315129,9.976832881092015,1932.0260341162061,1
20.491786194461724,54.59964400193677,8.430437239696008,1554.3335949948148,1
32.875104654325106,81.64571109833098,15.529110075520059,1468.5234900563642,1
4.2,40.510775026133665,8.435738818932084,1467.2666851411686,1
20.732211752160723,27.505720937398383,19.7,1820.2511971664258,1
26.16445227038996,35.23432534266065,13.975433795871975,1307.1029441683704,1
33.765387726532424,19.047736756743113,7.647780383018802,1979.2,1
19.84944675891645,52.35827120939868,1.0,1488.224176999699,1
4.2,23.845964422046837,5.883611928927376,1632.09744905584,1
36.25232305471836,33.26075013198027,10.739157920337282,1938.9843249136338,1
12.018318721759345,54.16401696738923,12.768323567342303,1644.7479615212058,1
4.2,5.3,9.098497125774376,1169.19866283406,1
8.447624644335821,50.12704736836241,8.759539338742078,1604.507936430007,1
39.79628554408745,64.69322118728098,1.0,1448.1926852502104,1
22.124827387143025,74.8885285724997,7.600468486034496,1509.9248471667624,1
18.303684209678114,6.332939830125127,1.0,1519.2807713709424,1
48.95094879930693,54.624159951593285,1.1846799602798317,1539.1786053106464,1
32.5216726628554,49.370546153175695,10.39075692449205,1717.852573876599,1
4.2,65.65970954626526,11.933132787308487,1596.4352511789455,1
15.99650132585439,34.13632756634047,19.69228903238227,1595.6659727063693,1
20.5700721139245,27.92313745845579,14.36041626646214,1824.3728644969992,1
14.587226771118306,64.44918001856033,16.94363817394263,1688.3987260469346,1
30.66628663808992,24.176417027486448,1.0,1334.8887539599566,1
26.17482311732199,53.4819127345907,4.566729754845959,1979.2,1
6.328229029085495,76.90651642541903,14.475881140459725,1776.982867456218,1
4.2,35.28996808841406,1.0,1435.741246014951,1
37.3760886592251,26.565071221186955,18.748665699567233,1489.9854691173434,1
17.994385345773303,33.08990286750138,13.469924356074452,1813.13882972214,1
15.163516621542316,79.11050897443796,4.81724005425933,1639.4346401079576,1
32.5317719524382,17.633169137703057,5.894632571047493,1473.8538377996688,1
13.749474001472848,39.56464534770468,17.694608036397675,1556.9582014701282,1
16.44676135186195,59.60395008873445,8.695534232930921,1766.5233589133404,1
25.0332483803918,39.65373980131876,1.8970445060657006,1582.5156303359797,1
29.33344397556555,24.175035131023737,2.1597319656188407,1626.3967223148609,1
16.128074451142176,24.510155909369555,8.939053753034713,1290.958041600053,1
35.60186859574715,63.93677260295579,15.252204690008025,1720.536416713032,1
50.07228957649984,44.43447645643825,9.992484723342207,1289.521835860498,1
9.496336029632205,54.39814563397559,4.402320821073138,1572.4677141175753,1
33.259793609670865,71.5860224039628,4.851301037766978,1851.8065746529012,1
32.25360082684822,42.63800532977621,16.392813489493157,1911.8849106472603,1
43.436020646343096,99.6,1.3186904418406904,1785.134915793681,1
21.910306006240745,36.08617794019001,5.5390661225952345,1891.092726197668,1
20.826134384707437,59.69871215251713,15.02754084862267,1726.377224320397,1
17.103670153768526,17.98871048839516,3.0021488668117335,1335.6782176700976,1
33.58327622122498,87.99375391429862,5.225876488215145,1959.1871819130606,1
4.2,91.02423866003953,8.947384897364621,1565.4788371968514,1
31.366100677832883,5.313896779870511,4.971280010535576,1123.2375662268414,1
30.681526939030096,71.8770413908656,9.160886779159261,1554.4129613543769,1
22.190796457093672,43.43000564267496,10.151649432687682,1480.9383368264432,1
7.8155370463839535,21.634255217028105,19.7,1578.729250855999,1
44.35686440582475,12.207518890025256,15.541039679921624,1536.5054735091448,1
13.930604821678392,85.78372729938124,3.8435564166435334,1706.520258061507,1
28.928572443293273,57.729388441751055,14.547143828948366,1626.29943043875,1
8.618434589826888,37.9536124065431,6.509098125393285,1295.2283997557595,1
16.481051299562786,5.3,3.2280333655049143,1431.2546581920587,1
11.655090993226903,61.70139596643591,18.400996011948017,1602.9949403593776,1
37.341525523860284,26.29980711207234,17.448736762363893,1777.7545594050084,1
19.488565720761923,84.92959643481939,13.822494553467283,1979.2,1
37.596634034835674,55.75046518144546,18.241476149094538,1380.8837306172654,1
35.91756705187087,31.96830057285159,11.25654211078078,1696.332642823975,1
9.573042938801848,21.86103176522602,8.876568316220371,1417.9599940663502,1
39.37800129656694,60.06997040746266,12.897324013077462,1477.7804886952276,1
21.40326809121591,77.5944924612067,16.890736293965354,1593.4265554206345,1
30.69479108914477,88.88035122130324,6.7868607149362585,1683.5268543982163,1
30.207927615647673,50.8901423772121,7.947391899737219,1398.8950399498972,1
17.905331748459375,5.3,2.9794454425180517,1602.3196546550116,1
4.2,58.01050447903684,18.662846406837716,1525.0290407036841,1
20.230935005099436,5.3,8.826164681590361,1391.6921947213116,1
31.826287118416026,42.552395773919685,6.46804846983304,1463.4195357874476,1
10.787904285991248,63.58963683733578,19.7,1595.839848519468,1
12.09642325199083,43.98130858514877,19.7,1369.1691026569006,1
13.80060469761699,69.9627957701477,9.399905236935169,1756.047982951116,1
4.2,79.27458259467244,19.7,1598.3125114074828,1
6.2260088254781785,5.3,19.7,1251.3595467040573,1
24.88928504165705,46.436462688874094,4.904924042368806,1597.5912679706607,1
21.01846771548752,72.56594578070694,4.089561120133802,1529.9766690153945,1
17.727419074952056,44.68480737761981,1.0,1774.0604746703323,1
8.284909512768307,26.73120394646056,1.4839007327504987,1899.4965517948767,1
8.687274260955114,49.16597449368423,19.7,1860.4778361292674,1
21.655320222746447,18.010373681803642,4.80296275097736,1439.2985342262568,1
4.2,57.182353822713445,12.01337836434673,1408.2768047633422,1
32.935072486343394,42.712304338437264,13.99661792991261,1743.3628489384473,1
28.943364426934863,28.68169404375028,11.579187792464275,1478.851303134854,1
25.733901057211515,31.28171751593665,1.0,1463.19176820156,1
4.674872008911997,59.827422807929906,4.424375328943405,1556.3780321054699,1
4.2,5.3,7.2128319691788185,1552.0916450369484,1
12.528867906701171,57.56165145275268,5.58038321271664,1678.0611969159563,1
18.66228041498792,72.11584711166026,5.184649779042161,1496.5723606055003,1
21.016348080435904,20.16143055336658,19.7,1588.0890054902327,1
24.464510349952466,42.82679954574958,2.5321395084096228,1585.5748995271074,1
20.787744378429178,64.98995871656345,19.7,1979.2,1
27.82776264127944,31.888377420248283,14.248141628337004,1639.370410567188,1
33.24472267178665,27.12850836499309,12.84217952285464,1654.5154332638203,1
18.293365451525805,93.07084575435204,19.7,1750.5659439285294,1
22.835150949914297,57.10895829614353,1.0,1196.2792111220615,1
4.631130056757989,48.16633746085572,15.342754158801855,1579.7815348564275,1
13.956820130577196,29.892068369665505,1.188051587053227,1293.0705045152463,1
21.6105224762839,47.70826710323029,14.641665814554077,1480.0845483054768,1
32.43724418688682,57.02853375743675,17.627104568748983,1739.6079334293402,1
10.047190367314215,56.35809550365158,13.984658706610663,1608.3618038582733,1
18.880441777057545,79.5661864665424,14.328141137136246,1979.2,1
45.22910423765213,58.0495601515773,10.333308977328569,1979.2,1
4.2,56.21088210491611,12.312983026141772,1521.2304391946384,1
10.864859128259887,75.64043749292755,12.25338309980743,1482.8220835198192,1
4.2,24.031342301280297,19.7,1035.8666565297226,1
19.14994585249387,5.3,12.645949562772497,1474.9522093082767,1
4.2,62.646830228551366,7.079565191727285,1535.440247364339,1
17.193334688334588,25.81895099398957,10.74217254432575,1751.6854837168512,1
22.27912425339463,17.27561007858704,8.435897096125213,1448.175969828112,1
4.494229310461847,32.16265483697725,19.7,1496.786303265472,1
28.26187748137606,41.97775141496062,6.140657298383366,1979.2,1
17.244304967775406,69.82996949097921,13.182129364679357,1540.0614391599784,1
57.15863896325802,31.70549810381391,1.0,1749.7433030100683,1
46.70794190219928,19.34562096566924,16.733814573259814,1629.8980463413736,1
31.422774383672895,23.059888424431442,2.838339724554883,1371.259124723333,1
31.049964187841375,5.3,12.62592774206998,1672.3567215949952,1
21.97706179383278,21.62532835251359,7.385744489462385,1520.2134907838647,1
11.307809916953532,62.935165526402926,19.7,1605.6209255596023,1
4.2,41.48815896877399,12.199021019365862,1311.5343227030635,1
7.390089432382128,90.31271744050812,16.946525785569207,1545.462368348028,1
26.177889410724397,23.205357492999045,13.43918864822369,1778.240080384424,1
4.2,27.962791309599652,16.41503479188498,1393.149078511268,1
44.24512610865622,70.41565387060135,6.380677362953163,1556.3091678695926,1
36.097246420735935,80.61354063843568,13.246632574339014,1778.6177354200336,1
19.642316006262106,73.74375184044776,14.078809139770012,1544.8074053255862,1
35.544396393539124,70.14551566233732,11.959482741504175,1688.348469753251,1
42.11943955474287,52.57431785336061,2.1211407364435786,1653.1551016163967,1
6.427731971266056,80.86233181021643,3.2050640010599736,1459.9755267177009,1
15.431876971107712,52.34212231102647,18.37314138491893,1866.3037117961708,1
26.517409058702377,21.3541160992913,3.1894303645803257,1277.1238788178848,1
16.736144131493916,65.35391606165237,12.066462522137593,1652.5187368575264,1
4.759423640123686,69.26862642160594,16.355103692221817,1256.475920748579,1
23.328532032145844,5.3,6.933101156563701,1407.003075141615,1
31.653300465433958,37.616533459196354,6.297132533608973,1605.279269745197,1
4.2,24.899900441123062,12.663432998756594,1522.1548555180193,1
18.932008081548027,36.07251378397977,9.330322296414737,1561.3880083862127,1
35.938875654080476,96.23584838389772,16.29049460436307,1771.2370219775676,1
41.56241970056284,68.51161987423248,8.427321992338198,1656.2083434119656,1
51.49501070530515,33.690775843080345,4.525606980727585,1688.018780685824,1
5.3392780995276325,32.26867987636423,12.34172627156127,1703.0169383447887,1
13.6615936369568,32.346807789121534,9.30496737105887,1212.328804316785,1
34.48696160909503,43.57397453417646,11.34236765795512,1705.7165371256442,1
62.24107480356849,53.71313298590252,10.283346997805662,1979.2,1
51.92807189693195,42.06090690284274,4.685618055122379,1927.8403782816008,1
23.941365896321315,19.133600490312233,12.005923350027803,1268.1550185774804,1
19.964516319187034,47.07111251570813,11.853605327600292,1565.1331919991253,1
29.64415655899218,78.80267971852993,14.600368053798224,1576.3335532384292,1
13.708258279664696,40.988773292797404,19.7,1676.2422197277276,1
31.434218915788712,85.67063635412262,16.714805943653026,1701.9795804986202,1
16.84286700343739,39.44319758857276,19.7,1317.2636719163531,1
4.865006005341815,48.105168002735795,11.501075310148575,1594.5388773217717,1
24.365266342554083,55.81374684954618,13.336208283606657,1706.1065505912786,1
26.989834435574647,49.144814011481806,12.855457068430844,1572.9572486369948,1
43.56338409506961,72.82978059188555,2.2163364662893565,1843.1198647884148,1
11.990867828702932,9.392248502111116,8.627571404254253,1374.4946726532464,1
19.043266173964327,31.483713443688167,10.017431023048035,1608.9608280817358,1
30.682169100628126,35.36240625474984,8.625157096387655,1609.3054295952907,1
43.705992731386196,43.3720708908476,18.949998136338557,1598.0428188085762,1
31.163887856759416,37.91487621839727,8.419805415842495,1824.7335465791384,1
11.578544332314827,38.42041716406285,6.7565812451282445,1486.566902919643,1
29.368355613450923,59.347200834557896,4.965060765922797,1619.2689302853448,1
39.600587426465985,6.376775251439049,1.7425010453599494,1580.4747170331168,1
4.2,35.71788894750516,4.530122618286184,1094.11216820905,1
10.530351104751958,48.51293764295544,7.804459723940303,1676.6123640257163,1
29.384073210170964,59.35596546299448,13.499123459699794,1927.8347634293416,1
18.23540418969114,99.6,8.318285064529977,1979.2,1
9.244476135253368,46.02316679510752,9.207192827091415,1564.6997449468868,1
24.538658765318523,99.6,14.602309049729051,1979.2,1
38.31002293041169,39.57721948381857,11.022778182524004,1414.3807857512006,1
36.65269548607001,52.430859331240754,9.344314564758719,1522.9260971720544,1
10.896463032918824,68.65825140178863,11.076061648340971,1447.0318729057299,1
8.287254649579273,93.3220411459991,12.635797859347525,1361.7723229160513,1
14.156691318712994,70.74271557790848,19.7,1979.2,1
19.622358721432676,56.64786485561047,9.003704042094146,1678.1542115403731,1
27.952789618181093,10.067880391122735,2.2340137708892662,1806.9616228720415,1
37.86058013872274,79.02233195156124,11.164256721032434,1970.2640292241185,1
33.127327930889365,99.6,5.207965585953317,1844.2928523214287,1
6.134408035457444,57.71685998782664,12.097597317904286,1573.861173440981,1
44.59273379224924,75.37892141986715,19.7,1894.7846205333901,1
30.989986449854285,8.576717797459281,6.251439773538143,1484.8959267246173,1
4.2,64.66971917210685,13.394874611551487,1720.133541554122,1
22.63091428315029,67.40105474279795,9.94167974055156,1706.7074868418867,1
36.301898529387344,13.542964993148523,3.5594912675008104,1756.2207017290843,1
11.674999231671123,35.61681594609702,7.250047828232605,1646.075584364537,1
21.351344261755408,74.05001855203707,12.172150401397666,1665.6203610037867,1
30.05142389138834,24.80573822171818,1.0,1144.0941176769425,1
4.2,57.22412235322496,18.374640546339553,1616.5278109475735,1
24.478059823283743,51.83939350085879,19.7,1486.8191238063137,1
4.2,17.397704745782367,10.288437539192891,1531.7396195661825,1
11.151827799599026,5.3,5.517121103823033,1347.9043233005402,1
31.65636509303291,30.847131688430647,8.120794977598678,1328.6295405474,1
16.681408755692672,60.59968792687327,7.507878852904308,1542.2971640290782,1
33.14484008124223,58.2535436134359,1.0,1767.6297582892732,1
31.511463464866132,12.482771213207762,5.009554727142299,1979.2,1
9.825859135691712,5.3,12.40462035104331,1385.5517810322413,1
38.30137204264432,58.17900767295618,8.777311886401378,1634.487034264962,1
9.532886193243256,71.90856260062978,14.483793644815307,1958.4634941328254,1
12.786426651650759,59.553546934031154,12.356091842033377,1484.8654615906535,1
30.580052790572125,35.34659909809836,1.0,1595.1671627042142,1
4.2,28.304675473168434,14.964583731937683,1599.5770250364778,1
15.125705079552088,73.90150939538594,11.751276893808509,1679.4302991738136,1
33.67977125737305,5.3,1.0,1729.9500679517419,1
14.344961544898613,54.60168231571074,12.493916582166491,1315.3449986984683,1
15.478815309989525,72.30989266496627,8.558294923967525,1657.011773817327,1
19.393455142937157,39.8899365110358,4.626080967243295,1555.4986551682323,1
4.2,14.487814929945642,8.771728462499716,1678.7261519767874,1
13.715751107079052,61.15135075029594,7.556657862937527,1522.8982907470472,1
22.845511143320305,85.40399048297127,11.93088839496637,1433.5247915531716,1
44.72082734020454,87.83550208420881,11.971353063673611,1389.621545078026,1
4.334690715312856,40.45941500178562,9.251210973460816,1328.9727315335253,1
23.179584153417302,80.00181536174178,8.909743136336974,1410.2673547677393,1
12.858836559325763,43.95757733594378,18.070456741135693,1505.0657502013146,1
27.72784603320382,28.458320273722773,6.2731315768723,1485.4029647401767,1
4.2,7.013250602043804,19.7,1430.4506797375277,1
4.2,69.2597317764533,13.107954583445107,1268.7135908183611,1
18.009869355462442,66.56917088773491,13.606934477409272,1965.742759078147,1
14.963991281107432,54.39232208305155,9.0219650139237,1566.1954008782045,1
15.302708285541687,5.3,1.0,1409.5961691780562,1
4.2,71.58102506099378,15.499278891501238,1442.583460228566,1
4.2,49.95248970270214,14.010508161432039,1325.9942923515737,1
22.785533944141328,85.09256455237718,10.686281765152605,1979.2,1
4.2,24.204479256188463,14.040062341645898,1413.3942593108725,1
19.168437689740934,53.868532152241826,19.7,1608.174312326846,1
4.2,62.2327555693397,10.945029084961837,1862.9268508356258,1
37.92878660355434,40.3493009979856,13.279009845123891,1907.8465061440909,1
14.69393084255882,23.884589111262784,13.094969939086319,1418.0197578244683,1
31.811535040455603,36.87958222392894,19.7,1397.2110851146074,1
18.142062609228162,85.5825161421521,5.564452853471438,1602.721964225532,1
5.322456577202349,59.85004666735941,11.043674350823107,1264.428977049603,1
27.532890741622253,30.303826816432654,9.83679150234317,1826.045572543876,1
8.642403601315245,45.43415335252479,11.621257254210374,1496.2135373993467,1
39.867837954601725,51.57817887194192,16.61039330668744,1800.6350691915538,1
20.155233457329462,55.55845285976212,11.597905586647578,1940.8645163060949,1
26.49483023760571,98.61930289853815,16.623031998663524,1556.2207592929442,1
12.905275304555062,63.64150876374014,1.0,1628.4918580497786,1
23.333570958273167,24.4240062608092,5.891275899062892,1558.7196176054563,1
34.11033134332558,40.35914304878577,7.445017043359547,1537.6970161031982,1
4.2,10.167673993627467,12.336930858482598,1153.122625482872,1
28.128611301440685,45.17236490958789,3.919427217472352,1541.9051970035098,1
25.147843746830187,25.007735354531516,15.23186216861384,1905.8941604973597,1
23.507260204795706,32.021988528435045,15.09017794914216,1748.436511366919,1
11.658204597357674,93.42209839410647,19.558406359915786,1710.6896220402664,1
30.45131337108576,34.09050640029359,1.3559463015157522,1679.9816786583526,1
16.283156131802894,54.663221331298715,10.060938183066808,1410.170969726863,1
28.873122368349232,90.40902172715964,12.206849707263826,1979.2,1
4.2,32.3297885181773,9.29959708341926,1519.1730029326736,1
35.62255878937494,32.871364857006675,9.52163076368691,1587.2673230055511,1
4.2,61.27878842255468,8.419765557278247,1366.551127470696,1
48.963282921527224,45.657573968861925,4.853115356989199,1699.7902803688646,1
4.2,66.44110077253976,13.087860094531175,1580.2359775289149,1
20.137273981462815,49.73158861160623,1.0,1403.4330471125418,1
19.003991104464816,29.513743747377816,19.360554024124717,1334.8062673309023,1
13.887858800658599,57.99740000444461,10.0366099336047,1754.3436664298818,1
17.403418292735036,5.3,4.24628187621843,1230.2154642445278,1
7.817289296365464,15.807781078894045,6.842087045408526,1776.0849099690734,1
16.587199139583234,63.28064727131264,17.68492474370121,1521.2583171167003,1
33.63179130773819,93.73544995072828,1.58487259064297,1848.276234188428,1
35.46158882982761,16.745064421380107,9.045738809051816,1979.2,1
33.19354362017482,25.211112205609542,3.0195234787207745,1929.0480909877265,1
10.140034526601289,7.963685476195515,12.153020341829098,1373.0290893209926,1
29.913164610574103,30.40903181682563,3.0036166399501223,1750.948492183986,1
29.87886793222669,84.19863827974655,1.6967064184017193,1392.6986698421867,1
22.44562852709453,41.766673500769336,6.520619898306675,1700.6384254604852,1
25.846268402497916,38.87485189657863,13.026391556731056,1701.0801868931328,1
17.07808501611742,5.3,12.821547867382602,1586.8401075469437,1
34.148418214748304,66.40631306933759,4.5706693656689925,1761.4578583200926,1
33.788696716886854,24.025221434367097,10.112908158114616,1625.7209986119565,1
33.16625089928978,37.483484843656655,10.299160307424215,1941.3893095729659,1
30.121674891805185,33.24826239744796,11.383709463434514,1720.7212335098598,1
37.2808862419344,30.21227353310322,8.061550402941815,1877.7151139321613,1
32.720042136583935,64.93189467012525,15.37611424355102,1979.2,1
24.114474736589614,26.59535285896408,2.6307774197636506,1468.674524590886,1
27.830945956916807,65.35995148077097,14.425711555532004,1834.8856616518094,1
34.518972126857705,57.47079601698178,14.092634769296513,1473.1002048745918,1
12.613081786571856,5.3,2.312185272239206,1185.1702873989807,1
24.453610366508368,25.983912814659835,18.923455526749343,1707.4872444230905,1
41.771100606279084,76.12834966061155,2.267042332457881,1979.2,1
18.056498738211367,23.311006035444528,13.061759077335958,1617.3302873839903,1
13.253603885173348,99.6,12.404492899148131,1404.7257239988828,1
20.158018285442488,53.039830997348915,3.0571956314585087,1342.5747266817482,1
23.16948615350023,60.10379677188676,5.171127889359211,1932.4410993658175,1
4.398930270851107,48.75395236933979,4.813349883294401,1484.872095731771,1
4.2,86.34524241398796,9.612437673964942,1637.4902240513986,1
19.704320670312843,10.124405316694748,12.009506186134132,1889.1373655549585,1
4.2,62.92170230635965,12.194268686276287,1591.471127775447,1
24.271994292289797,49.74443703402126,8.914715449820418,1779.7857447881017,1
8.738746948322275,51.58293862704564,19.7,1301.2391499379487,1
17.318802707394674,38.97623044506061,8.288039181214655,1664.8434907333228,1
24.888835871628164,80.93222161925166,11.1094973038912,1659.7721666809305,1
12.192873380543261,60.52941684855823,10.100293586500612,1598.5719931558885,1
35.57392556009424,8.483883471509891,5.610342505825146,1672.6231208243564,1
10.037459814204448,97.51815919242831,15.595155825277317,1659.6340094015545,1
31.37367568978017,51.11910280585756,7.559183288654259,1680.6545380761302,1
18.70354520006255,48.84664826123577,7.241680951665416,1384.3851030750607,1
33.945480161358056,16.40036782524366,17.512397633981298,1573.891248035497,1
49.775297824833274,50.94989566284656,9.217325734984861,1646.9823447020954,1
33.94514519320662,43.88556308629756,10.26343794080681,1827.1371108839612,1
14.254198015949097,25.838260515814586,13.749770322561684,1670.4809490061227,1
30.802847165983554,25.141669089717258,16.858766469689492,1732.5377940112808,1
42.823091348555366,9.535547387234509,3.5020822748497666,1824.2190342614595,1
10.044098533022533,10.645366287155795,6.977130870008494,1622.9463234865877,1
33.05381304830077,57.42478778917526,10.200811521238013,1715.233822818579,1
4.2,61.029939674345535,8.305750758278297,1714.2071242849825,1
25.497654929029615,8.992968205433513,2.4986159066133258,1833.3687016179624,1
43.66753927663565,42.12941224909978,1.0,1979.2,1
35.6568780070376,74.80806987487507,8.854720510186942,1939.0337774868792,1
37.44081431667648,56.19583758878072,1.0,1562.8290652133276,1
21.994646187189126,36.514688816777976,1.790976485052994,1602.9337560480394,1
9.266874302081076,68.4267830001336,17.360834414878283,1452.2997853162938,1
4.2,16.026991558299116,14.635943213619104,1068.1003747291224,1
29.792597531559565,22.07362295360942,11.558105378440471,1458.1082257335927,1
9.674923659749282,42.87030204121139,17.48262934791099,1561.2698648602232,1
26.633015230205057,41.30053705401279,4.152432947911334,1538.9751047335592,1
20.616098573316116,58.28868344142262,3.958183872711855,1313.7056015997296,1
18.627067218008417,46.712647064076336,1.0,1688.7909183806507,1
19.30888038947782,36.38724533598467,13.67281142039953,1602.8043508564306,1
40.18203605367924,30.068956477741438,11.44661804251618,1893.47701585466,1
20.777796503753443,48.8185296787587,12.652285608030935,1810.323833605731,1
30.85779026683396,50.65175729373609,3.1660270135779696,1885.161361372921,1
4.2,55.74584141357994,5.4058065520923115,1655.536979148733,1
4.2,40.99855167185676,19.7,1440.100310276806,1
31.103317545903323,28.42900515431597,19.628686893494958,1737.5920365108984,1
11.398148434993761,65.47094138495875,4.544097162509583,1540.239719978837,1
19.029005690472495,17.015680469829103,4.311465577623835,1466.7447288942835,1
20.458906571148912,57.618262256261374,10.7048972330371,1745.0817346503986,1
47.11137777128437,62.59690727206842,15.53541897824146,1889.1428086947037,1
59.64449097014227,88.50732322794562,3.6761500938577143,1896.95750668393,1
26.840610633902607,48.32917093247027,14.09989515264208,1679.8601789636566,1
15.605382573711658,54.48153331129322,13.993168379270333,1731.0310679819045,1
50.769228580124675,72.20130319259881,1.3752685893607843,1549.6676226890277,1
15.270610460561539,99.6,7.12897996219359,1884.997311064402,1
12.567100503970316,47.38862795138404,16.785796098998876,1522.881066970483,1
16.426242797157062,74.61590776332353,2.283078612496955,1706.7288371744767,1
37.2611683397929,38.71465968042925,16.319317322433324,1783.5060198426931,1
16.44771910394848,26.62893122965261,12.214913297752132,1799.289431996163,1
13.859776860424558,12.140910467720843,4.032895582337488,1203.4032619654079,1
4.2,22.171912418721515,14.145626920180861,1636.9786658930714,1
28.759393937591412,56.56527217453097,2.390522717914365,1979.2,1
12.263389043015229,56.17535700302567,8.109852144749354,1476.8592169759122,1
41.96406975351014,53.50085253498121,13.81364258177836,1741.868888935675,1
62.859697292171646,60.837157154744986,1.767445309723012,1715.3349618730433,1
27.72538462907255,23.385093385778426,5.582526021174051,1390.5267437201917,1
22.434802775488016,81.27171433250392,10.241994020965869,1547.556363321361,1
28.047153442649243,47.11814933195572,2.835008452183316,1511.1614871667794,1
12.480380600479373,74.66007383518472,12.270246313856598,1979.2,1
28.702297357077725,17.377564807331154,13.161053636462324,1687.0190589780168,1
10.306802465861425,49.70498247286242,8.095214445486196,1430.1968688277059,1
20.38034392827442,18.067388038505356,1.0,1291.4131620042615,1
25.168624640663893,70.82401877414142,1.0,1774.8513629470654,1
11.67015001122642,10.234970937363357,13.423693366119469,1820.2181209899186,1
11.374514001234182,67.8440908444708,5.892446288357519,1587.895727283215,1
13.758708660913523,90.66046016190494,10.191940536224395,1324.8757559249793,1
4.2,53.97583661742558,2.080455390707284,1602.1591694201234,1
10.426658424707961,43.25741429617085,14.507828081597248,1384.712170642877,1
45.21388728606675,55.84075006424281,8.968370457590819,1979.2,1
12.390160812827258,44.7432881449029,14.7189793153752,1642.270803461693,1
41.436561392581254,33.447860807938284,9.729257834388736,1658.4516592611344,1
53.22984097376264,55.29355944324559,13.772973308654763,1839.2173195860971,1
15.797314298593978,10.227927956854003,15.021375533768976,1442.1156362104844,1
26.874138265356205,36.57421342200473,1.0,1505.407573794264,1
19.934984063841377,75.9631301367619,8.47093468193032,1588.7746936889787,1
11.303702436694001,44.95455564407733,19.285766239742237,1362.32904799326,1
21.594116556852867,5.3,7.502985086432759,1513.3475198362432,1
28.12872463019488,82.75203257522935,9.52988094404113,1736.2396164988886,1
41.73151209631518,23.979304991215383,9.879503368091868,1979.2,1
30.159373276184716,41.231987233715046,7.083525168605112,1711.377507495789,1
44.53400688176839,12.074769873490993,12.374367087637214,1403.693767940984,1
16.211947565124674,42.25097477140124,15.530489318747442,1742.9972655966815,1
37.24185416033905,24.549456997281464,9.450877843473219,1526.115107188563,1
20.958374557632165,39.51690565482505,15.322228827916476,1528.5605650782254,1
18.756820982870824,37.12345703764815,19.7,1819.5604765167977,1
4.2,10.855158736300055,16.20943543479369,1632.5194581434705,1
13.909737472320552,87.9889104380608,17.649977488281852,1483.446946647436,1
13.283896456046163,63.07135520493944,19.7,1832.169230482692,1
34.66567829492743,5.3,2.615112916182043,1637.5919219067448,1
19.993679466869857,60.35517849722346,2.3887894964118823,1458.8870481984222,1
22.869722119884976,38.710656400008915,1.0,1453.0369480972915,1
17.20616199302016,50.660608877457214,16.87170332547376,1450.492202624335,1
12.297055936819172,5.3,1.0,1140.4421318196796,1
29.232081750636453,55.43921301132597,6.093784238062266,1492.9013579037066,1
4.376534136023903,75.38827811120966,1.4801388850648092,1450.4302126301643,1
43.20137624044048,5.499221036343926,2.7212730016280924,1274.629740849944,1
12.266151170688554,66.75233339836844,19.7,1518.8750293562218,1
33.563676044482555,99.6,6.1659649458391685,1688.771396548334,1
56.597479004105814,66.59283182824686,8.749673564696156,1979.2,1
4.2,95.81921061574431,9.588709552440015,1829.6833448165999,1
18.375106524052335,58.87880223124536,11.87007776458953,1713.5998005966173,1
11.456469501314233,46.766779161606976,17.566479094293555,1878.1952502448453,1
24.55962005625821,33.37238732099297,1.0,1415.403935022756,1
19.404883173751607,47.77059816872147,13.481290233484701,1636.4952593925664,1
31.37091018167721,52.47157360161966,7.338312941911385,1832.7660731134897,1
23.898569942654234,25.401476930865083,12.808561001486954,1611.3905986079337,1
42.98569359081146,92.40091345161676,12.841190042295885,1814.0159317567998,1
21.280430045845357,63.48731565790823,1.0,1815.1331452780219,1
27.190721761218718,5.3,1.0,1693.661217693441,1
37.06260787668586,35.23987963339955,1.0,1439.21744587772,1
17.13029918697486,5.3,17.22364627795242,1494.682258936974,1
46.816784577081144,11.099090054447693,11.716230979848671,1764.438252486802,1
21.179419180680398,66.51832813593091,15.607107384407929,1979.2,1
48.80563564912278,94.98346739003695,12.159216948528032,1840.1557927095428,1
4.2,43.96964892858651,8.1330985515076,1332.5515103401813,1
26.09341881469654,55.655300565299484,15.36457710124353,1704.6461491493485,1
42.8168710136364,60.007702285248584,15.121574446967458,1958.5402607263054,1
22.52138809364926,10.735570908722273,9.761370167584218,1593.3254036316664,1
8.97867399691689,63.50911056041478,18.03448115635154,1612.5217475347692,1
31.79264210337538,28.271716961297724,11.374992557044882,1548.2764388054673,1
20.478479125165507,34.328773744894626,19.7,1398.360596069816,1
31.45270835048961,90.3320333478261,8.892585223006579,1791.6967149970378,1
10.868648488503618,46.127641999868565,19.382834474315654,1846.1292069991646,1
44.43055253835837,40.5544759636504,12.172129387396293,1770.66383771293,1
18.512157671109062,39.18278931836416,9.866987671118418,1350.9013709041844,1
33.676998247100414,39.36170498522027,14.912137491494896,1664.866756141261,1
27.69325372786611,9.063181172025907,8.18007784205984,1664.250931309687,1
14.356320449173994,53.10626926726207,4.602165268805256,1382.7014231514577,1
4.2,97.22886979948115,17.321709010608622,1366.8362343839644,1
29.356357156836555,71.70619370998129,8.136035176313566,1648.8346814655001,1
27.892894980718236,20.30079033398316,11.127041131970342,1440.8409366462645,1
4.2,57.44754272227448,5.99569009277373,1602.713859554156,1
26.927161663041453,85.39550380733354,10.864168573993291,1640.2648813893913,1
21.198873833812023,93.17603728367607,10.477538821665021,1979.2,1
26.895371378580727,25.64700932938984,9.315720879341718,1461.637072152339,1
16.91645715721998,20.954560337998256,5.698160940135529,1268.7916360810714,1
4.2,50.21677478426809,15.884336255135274,1707.1306600132377,1
14.066645182004315,33.93375443149123,3.0500263710937405,1260.6961365482907,1
20.137016728146232,65.04572311563976,17.391803364102977,1549.615903481518,1
31.777711723667636,68.0517984514785,12.072862074332209,1585.2877036447585,1
31.47259773322879,56.2026962625013,17.73259528266986,1794.1906568362383,1
43.48285415611373,49.97842357991887,19.7,1731.3094214861737,1
12.671595316739538,53.300812473662006,15.1426310150391,1496.9167468403748,1
16.899844005130134,34.78681960130955,1.0,1699.8838151827872,1
16.269856967603296,39.365898888091195,2.5623326895025587,1495.4558961563714,1
4.2217228176612664,67.49459613199171,6.697041869288502,1347.618642668838,1
7.522895096281307,49.09979320911807,10.493162770260907,1430.6694785046607,1
4.2,37.153803294498395,10.898704852588434,1319.5345387176806,1
33.0629150791743,46.834852385426565,2.5146561181479763,1461.9681682914827,1
4.2,45.86378283389312,5.096781103543393,1637.506144797518,1
15.820424381113355,59.29908598168794,8.150773841706688,1692.0703465991137,1
25.915127208987798,78.71697738208958,14.664343136897445,1856.5471252071818,1
38.85809199140499,61.632015334056945,3.263945844353212,1553.956277310128,1
48.10596788892222,60.6395569025269,9.29595538371233,1482.2586137795313,1
29.819676570539496,35.56681243330082,15.446981799380975,1771.9010881571326,1
10.879910843789036,11.148503039360854,1.0,1171.2810370825594,1
46.03189640657891,45.361322479032864,2.344826144278552,1455.8994116867116,1
19.272417145931886,53.802856809473866,12.594401671598122,1496.7290203707532,1
30.001622931688374,79.48707788834598,13.406151204180263,1325.181080390908,1
14.827344866366245,55.138376534043935,6.5175993122479,1636.0424228635904,1
23.445012321080043,64.45357331878851,14.472711536573865,1624.6423652737153,1
16.30574578398518,87.15261557171239,7.805186899546471,1734.319465549584,1
57.850102592406586,6.228081072927132,9.398403024685859,1616.7686318862416,1
31.379775544042886,26.075284917947968,2.640870920144118,1796.8786970606782,1
17.048796849291808,50.22876528124017,7.5559850110163715,1541.657512325855,1
7.856194049159143,18.78813920318875,4.347988067452836,1668.964220119907,1
28.650363562875693,55.74977253115655,19.7,1979.2,1
31.60095711328281,87.16504228379824,14.646462794106142,1979.2,1
13.502953855941445,20.68304009177022,7.964193051626628,1840.4073346343826,1
16.651231998492733,80.09361484875507,7.331879672638768,1807.164037609569,1
17.93298055136614,48.71485671135881,17.093671874575016,1907.829271361856,1
11.609759725882455,5.3,6.802310846999567,1543.1084979878096,1
36.88932671120365,62.417079767440555,14.178642227007751,1687.984038524626,1
47.95905235829912,45.25823500784174,3.375354913967744,1862.267124314079,1
39.1579764368265,72.22017067993386,1.0,1914.0077195533015,1
40.62557709182301,62.10113973905691,8.191841190981641,1575.925179995538,1
6.727905554805172,69.3659264070843,1.0,1749.164529561621,1
35.15340011029468,56.795778832367645,3.765117455023362,1329.618692388886,1
12.110573998672406,62.181329506849714,11.075393673432387,1525.8519316681684,1
30.15844217909435,71.69903807308651,2.3194402195196764,1979.2,1
4.2,30.457281815662466,5.88202318542569,1752.674958192805,1
31.687560800300986,50.74207735197183,8.528048914883902,1810.0047295737068,1
8.686834936614538,77.97690916108058,5.072504546432814,1645.6306425905311,1
5.542548092371103,52.94834302590109,7.020729083820604,1747.910192177328,1
16.059062703712048,33.03135248191872,5.6225435282338045,1897.5987303091697,1
41.17619370434877,62.89063268329076,8.289085476361654,1621.0863160444978,1
8.700024014898258,27.256177104712695,19.7,1699.829567388141,1
25.690062784531396,62.04408882602328,8.267010610130587,1384.081164382246,1
24.527862041981116,40.2044875915586,18.147185278874215,1865.0032668903082,1
30.252809084723175,96.73309765491958,15.95671752737769,1839.9044085270364,1
11.288657751208419,52.02816028272226,19.7,1631.3985259742033,1
31.240150038563335,35.42547155394129,1.0,1100.1870168101664,1
24.455680455037548,45.716425448295496,1.0,1690.5460855022152,1
20.385106845567364,62.860223076631165,4.215240790854499,1452.0645988672716,1
46.21181359567511,44.44718039220008,14.14970756191642,1866.7033152681845,1
23.82640007979932,24.19089508683065,17.322248049572586,1773.5156819694516,1
18.899300871239582,28.868019985211472,2.5303822577670543,1442.2514908358548,1
39.45103444232926,44.44408466550269,1.0,1376.4916920529502,1
4.2,83.15986887610188,16.205366859765235,1979.2,1
41.76176789155993,76.1190720303562,19.7,1873.3002862457008,1
20.467149099742336,44.27507228818713,9.442733352558317,1597.4050037748248,1
52.11883563124254,82.519630486305,16.35574394851086,1979.2,1
4.2,70.8310199841501,18.06685420396886,1279.3963841909067,1
19.783873381291837,54.775972422600425,8.865440330574046,1390.4129823887574,1
34.897466662854136,18.36632607730502,16.50962406707535,1635.9022682461411,1
31.380098087239475,8.008554598080487,19.610937707728212,1682.0194346707933,1
40.159997261515116,35.93209218286592,15.594499985665788,1921.2303045533774,1
37.93094255500891,6.0759739647043745,1.0,1470.314283301375,1
13.955617593204092,48.726099378782955,10.734799265697122,1509.368972019926,1
43.021055592432276,63.24297607090473,19.00834394745123,1804.3178173407175,1
28.163529506144204,37.18300933548935,19.7,1942.9069106238203,1
16.109650718317347,53.031782946640014,6.416064414123219,1636.7790979152378,1
26.065762632130355,55.69116547583226,10.679712033337186,1899.521992075679,1
29.704041126279975,71.20887658135732,7.196538715593314,1979.2,1
18.92759651523971,17.80010855903345,1.0,1243.160838208117,1
40.42431318368472,13.36209039096616,11.57093387160629,1687.4991800972516,1
40.36700751392311,27.492019558385067,4.443996215694342,1226.310513630323,1
19.5935544744572,69.80264376260948,14.582135418004636,1739.733559509185,1
4.2,39.79109843572533,10.804862511240565,1362.0080451648714,1
24.043400559115668,58.91118697677956,10.05094599701079,1597.7625683099564,1
25.35283781365975,30.771830662074425,17.890975837725602,1493.417284762501,1
8.146229659201474,72.86543648258362,16.796471925399413,1185.3985613996103,1
17.03034089817904,42.160337423317166,1.0,1542.4201090121164,1
24.858459276402918,49.906519124307216,1.0,1394.7060897569384,1
4.2,43.42381580665917,10.097799241514547,1397.052544585717,1
17.8023410528303,62.70112644306499,10.489085505629719,1485.469453826457,1
32.87730233016925,5.3,8.643911758073756,1338.3249706593442,1
14.839012007221323,25.332373676721993,1.0,1387.5588348323395,1
37.43940324605234,38.701987521052935,11.071831967787332,1776.6384605769404,1
23.483841241183256,22.073615997285042,6.6355023207261725,1509.1695001125663,1
20.176998148862722,28.042712350634133,12.541789423999425,1602.9095777782381,1
4.2,18.001560714576133,18.66978829445458,1621.1727459977549,1
5.4140423861144065,27.337338908942826,4.966407578778636,1154.3923164223593,1
27.564981280907475,99.6,14.614768962646831,1784.6840852943935,1
25.139157675979547,39.761851028735634,19.7,1603.2697297575694,1
6.254142256224222,36.14588732104507,19.7,1619.3666195791668,1
4.2,34.84181927333514,8.110680259856647,1846.0551284550377,1
4.2,50.793802479342595,17.40662050799954,1543.3984753936975,1
6.3960706078242495,12.114503303215514,4.114061259768585,1463.8022592838633,1
9.807019339344551,43.563730383566046,14.839603893829702,1482.6456580687686,1
29.68108993632985,33.87963309975897,6.135126732163707,1247.2771183788072,1
52.75039960685447,38.56645360139959,11.357124346143307,1717.2563539394637,1
4.2,36.87700667578658,19.7,1435.8931269393274,1
37.04791303544631,43.271287191926746,19.226824403922855,1717.339506472978,1
18.187668203458863,47.00872769704094,6.189433826029563,1489.2171241716942,1
4.2,29.119354458992913,12.876849502783074,1264.0874146762117,1
27.933757436318132,22.165575983932133,12.284042498923114,1448.448240173583,1
14.118842291024754,41.103966266697604,7.933850394958873,1907.405002228891,1
16.264759451689613,55.12940903403831,8.863397574500869,1480.6261585988627,1
22.347292301725492,85.18903123635579,10.004843394465558,1750.1619213448362,1
28.21400765470939,59.73829155608103,15.627594432400993,1342.0747140999315,1
17.531733364435112,62.81613197316495,19.7,1901.8644372191488,1
41.27237472882486,49.250378017308,12.645528192121194,1221.4252900231972,1
23.47863438586576,26.63992022756591,10.92192461767784,1978.0710149350718,1
11.65146214410291,56.107314106508625,13.111674442875605,1904.496253775848,1
32.438806760782896,45.92820009284081,7.877283906364559,1721.930052465922,1
13.810249083017506,47.64531759353546,7.661838322910777,1531.0112191882276,1
28.242746384915566,50.95365196563091,16.340343508077748,1646.8967187288415,1
16.08051706139066,45.612081504957594,9.867987533013235,1328.6089903085108,1
17.612132805613477,35.861206596771744,1.0,1489.5560054612013,1
52.97987675957403,38.32059505978515,19.7,1979.2,1
27.31684782276352,17.480060349383727,19.2044435708262,1432.63270564264,1
12.764883711607643,19.16205298525489,8.00026867961198,1483.9648644144654,1
21.757253970462916,28.63681636166511,14.544431428213226,1697.7145233738086,1
18.065731498539606,80.64462666350812,8.052608870243292,1631.3629858927582,1
4.2,35.58964267206304,3.295264918044981,1445.0789528926878,1
6.03359770037277,36.129044927439686,14.310233464974988,1327.7689703903827,1
20.35048863320573,42.414721832496696,16.274392886208457,1666.382278703183,1
4.2,34.83589334506257,9.555672543272928,1413.3187418266386,1
34.93248874555,65.47637046780227,7.515950344788209,1589.7903662114234,1
28.605528076704264,51.820795819192945,10.086144929211812,1668.6256998116714,1
7.361551952652041,21.74767393972459,19.7,1641.8589214916083,1
31.631126547201006,5.3,1.0,1464.9979181375445,1
28.183908773267618,66.46803136378479,3.4861591720466656,1713.255829198246,1
28.434897710368706,61.21753861517313,15.036380159146649,1894.8194924880313,1
31.498010812020762,31.495075967747418,4.538297168033366,1740.6416966972452,1
24.963367702027398,67.58954076869989,15.62552505261591,1553.760592392688,1
14.215070819196214,74.53607351622372,10.592540468397527,1687.985413350228,1
37.238615995477225,73.17624657856639,9.433564159302025,1717.613265547875,1
4.2,75.93158200413568,14.530714482289616,1733.0038596539055,1
29.284364186576365,39.18779741205712,1.0,1909.2545938219655,1
4.2,62.733383744296304,7.663053917417019,1578.1634069965771,1
48.3771325974802,67.18828339781338,4.186524863825948,1891.5712539171793,1
31.78425733953823,23.612607435236505,1.0,1543.9473643513622,1
12.927805497173235,60.10341296036744,11.948228365661574,1748.5078379072584,1
10.599775322484906,90.70774484926301,1.8603823426605661,1650.4811305956139,1
21.89541068865373,29.364071192307183,19.7,1574.1101175655456,1
8.968654054084075,22.707990085948957,7.170635035458526,1651.758861797914,1
37.64173859107393,58.38950177159524,11.94875444591844,1975.4084420054032,1
4.2,44.60533410494823,8.963027026856153,1113.2909182430344,1
9.180397412078245,86.56409999090457,7.1159328928862156,1779.4347967739373,1
20.263985619362668,8.436070605793269,6.381232038527154,1688.3703224645717,1
9.059269482346517,55.424876007625905,19.7,1518.5085789547666,1
4.2,14.530688900148924,14.788427082255524,1511.152835745798,1
21.161518031250104,38.48710135195858,2.3422733037176506,1762.3457660656795,1
16.371982419504203,79.95316089969828,13.308508223758185,1702.7952279515741,1
24.91571303523584,54.37573697753888,14.506248446233208,1515.0113156748607,1
10.691648590903554,68.10287335848155,3.274394461617586,1684.7377966818055,1
37.57075249208599,61.66811269359884,4.032630588780882,1771.2393460835606,1
5.551195614056578,25.927346380626602,1.0,1285.692830167523,1
19.468675529110477,48.380256665611434,8.77960441045073,1503.7482864239053,1
41.38457451347699,84.14654685448048,8.006566978041258,1671.5493765204533,1
15.440828303260558,5.3,6.949668484539411,1587.8177186985608,1
28.45381758915348,45.278666654498565,5.043337947677124,1787.899711442387,1
31.677397463093733,55.9139871045441,1.0,1373.7497570922976,1
17.32812403747446,49.40080035387317,12.983915639797532,1675.8661745030538,1
4.2,34.95150863061386,18.10866769296925,1873.8169182519382,1
17.230671932159833,16.5202842474185,8.275829408259124,1634.6795754312022,1
28.054238701914663,26.040781232367287,4.3251275021935145,1641.347208790159,1
28.12389523881923,76.28382075062434,12.972588858895815,1737.0034869287333,1
37.35933866796393,41.25783194484215,3.290303553426437,1617.6554472529058,1
46.166182812059205,81.40597259091862,18.128486492550064,1763.3753460335502,1
46.00820113611563,36.63325673001318,9.17923655451325,1717.4390877437875,1
22.946822791995032,69.26883409508193,17.437109187222056,1617.7802338964511,1
20.914689318614897,33.79120792556209,5.1511889624772955,1779.7283121471182,1
36.217386966211706,83.16501843959156,17.023465875362717,1654.4593200851943,1
37.720267461550165,57.44688818459137,12.317274957512607,1747.9036080481908,1
24.618265559975843,49.642422788460784,13.831287766325884,1815.6545596394715,1
4.2,74.35554080667023,1.0,1579.1935290877761,1
11.34116429785747,42.58837752452415,5.515574133335584,1602.965813779074,1
13.32437962347314,99.6,12.969561630393484,1732.5875090377722,1
15.061598158815883,53.4668087751831,15.99842053133752,1659.270932427594,1
4.2,88.05903103526207,12.503835163096714,1685.1715714388524,1
20.595073959461644,26.034226239766117,18.285528813737336,1601.025338750292,1
34.509832311617906,81.62796078955299,1.0,1979.2,1
9.439315044289922,76.43865812189992,16.948848419067986,1612.3669037727052,1
41.025694832819525,24.494001142419663,9.706730149729799,1708.2933549204456,1
4.2,64.77538911549551,1.0715214817007706,1586.352085327736,1
53.16757980102125,99.6,8.140122234016992,1979.2,1
39.462618631643664,39.14486451684438,18.053010488806326,1856.7975223584183,1
15.689517857655536,29.47961082748067,9.758488244084395,1734.9996066805347,1
6.582899222082862,97.02402110837448,8.530867216508579,1328.3289484882164,1
43.75823922079556,72.65492383508547,13.77023426770016,1979.2,1
36.91408017104636,30.142131066257665,10.475719749373171,1931.266779618374,1
27.400354297557335,24.07954109687896,5.645448068478793,1645.0190404317154,1
29.36448553182293,99.09294458291339,2.3455366254999674,1765.6784031656716,1
20.476877085310537,27.756980226962437,11.369980015278513,1671.1672411177149,1
9.83183164506138,44.38666269619104,19.7,1262.0070527939583,1
19.52735364431757,61.24288348201976,11.802859643306713,1481.0290964671162,1
22.687043238087305,53.56419441087105,2.7900299355160074,1716.1299271688622,1
30.766768998011333,24.216005829410552,2.358635408098376,1310.1510762332193,1
6.0623929085304535,8.92727037838685,16.43015246656168,1523.307545454744,1
35.091065608856155,60.99595572620524,16.660793830315903,1793.1778707390415,1
14.086663851211568,58.97094570417329,9.252588026487617,1519.9663369081784,1
12.296006758637336,55.165902548586104,16.770537003510952,1276.3628972153213,1
26.642241886373853,78.93971795441608,7.295322220481839,1772.4039220025745,1
23.663968278614206,62.594737004838905,8.503317491874828,1481.5196992298386,1
22.106642535436514,78.58547414048834,8.778139801946564,1635.141691879635,1
31.706443177659345,38.4763612492421,16.267644760875097,1603.0853435870258,1
19.880569929817494,36.695704114771736,4.467485542768815,1669.3033807254246,1
29.030038822649004,95.51596053494973,9.666952489922748,1603.8796052950056,1
14.04508981508509,63.82560337970682,7.731672854663621,1979.2,1
30.535603283685447,71.30604644787722,6.042335759427894,1630.6225629133357,1
11.312608984280436,78.99553432719813,17.0388735980668,1672.1983481880388,1
15.192284190514489,84.20117859605969,11.633524995352182,1468.791844804158,1
24.338476434290943,36.71154752280551,12.506277174511734,1410.1743112807658,1
36.820284020431245,64.02896399909467,4.422725879960692,1877.8886288172457,1
9.684366334377009,70.6572068586313,12.755970650425473,1712.7847650008298,1
24.82565623428623,11.769105103823406,6.039027623832585,1596.846146882345,1
27.87636633030618,51.956527921683396,11.149618004635169,1785.2621619134331,1
27.49875661095088,45.53908920831932,1.943797384697703,1628.5559786680967,1
13.530488277297192,33.473406334816886,11.434215932286664,1979.2,1
12.68266014691196,35.07812707242673,11.22531987310714,1137.4626679599687,1
10.918209798855996,34.7845124649014,11.739550020745881,1486.7301226690095,1
22.095304163936802,57.40299112301486,10.27834908228891,1855.148492261924,1
25.300687138988337,57.59842168105525,9.899051743416207,1770.5680727525348,1
10.483435462613865,50.01814475060898,10.741349182245854,1567.5788784702627,1
40.03597772959798,25.4725811416582,17.469571135572732,1661.2980727514885,1
4.2,23.488092473035884,8.256800183828815,1497.6218425989864,1
12.930631046607251,65.44809854871181,9.053833392386057,1438.4858683046543,1
33.60770902199412,69.62695774352629,19.7,1505.169272785269,1
7.880052459135738,26.26363837269279,5.128775082932206,1351.2777906573715,1
30.279814563030595,51.86366127989049,8.651332397988176,1840.5043760598176,1
27.57845825839673,65.33012405494486,14.970400718987936,1797.127319444462,1
31.03418448728194,62.06330927072004,1.0,1567.332384550369,1
23.070322641637986,27.560240674626563,16.68508029304145,1686.1811813456327,1
4.2,47.11592702187929,8.911422270653333,1712.6709964279933,1
30.755098094589968,23.923328862319636,8.529569403383022,1606.794700121933,1
53.704351876904354,15.290545156455728,9.354130623564341,1697.882557017054,1
8.625336575645381,58.43501755397037,13.233937264873685,1408.5209136932249,1
35.57764372962614,71.188809885062,1.6321523635317892,1481.4794035239647,1
30.845346055314494,52.069822984786725,19.7,1486.906764902603,1
4.2,40.006070574651375,10.212229751468275,1533.7562623827782,1
4.2,88.24855153845097,1.0,1501.2536947553613,1
38.362735799696985,26.585943199121882,6.078739924447246,1662.873326103626,1
12.979836485592017,93.00610191353346,19.7,1412.5603224476456,1
21.53647578141899,71.31798867344735,11.439426314320372,1979.2,1
24.301316102280172,45.14252078820016,7.803814897887083,1628.3946631941028,1
25.225436843958413,71.40391875979778,10.678361827467047,1821.6942010062414,1
38.92677505909313,29.175566154068925,15.057420470752838,1848.0084531040293,1
28.048597506776268,5.3,7.511479660423017,1668.4246062865154,1
43.41760898082939,60.613749268172434,7.435789581208581,1749.158692112516,1
54.24424062534514,50.47089953388389,6.234966535631184,1637.9152461728706,1
35.9883580017322,69.6999057923873,18.54550347281787,1794.7963787393383,1
4.2,61.40487415240445,19.12275035004241,1531.1163925669325,1
35.81772190248811,15.016639486452334,10.78368070472657,1619.0267068288153,1
4.2,49.653000289788906,11.915867943407301,1423.532128543536,1
41.608551418482904,38.81765126246046,15.19413376132052,1935.361435247796,1
33.39125788188569,44.745098741412384,16.940418881441985,1593.7863331508645,1
25.845591795921038,76.90157935500679,1.979935394560954,1499.1688937095178,1
6.834221292895032,21.349896376136087,5.628620840558678,1763.742260988808,1
12.727468351229806,30.893338969641558,8.035994567253224,1327.2941635973648,1
20.973776008831063,5.3,2.776561903847539,1750.7693692641053,1
53.23260231727104,15.663267478462785,5.012810266923327,1777.602995983605,1
5.376677714835235,68.59799157065129,9.750146476756198,1564.6009513315598,1
41.963738142223846,54.4153617733127,10.456022111219445,1321.8119957004353,1
21.5441793459748,41.15797691089773,19.7,1576.8366392662097,1
23.78384913378669,46.92687803622677,6.423465910508391,1752.1330319512915,1
4.657858391509258,48.46834289229918,1.362289160075889,1467.9695345203443,1
16.660927689713816,69.9565883582339,7.027319864324053,1903.9432706223802,1
17.73079904015001,44.52584432197811,6.6865083726120265,1351.8931531178641,1
19.187390552431143,80.66892494695571,6.090054386971387,1250.075023709036,1
33.2615435147679,43.06292528035467,5.46500926450925,1700.6741051777774,1
11.92967419270175,32.02767377712013,10.679227812275224,1178.3444519225018,1
19.380290378165302,45.56507969235989,9.900493084726296,1509.8505049738328,1
27.183701790958807,64.00563291872398,11.466301746190606,1651.3381320323833,1
13.136754204432293,41.33164927104623,1.0,1497.5844686298985,1
16.330339137622907,33.223714468784635,19.7,1645.8026215970228,1
17.353799021955794,99.6,1.1835575007187504,1739.8869736958616,1
42.3065275189814,99.6,11.318052683888622,1809.1549200845475,1
29.381826154456675,29.56259510277737,4.601277553155532,1627.716340595408,1
4.2,83.6377182182508,4.393281489072291,1437.4418403384036,1
9.36653861637574,68.07881890826822,14.906011564220307,1785.4959074968665,1
8.855514766930629,71.99775023309125,9.778270577750167,1695.9600636605826,1
4.2,65.74052062139455,1.1084414465074772,1791.265117968066,1
5.27319755270619,53.64171624177643,11.155965246294558,1429.5262684882596,1
4.2,76.97286445569624,17.333041544444157,1627.4635084058048,1
33.10544800719012,53.63237855068361,16.72457314210097,1947.012343246291,1
37.61363874999327,9.419707882945595,12.19192042640899,1735.411810357269,1
4.2,62.524599135926366,11.387189446337816,1150.170470668117,1
35.486177025518884,14.312446105225852,15.551949995267883,1941.41237329032,1
17.140481340394068,41.70121207345089,18.337829055810374,1531.762875627846,1
14.55177162380388,5.3,1.6855009617798995,1922.671097414373,1
32.87250952193434,34.48817979586861,5.491046604269829,1798.9586071830474,1
8.345028319086534,82.15408487726822,19.7,1472.0010512385636,1
4.2,77.32887761036102,14.565927801014919,1584.742385711684,1
18.405069016525765,54.22939034789016,18.17279900591796,1979.2,1
18.082301012111227,20.844911003621334,15.438414352358002,1979.2,1
51.360117015526995,80.57875577740637,6.244207918443053,1979.2,1
18.66309614844869,52.86402184234765,11.847502052935253,1773.7016770702523,1
20.36551349068906,51.796108901293984,8.117932435437567,1470.1638240068567,1
15.386325886042123,67.40393301394967,6.5381312625300385,1691.1486660879282,1
13.594118445229995,70.71161604196418,15.198818534408524,1461.7905470325697,1
44.6683200379288,56.48247745486305,5.311744890898217,1457.842126865899,1
14.175844357386739,65.47057588431117,5.819396750342251,1379.295852768259,1
40.660334959370786,54.7654746995512,11.098417537534498,1837.165548613219,1
14.436412902684136,8.728246462760275,11.211599203262816,1801.5969341477276,1
33.51240093446187,75.66595826431116,10.646891982112903,1769.5006341161666,1
23.21107835773584,99.6,13.962882183456768,1538.5647280484302,1
41.84196085939145,14.423353049507071,8.465192008117405,1979.2,1
6.332679064258265,33.93759857217171,12.130802108718907,1366.4537941966812,1
9.618527724131988,63.32599695950897,18.52640956747654,1764.2421622965735,1
12.587468172305792,34.33170483584881,17.327448348110824,1439.6757750459933,1
22.223355756204906,91.31363221883177,3.994476511077443,1706.6792567636364,1
20.270162693574115,61.26042902428545,12.708317664749826,1134.1641786390105,1
28.32852431210616,82.38911321857468,16.346859634332112,1856.3297530757684,1
15.719630136386815,61.86481742866431,16.727190135088684,1749.346770039081,1
35.78459481376857,60.80469764877279,16.01268140408982,1979.2,1
21.79386490589796,12.137673292090298,1.4790773466800662,1550.6185593752693,1
4.2,5.3,18.965302365437175,1163.8682665579497,1
43.864417330278044,48.977649834152395,3.95754406226626,1715.4677250949717,1
27.672768226083072,70.22261165568383,19.7,1872.1736773661423,1
4.2,75.44278928055024,18.728675783314415,1620.9791014817915,1
21.105604511463174,35.89957561219145,3.528813193292258,1539.46320044049,1
18.680322881602017,37.87939152771816,9.001990010528898,1441.2987819987845,1
33.18249547922601,99.6,5.971395658241393,1652.771724668894,1
23.134296599470996,20.492333649028673,12.168804332420546,1876.4482279697086,1
34.26314693855391,37.7408066270813,10.214506757939697,1412.3817359211348,1
30.531157086323116,57.90888959587335,19.7,1273.7798043163739,1
23.074328588499736,47.246122863397595,11.620043750155537,1851.6464104535714,1
5.768910010075125,75.71122969563078,10.305703045886313,1615.0588607822508,1
24.60210626031118,19.548923304265205,6.066198102197889,1762.690080183027,1
4.2,58.26882883215117,5.296697637620814,1532.8984832676229,1
24.439668130997575,63.674117565195985,11.049722719643848,1826.047592495582,1
14.881912414205926,42.0065913528165,3.507227489479458,1425.4808687943778,1
4.2,61.36197742528696,17.02047141310348,1499.886637822061,1
21.51106213725965,78.61127017816233,10.899938363249955,1633.3873182927298,1
4.2,95.10022796250242,17.418807699222754,1979.2,1
4.2,86.2302958960882,12.839958845979634,1401.424064689122,1
32.79118400107015,80.85059042927523,12.919395115591234,1842.8887664665394,1
52.89898417408916,99.6,1.0,1929.0739813450268,1
17.946904974624722,48.297868021371166,7.759626344892576,1717.599514851329,1
30.0442091454604,66.70837441040283,1.0,1800.047426392472,1
16.891872743155997,13.601815314376587,14.49106212082268,1471.8637648678916,1
36.828566644723246,58.425109283575964,12.186785368880766,1979.2,1
34.859358705847455,23.224161228897074,1.0454462549152908,1785.1698659211993,1
40.766546809635315,71.99819420147648,9.025697268565546,1820.1724321375525,1
23.189778298238068,63.568805677809095,3.897221966220891,1741.3286883901283,1
30.63955317379069,30.42619489964123,15.267392347382561,1657.5894969795654,1
9.369299942955063,63.238862845843435,15.755214145941363,1805.7801387245208,1
4.2,38.99453915432409,1.0,1311.7894140084732,1
40.03649853718994,77.97136026748197,4.389709859506159,1815.2728413933896,1
28.698696034497363,29.121190848791038,17.49556677338664,1651.372361101238,1
47.02386960291305,77.2452321218348,12.111116393268873,1979.2,1
4.2,39.5052463481482,15.182412985516244,1529.721237999542,1
14.145025672023046,64.65230119732915,8.077632572748664,1549.5683706189373,1
28.898634459636263,22.757058684698414,15.825066843301816,1609.6326741328103,1
41.57766223828449,51.65240091871684,11.45261206722795,1722.2834533434934,1
22.93515491403793,47.39524206093591,19.7,1979.2,1
15.966920291665136,23.999804687687067,7.847055010167541,1621.0547337880794,1
11.59488567208008,24.32429971948668,18.33989301266446,1483.9796212252295,1
37.32585066637942,35.5674715176016,15.736809279115818,1827.7599025105967,1
21.003701392846228,61.98430535617173,1.0,1182.6146009033184,1
11.088890940478219,65.45409460098736,12.95059972042769,1601.1392945770829,1
4.2,69.04128017468246,10.20651332818583,1400.65266325417,1
5.117514434259547,5.3,12.964854091597644,1505.7217318336602,1
13.388307778596038,37.97490164346758,5.026844957143713,1384.2904215454462,1
11.875100446279685,30.21920425428969,19.7,1748.8157150402335,1
21.637045008907748,99.6,19.7,1678.8028584450858,1
19.75346606831532,41.8545073864462,7.3982441710273195,1565.9152833466815,1
43.1735203246068,55.461952940038486,4.905674538742354,1581.133038353217,1
26.727819672727517,17.96813016210365,1.0,1465.218685788699,1
13.266861509450385,46.76435392301701,12.765869750749783,1589.9993599769691,1
15.322811649121274,35.420471127822594,11.303907255551055,1775.864507916507,1
7.748923753939161,40.32900430092347,6.8286271023476655,1508.9314489606845,1
4.4629605892924396,99.6,2.5540673720004206,1640.1552728128738,1
25.87392619376297,27.129736002970812,13.645602375661879,1317.5909072713926,1
30.626673791966432,20.193923456550227,9.26349953692896,1678.5056927100127,1
38.43392552855171,21.766009883960262,4.434856805739453,1663.1092145302794,1
30.64335003737348,56.976423696332006,16.291693459706355,1609.9027056693374,1
40.17940083464139,89.654645664468,13.303356113878095,1807.4582598493503,1
55.758246955964815,51.08799758689685,2.968132758523545,1539.6309786275024,1
28.56547021179712,30.66721098659219,12.667398718559044,1979.2,1
28.497213786108325,47.647727279818845,14.32448092051414,1763.0392594881318,1
4.2,46.88764985195826,19.7,1729.8255885375033,1
8.932054671917367,29.765958514222415,19.7,1279.508935369026,1
55.52913768144885,26.738151024201358,1.0,1635.574367106676,1
7.896143777826268,64.29278352536969,18.073594881504803,1807.3966436563135,1
49.22645902823764,60.0525803451114,15.76045507913047,1667.0954677278135,1
24.08917294558821,98.60246340606825,18.376611524234626,1631.875451810438,1
4.2,47.44529870196642,19.7,1396.5517216963744,1
32.97982443590031,48.630230408875846,13.117112498051519,1826.2218090675858,1
4.2,67.53289951245591,12.366620990022358,1433.0757419970316,1
4.2,7.883316993025581,15.265986017402124,1358.907051851972,1
19.27131493554801,59.02709408952754,14.452796459887036,1474.1161040680051,1
37.99812512049557,77.1570687984601,9.031358691992281,1848.178965372616,1
36.017512320641224,29.144442131442233,2.174414159191901,1361.2438699340196,1
55.63525233625068,48.92807373873328,4.825530633185438,1466.19834455201,1
19.28701551341121,52.706543991590166,5.676707240120145,1979.2,1
6.88174355022713,47.62071857616083,10.334549235241495,1474.3430688889366,1
31.27249042809416,33.26255034413126,1.0,1756.9587457681712,1
21.928053977871816,58.02325180623847,11.281658510963187,1715.8649199912315,1
40.71184986489824,50.19220790960782,3.223303382999682,1411.1469370943332,1
36.28439394655567,69.82952429410855,8.628749809530161,1723.5777201498802,1
20.745836330098314,62.513528539574466,14.416087133691372,1621.8173129905636,1
14.349826534875291,22.43140112391364,11.283658736264567,1343.3713673021803,1
11.031273850261183,47.01195573546456,19.7,1605.3010841828636,1
15.974458108079958,55.39484074714845,6.228869610234612,1789.0214245412783,1
19.086691998066406,5.3,10.224626677768146,1672.8543967724365,1
37.08329025859578,40.091105528598526,4.8027000122357215,1683.7134679030648,1
20.5915415471433,47.500565660594084,14.325876357072342,1979.2,1
31.523692826313052,71.98902239119066,10.563347250405354,1480.57981780922,1
31.741859349916567,34.68664309548042,1.0,1175.2313971491403,1
24.859714492856487,83.39570491366328,13.971843064046244,1749.3803880996127,1
11.038268896846164,44.367038752337514,19.18931785985007,1297.705840400939,1
23.15147318282681,74.29628145701169,5.65192462839493,1536.5915598642962,1
25.010924352451653,29.39350063230514,19.7,1779.6090600955386,1
18.850127344454883,61.492664263655115,6.2146789257882284,1304.1564468879512,1
7.281068554475661,35.88996640349478,1.0,1544.3192262576974,1
4.2,29.814689902639092,18.207693870033502,1427.3066928186363,1
20.761802123389636,92.91738374146564,18.08256037658864,1486.8091995810394,1
26.344908094869385,87.60826862085187,2.860513964039675,1802.379625519805,1
22.633078326114187,35.05831695019954,5.44345769987122,1552.4794555096723,1
26.06054676163663,99.6,3.497061212886093,1525.5312593858516,1
23.455150145975637,98.19884785632283,7.809914684917191,1697.5308551159007,1
36.15936360672136,47.02992325645266,1.0,1714.910925816506,1
11.917648062548922,38.51247068865082,14.619886544151734,1594.2220304964308,1
33.42655042184316,21.05996000724117,1.0,1652.7625270684782,1
40.061769289042246,89.94893832165127,1.0,1930.676630038287,1
5.100729057112368,99.6,9.031122974063843,1614.5136790121617,1
49.53294782429996,50.579104278330654,1.0,1809.3991114876005,1
11.13272677551871,44.340189808475316,5.77877598132951,1457.1598076690593,1
4.2,45.28250673095412,17.098513860293888,1619.3654167229734,1
19.520216262832285,70.38088344087258,6.894959074023855,1467.9892203945585,1
28.92442264156457,32.29242948719663,13.186916977735454,1526.9824063184478,1
38.01653547384799,78.77128843365811,17.338673086137483,1926.358347000987,1
4.2,78.22660225163824,19.7,1838.8811305647557,1
4.2,57.97632810461776,15.761955682171642,1417.5413722158653,1
29.552113503457722,90.14181355961155,17.93958828244504,1517.0640935766362,1
16.385180576570885,59.91752002838311,11.562315642930443,1705.677780390834,1
10.15972826096052,43.87671900512635,7.895221265482627,1463.467550586914,1
21.023815970078566,63.12366710278554,14.935387432483445,1580.7960753431573,1
32.69253197721828,34.21294444594115,4.845721675398125,1803.3113355356386,1
30.192680122957213,66.56668030021898,10.45039247676817,1491.9816214880484,1
20.85724830786043,45.769845253688956,7.237602698105252,1431.9925123030378,1
4.2,81.36237305629669,7.89177524996596,1455.5704123647213,1
24.631558432532504,65.08939916206037,18.65743093858977,1549.8064965261842,1
15.572289119238455,5.3,7.826124267235658,950.5612278014494,1
22.24604654930831,83.4740340454804,16.100903652729986,1751.0149373161323,1
27.173373122679287,87.42786262776134,12.497775369149073,1788.5772549053909,1
20.9754625462998,33.88815594275873,1.0,1513.8833440306846,1
21.67102871669074,73.98584577038079,9.605378192860282,1452.9673835219437,1
31.60419209713793,90.91989878661636,5.41174814366502,1900.0886861056154,1
31.511924879082006,31.175150285453544,2.38885270220616,1840.7704009860358,1
37.66094670337989,46.77982665446545,14.742019438942748,1398.3676750078937,1
8.496858831238479,54.900322080170774,13.195965518342538,1129.810870025734,1
22.22327718129655,5.3,5.548122640984846,1704.0375069185463,1
17.732990077048733,26.451645158830406,9.436587552484125,1673.517071674063,1
51.74012261680721,64.008475756202,1.5463444965178077,1492.8779255050017,1
24.114126235022148,66.47869352528384,17.995457500381093,1670.2275214624663,1
11.938752905625938,26.799370355294837,3.0276813071403303,1256.3218427304369,1
22.060757332049974,80.30122452447713,9.770762473496426,1772.3817969103711,1
13.619031916173093,80.3785314790338,19.7,1513.5719921675761,1
42.006612555113975,38.84437416755487,16.56129024537904,1868.4196277596163,1
36.05273884975261,50.274712557656215,1.0,1690.8422028203543,1
4.2,52.29462725875077,11.572729501494562,1592.768310892362,1
15.713926008972154,5.3,7.373563103569381,1196.3494056521793,1
26.646214623346726,61.028173094397715,9.218794765452525,1766.0103203064718,1
25.815615211458812,19.251870582759363,15.61487118479812,1415.772198298454,1
29.895316744047655,75.69429467506852,19.7,1821.927211297564,1
32.966078790615086,14.694562125334627,11.525081472758838,1626.0970191679519,1
30.85780774139385,33.14170453012268,11.58054171985023,1768.735342877989,1
20.730858525736746,49.54413436135285,5.756924738997786,1745.9175110634537,1
4.2,72.56983403197101,2.8746704385190878,1367.2628255103796,1
31.436989354103098,75.25978799646886,6.479590303190859,1588.7736166489449,1
25.6163894578711,41.48759205202405,17.27310850216535,1168.471401944913,1
35.83454993055544,18.137398646382376,1.0,1335.8953005574806,1
14.440123822475682,76.61804630418615,19.7,1643.9060290023633,1
26.911333412580618,43.37197597900152,12.013032489930223,1814.5818364688425,1
25.14053116099017,95.87362521922398,7.694829506044398,1786.6616448923019,1
44.57178729769172,68.21864428452965,1.0,1828.0598122661158,1
47.70887491250673,60.35637933670426,9.9249617441801,1930.1422373842488,1
36.8078184959732,24.110147693957227,2.8083206410847037,1680.070899932747,1
43.17573402044715,34.928545098139445,8.427901951085564,1678.1524699325823,1
50.06061106619806,22.415620130283113,1.0,1707.625793286095,1
10.504803330862188,56.15047194016535,11.061527136126557,1701.5933540773867,1
35.04898409262708,67.8994509761171,6.9729986085323965,1845.3660063513482,1
20.759687886223514,20.277961821766517,18.603737788892623,1979.2,1
16.605859262762998,70.89614794819926,17.534375713902495,1879.7966606676714,1
35.79353734135775,59.94816507924459,1.0,1979.2,1
4.2,56.19428286928428,12.431731469896832,1523.6948466682857,1
18.320776489472507,57.51986375758507,1.0,1531.1084346632258,1
31.61336470284953,96.74074644870228,6.97219862518986,1701.8857013973854,1
18.461732317403076,47.27010093961271,9.34659092209444,1977.6832194052258,1
26.706556275942578,41.8340787363637,15.9765603300911,1229.656906450643,1
36.27987949473072,8.780983894552968,6.138569865957761,1939.1722102446586,1
25.250957827672405,54.55906473720674,4.273049472985151,1385.5490554411094,1
48.294531597904495,20.542471167590275,17.020398291098797,1892.0623011011508,1
39.48774302919987,53.74661376465141,17.186215533715092,1582.0631946025292,1
11.943039980282684,31.09921220819885,1.0,879.7334941574936,1
17.214185225370173,51.71749604127102,16.73089793175064,1664.6292487493167,1
14.431712160700176,49.35143485807982,13.78502360073219,1567.9997464851579,1
14.105439182076656,63.65810145224234,4.561034247173394,1504.6467482940343,1
18.48425635939831,71.94565411380493,7.317045102604163,1572.345137732846,1
9.409828168509131,59.97155953546057,15.205397479520718,1419.4207884713528,1
32.57823195847625,42.673053816276735,2.7389154950708194,1757.5202735165778,1
28.4898997009431,83.17635909791332,8.194868456410749,1641.766619246881,1
18.12000666201632,78.67487237826757,18.174002363220975,1610.8723816836336,1
13.59648250273037,55.251583345719126,19.7,1524.3792508269185,1
18.134281415636377,48.27461670922805,14.516967617755594,1411.7295187854909,1
24.570544927738762,70.62230901877615,9.35281963592101,1964.7690599461819,1
4.2,66.38011864813774,12.193277854972452,1697.425509878749,1
29.620951173781656,21.116451887650925,6.61743701421846,1789.457676845748,1
13.354994137706093,44.090743846675444,19.216537397119165,1675.861006363595,1
4.2,32.66646238832128,16.29635578324178,1621.9610242321814,1
33.33247816985495,26.715453457043143,11.495787459245289,1243.4192294655938,1
33.77511855460554,28.05253993855002,10.060151425369117,1719.1026643207138,1
62.83740945705749,29.964004872928555,17.102548159594843,1884.755709434013,1
9.891109310626298,50.66375167362426,8.51052640589234,1333.9891485547364,1
7.488004668487648,54.94806719817138,9.858432146151568,1873.5874735635518,1
7.817801768411957,49.94120315273495,10.528710173147621,1162.3614091255465,1
29.66974594288054,33.14949997288189,11.83573209370196,1420.300036266539,1
23.705835145429166,99.6,16.909419647522,1532.0358885166258,1
4.840161679260081,30.765013730276948,5.524725558189034,1692.7773799043778,1
15.082979136440038,13.114672110861882,19.7,1650.9717158639892,1
32.39450576692124,34.72958385390925,16.588416553414728,1630.2063319085592,1
35.77997945090487,65.89171007281502,6.926438593677437,1959.2738934974604,1
4.2,46.05219855883926,4.679871093782046,1299.768029521363,1
30.174815781400355,40.6901249525321,1.0,1583.7481361801672,1
31.468907653651872,20.32561831762825,13.666739276252953,1629.4287644165756,1
14.66861826543703,33.99537676767528,5.592853552375709,1672.9285295164414,1
39.63404148610694,39.118078492738285,5.743292649232549,1591.2132217959334,1
19.634249517197013,49.558451962301866,8.358864915798096,1609.3357060261142,1
4.663983190990024,54.025710082099764,2.469266181549238,1342.3610579251454,1
19.085889750599584,45.92579957304724,19.7,1741.3056814118659,1
23.198091964207347,20.008542405434824,19.7,1583.867437296862,1
4.2,63.56701495357179,14.524827570471917,1601.9042994005188,1
42.860843705065626,17.95470923699803,3.279062814764332,1517.4000176529423,1
34.644904855223785,74.79170794114899,1.0,1429.9213924519768,1
31.148829749884428,34.27131242635128,1.0,1700.2204633014621,1
14.785588631198909,66.61325167080184,5.153919612381538,1654.9840794795055,1
37.789246494169255,99.6,7.647722561047143,1979.2,1
4.2,78.17753289492131,16.790007097715176,1619.9389953452708,1
31.276204194507542,60.88734128366331,14.936155244812502,1548.6711075101107,1
21.30935660603677,33.97669721289664,13.049434081621877,1731.934650623435,1
27.99283182100099,72.30900239421399,6.737742648101632,1756.3378098626076,1
16.18801596989823,61.38492700322623,1.0,1576.873222050926,1
33.586681847756566,11.23605223518468,11.696480394471488,1918.817834029331,1
29.81220177315334,93.35237433305036,1.0,1425.402771845341,1
21.52955358135715,92.88678422373704,1.0,1397.774510465517,1
23.42118558570716,73.56436827656715,1.0,1304.2318222358763,1
29.12769221112395,83.67470994237205,2.13397044572198,1616.7926341037944,1
33.68730439801985,78.59052996245296,13.759751885086049,1651.7017585303581,1
4.2,6.64888635919845,6.673199782472183,1543.6266787543273,1
29.80671893239338,54.2045785028485,14.502232154161629,1666.443722268118,1
40.73696817723381,99.37670631614071,11.129978401976329,1865.1707864794162,1
4.2,55.400989727711774,7.5052568549330445,1506.4454563213123,1
24.52590654162334,52.16717343654557,15.8724341931754,1556.0655253870118,1
28.615679382755697,11.132391729059371,11.197355122496532,1405.6377807032984,1
38.81854142190691,10.80715082478359,1.0,1612.5199303292618,1
25.918025380170533,73.95687886870525,7.598557734962606,1784.681522133363,1
38.06036592017573,59.452654792272924,8.96926061292456,1652.800329667263,1
27.174231891548796,82.08052498086633,1.0,1874.3489250684038,1
56.88492419614419,63.64664972159788,10.104072294557897,1824.6507589059404,1
11.124133223745648,5.3,13.498476940071429,1531.5702520194054,1
42.10018218738567,89.05840323823982,11.810690462127711,1722.5860149937162,1
37.251352655657804,64.92074804517651,8.372639828316327,1804.4702329728518,1
36.8564249021309,43.69552342124644,9.41764247542902,1787.605265725079,1
21.406853713301835,24.759016532362722,1.0,1673.358647361277,1
13.439937402581563,70.83718656428178,13.294942828002348,1780.333274582252,1
20.675065478059437,80.18855301399539,6.379525266323347,1622.6697141406103,1
36.45811604469641,70.10349425023858,16.86200266364983,1926.2030745923055,1
47.52464733296442,25.200205960964986,4.842400711134611,1689.5051082681775,1
32.627287041984374,61.952954684340675,1.5777243045129694,1658.4468880138068,1
22.351596535528117,32.65909710367367,17.030262610937314,1863.7160712449963,1
28.077603152607438,25.33174261933794,7.990552586197149,1656.390751623469,1
19.13390968848619,34.563541655985006,6.184974309642341,1551.6624961213784,1
36.59779114457256,37.05087194268427,4.638913397829681,1760.5138769573864,1
35.44259501518518,33.44589028434883,19.7,1468.8327196603584,1
13.738595902708166,5.3,15.641138869695943,1449.2557993006099,1
5.6403705301036275,62.17982233080402,9.67192216278093,1358.0153545749868,1
17.28606260396483,31.134915382963403,9.29406994044539,1789.9537559262183,1
38.298870575777585,7.191736605658221,11.866211626518451,1566.0474966490322,1
21.79972306693921,34.99606154370252,13.740201399206883,1886.016048768846,1
20.37870551406479,37.589120640753634,11.71895863495375,1843.6453138217769,1
30.905313735656136,44.366186784600416,10.81537034214659,1628.0156506239093,1
24.150983444950068,97.63057787976145,11.263224254395345,1775.9405098925179,1
35.57663423027809,51.55341004767451,1.9740684801359674,1770.623523602179,1
39.96644654171256,66.8295709127834,1.0,1940.645919972109,1
10.596530065713653,18.578489876983973,5.033227317295297,1794.2772499841249,1
20.40718411917839,11.696355113504147,13.007624007211675,1683.4664423802367,1
4.2,84.58316680980539,9.502509364121634,1651.1993218534894,1
4.2,26.403429132948247,8.646540211737717,1420.7592503945393,1
41.54126341853023,45.17405381176133,6.479362233233358,1828.517872126797,1
11.695865631029879,42.687624633361715,9.634151188886394,1320.7504225925654,1
24.379449537941717,65.73002714662027,12.910016338929307,1901.2194012644593,1
4.2,81.26096386196141,4.450969893656865,1568.091739460022,1
28.285229217470306,45.04458640185011,10.34517972228657,1979.2,1
21.8249062991544,42.389024698454804,8.428319883058718,1301.9903229734425,1
31.543113496198657,55.038440793468304,13.939981661418447,1646.2723242778932,1
31.61710482456904,53.42530267348071,19.7,1857.827024728527,1
29.32150608267607,78.44892441141934,19.7,1625.176735564666,1
4.2,43.95857805961781,12.708615762762438,1226.5316230952058,1
18.354753964136826,23.095765220708433,19.7,1509.837358233186,1
40.08828671914959,49.28650498842306,1.9034133560115105,1874.3766124823414,1
45.80875769581662,25.2510474345341,1.0,1589.4289928768844,1
27.831869646779577,62.80989398949142,5.510395862643919,1432.8125614103992,1
25.39607905864997,14.020096061402938,10.16713471198478,1490.4265034859482,1
29.372595029780754,61.915543217592145,8.419536844473232,1844.796738446917,1
33.256283979565104,24.183459630904075,9.28081783037237,1574.0750343689224,1
54.779108660117664,45.82215563600832,5.098016124924841,1798.6147019689545,1
31.40844470670131,37.42514061785586,5.64925150132822,1685.3883796960238,1
32.220491221764306,31.579356640406257,6.356965179396628,1340.3680941355824,1
27.37528351836202,10.541599519441249,3.30506210660059,1312.2274495789436,1
4.2,7.480738239878953,9.174708275967625,1149.7374008742436,1
40.839844495438754,5.3,1.0,1679.7934467286987,1
11.748830990988049,25.054991419899594,19.7,1782.188080168209,1
14.06437392066815,13.158303150608639,11.921206579587238,1707.4064656513533,1
45.206297933496884,22.318397010962652,6.5830345905531695,1378.3900729975192,1
18.711298749152,76.99447461551941,18.00139451741314,1714.6567975146793,1
32.863176498439586,11.438608496139217,1.0,1979.2,1
16.328246697285557,62.95102026112443,15.738835992070609,1797.3794839542363,1
28.537624827497133,29.80914934892338,1.0,1443.7874687396525,1
8.2286416514206,65.35781368094322,9.82921235211568,1394.875828659082,1
5.47737733305112,6.977765356251886,4.563098072552073,854.6466262041349,1
37.45838975604032,46.21896497479336,9.182399118585018,1748.5175816557937,1
22.727308312705173,54.38753238683107,19.68669247233439,1780.3565682660587,1
8.032050556634687,84.27166133731438,19.55208205614767,1741.5729513644728,1
4.2,5.3,1.9701657267689576,1428.703418462459,1
31.645166539587247,37.06489871451169,6.071588805600284,1857.206002509851,1
14.574370473380728,98.27401714061382,8.945022206415201,1863.9212247091516,1
9.92133387307751,61.13499664783471,14.577655370755593,1219.2330679663557,1
37.743849580356624,96.11913838427802,7.8206985819780375,1625.868955339704,1
18.618115356766193,48.28585794005615,2.3354218989789874,1434.4732196763396,1
12.123418335742631,42.64686647874607,14.79134613521514,1597.2370002686823,1
40.2164977244881,73.01414399723248,1.0,1832.4262572599498,1
23.893101537238117,45.77433515459533,2.022577465781133,1882.1061059257481,1
13.19211653679967,46.95606094688189,19.7,1596.4253622345936,1
23.987297663199605,35.33946879157159,13.302926683647488,1467.0193721144278,1
37.23607778860324,30.76636420481586,16.449656249692694,1654.3683514881227,1
24.81904623763052,85.65342768016518,4.35604292511471,1753.9302611580658,1
16.432025040604145,65.42083969040208,1.0,1681.3869527228744,1
21.282256803246145,23.520648057636066,9.466395059456318,1378.291813485652,1
18.474748020246395,78.83927972269427,17.468610717950547,1810.7891323609513,1
25.072435227044497,54.27207533609811,14.44154946978014,1749.5459357943973,1
22.51255033196055,49.915045898231156,14.552981582910892,1521.5892675682564,1
38.02016597472742,58.201661082806524,9.07839175411221,1480.095303741843,1
32.94785083885118,34.973742752426475,3.104170058962194,1643.80274445427,1
13.79626424477427,21.370685911973244,13.198641321387472,1257.807928955299,1
8.371249508424887,11.970658132979004,17.609322436416207,1653.1460301843897,1
15.316805229227676,69.12103765565324,1.0,1668.9466058247024,1
4.277802909264452,38.666463553175305,19.7,1686.4365699433322,1
23.080061441800996,5.3,11.606104215656408,1432.4851708373194,1
19.021954372033477,99.6,16.437058119291,1519.7702721925914,1
6.695306939936579,95.77829598385333,11.107610611198462,1458.8150019397315,1
36.58859797008866,62.55021542263189,9.263622644046212,1780.8808961801064,1
31.141749211822066,31.216546194539546,8.248013463940081,1816.8432756466696,1
11.809012420984704,99.6,18.282470032664225,1806.988391245197,1
24.49877612179832,72.21705436852776,4.512594347108688,1750.1836973480843,1
6.736814940042725,20.64251614155002,10.827104556505866,1402.6711042894954,1
29.28292720861685,78.12446954304275,14.162474593367088,1299.293637067975,1
21.940666860907605,36.4083520721082,1.0,1563.692974959232,1
25.49000425114879,89.86082605599654,10.844129294448145,1685.0045514903052,1
19.946469787527818,23.403525951230765,7.278169577823892,1510.1123344156354,1
20.101295480151393,5.3,15.184686432881993,1595.5936616633292,1
21.175345801920482,65.58505044130814,10.439652487395245,1441.4290368636744,1
41.17014132397959,5.3,1.8615689680878962,1646.2707400099487,1
21.107435383450614,61.80954798960289,5.871478335319853,1513.9741040255362,1
16.022743978440648,44.28695896403682,8.959995506733236,1583.1895932520595,1
4.2,32.560784285743416,4.5459127494196725,1733.8033480049419,1
31.591484493924966,82.14841814513076,6.494170021939887,1894.1669687163653,1
11.479670141705775,28.357654969833202,8.394910655914835,1195.059167727352,1
15.288095473120112,5.3,6.522342094571931,1297.2855298553552,1
46.484309330073216,52.45573885244765,13.45952431425866,1638.750196492124,1
49.101771819851315,55.543850267072486,7.742706435679431,1979.2,1
21.71935692408867,26.968536766516852,6.303219453138979,1520.84566518741,1
18.79196083507245,92.36762996673818,19.7,1511.244787519258,1
34.194824452816,61.16342840348311,7.1091501681984965,1631.3112373928006,1
33.744766822871014,50.84674809710048,18.848606978599094,1525.83748903515,1
24.769668518287993,22.211590209796064,19.7,1809.980683630045,1
25.34976653969588,13.90333731611286,8.126030986994909,1324.5516007274496,1
34.62483654941724,8.914947885436455,2.9481283544220886,1281.4366832230078,1
4.524450145899273,55.94850610500704,8.773666247899692,1598.8858629797662,1
26.484880665580818,53.56252279629458,11.268253645848445,1502.7452986744684,1
4.2,63.334492937857654,13.027590128365437,1444.6766003964906,1
30.405243751228983,72.07163694489594,19.01774979463602,1451.7472022031213,1
4.2,81.57945325720132,11.71293914413088,1674.9652684591524,1
13.8768380600094,82.5045192331975,8.132839008924739,1660.059828970612,1
19.01767734709607,54.851243098260774,14.667317781995969,1700.1040070055215,1
15.353579205682031,66.24872731079148,18.064121366351728,1746.8449646072374,1
8.918186535730891,64.95227224264067,6.92586711159967,1702.4560500767152,1
17.23504244584971,40.76764842799594,14.21110844727493,1369.4581238835272,1
17.862296477448535,5.3,13.525403507963187,1404.9029293599983,1
13.930610462848493,42.50396566148475,7.788125368701797,1553.8219909185418,1
49.058564554880654,63.62719639711375,16.091992033107168,1428.9247366146956,1
55.23297502980492,49.50744975234439,10.814769845683157,1799.403366635494,1
24.650975602272275,41.05146286624795,6.603075676564288,1844.6723188226772,1
52.64367183303945,71.36770647984193,19.7,1637.2827085314884,1
4.2,13.850620906418499,1.0,1249.0585601797764,1
5.330289903700113,30.39300721849157,19.7,1908.6550605566988,1
27.34388854391398,73.25732863010268,15.8713880783111,1860.7387573979877,1
33.284891313988965,49.25186368926076,8.12134210051126,1979.2,1
21.020451742017393,23.908649205568373,3.7298785294346875,1589.2712962981943,1
40.965666287710064,71.24142075647354,1.0,1783.4110106851565,1
4.600270627050932,65.26375722239307,2.8419698060835863,1505.347786333769,1
44.54571528055031,43.879112066586885,3.408100562857034,1360.4422793228032,1
27.141449087443902,61.475432968314315,9.973012290523926,1852.583308032322,1
4.2,62.53966582512346,7.860206927421809,1365.725135059347,1
40.70258865335468,5.3,12.422574915166146,1730.0957574163313,1
25.184999199901483,23.673809450212932,9.708321844083416,1373.8642629819212,1
35.62077064799562,97.67337859895612,19.7,1535.31356763704,1
15.464116169525596,88.94251514266263,11.525564322892382,1714.4974676002337,1
24.564729639021788,99.6,1.0,1869.4121966408416,1
45.61755847624869,28.414480849017963,19.7,1696.7357703640441,1
10.893621616445916,80.96833893141331,1.0,1717.9919209701904,1
22.565980617651867,27.740385406301705,18.049321677580647,1578.3942391529567,1
24.28318529431265,13.993745088296677,6.39046201059023,1484.778005922275,1
45.90802061480087,39.598268252523766,6.004835853114247,1879.1678367767424,1
21.55808632367182,18.6588085011337,9.664942172652816,1979.2,1
4.2,14.779968414573922,11.816300431227186,1428.5706711811706,1
28.76718012398092,13.343439064793863,1.0,1614.4040266901914,1
20.503223737551814,46.72858438617052,1.0,1512.5056748185755,1
22.776715175587604,33.59844333137283,16.992976286944632,1892.7381376667586,1
20.58819868019984,63.613769983997486,12.485293062806031,1411.983187954681,1
37.628410586160115,51.0354743597207,19.7,1979.2,1
30.730643897037652,96.53775717052407,1.0,1766.9689034919431,1
12.502075681137434,18.629345110449393,7.1843827833827625,1449.4797620830725,1
33.48886854034128,44.42788027255551,1.200761290821898,1625.8073374738872,1
19.53920266292681,84.34899643651906,11.992378316270578,1703.7011457630447,1
4.2,24.727545982965882,17.28453115228626,1566.4659094344868,1
26.66786819178566,23.579364066957734,14.149418175790847,1824.0555607683991,1
16.836647217952702,59.08631677064155,1.0,1512.56938547839,1
10.637252265401678,47.05237173907177,13.922811612864441,1254.9181233901352,1
63.99653941578921,36.75396870350011,10.132629134290696,1979.2,1
27.611032004366564,59.78546892685015,17.67389574197358,1792.5432842146604,1
26.61632420690934,26.40705802783992,1.9582419874611237,1719.4546720755225,1
11.063661645127324,71.73966778276659,9.310836939145233,1548.2157740979135,1
10.324025389241413,84.15393699570959,8.938105689413959,1855.5115961462186,1
16.421970851523348,21.157974332624367,19.7,1700.7387920554647,1
26.830827585429475,9.206567063795191,19.1044355860465,1652.1316948580227,1
20.8370196292997,28.24351136582742,1.93492320548782,1960.671248447807,1
32.8363889034901,63.78072040436236,14.255955125255541,1488.0708250971445,1
36.64796310518546,78.38858373058353,2.141897750403224,1922.2228644088138,1
4.2,94.43149822523552,19.4844429618129,1705.108854042828,1
52.606886155529835,51.09099270731643,2.614581014875357,1890.918133175115,1
20.02306528658538,71.28656465546821,8.752780264255623,1856.8204586585068,1
31.106170218284845,51.07741055703758,1.0,1298.8118237171966,1
18.627687648453833,59.01300537619146,10.430612933980395,1696.2246596042883,1
6.283018243922436,27.671286486163197,16.06417144133529,1699.1434790213298,1
50.25729127454054,26.996127765184564,15.240643389142441,1555.9292935416065,1
9.08461926948874,99.6,19.7,1757.553976679551,1
30.385560998563584,57.196788219533026,11.604496519363323,1731.4412616439697,1
8.217325447383887,41.76335488527759,19.7,1527.3895024072324,1
52.81914511050052,6.856721322385688,1.0,1503.8373110149869,1
19.198771535759022,28.40646416605061,8.605601774496833,1323.2672840983985,1
17.151439359585147,33.67101721172641,11.967421941047476,1646.5114141555264,1
16.67481863431279,42.97215704882268,11.764950897201558,1868.0128470534873,1
30.30797513258177,31.590762416120356,10.311117047725858,1520.850652693974,1
4.2,55.283717609317605,9.507642579778878,1524.027648675348,1
23.083806575325855,21.900448094411757,19.7,1563.0757043531278,1
30.006953459725537,27.656158747729805,10.501453359788226,1643.44559598528,1
35.93711995464736,83.45621608531489,19.7,1966.7868516621766,1
37.6304659249925,50.03605565097549,4.640424188059697,1689.4869385076356,1
7.599000799920592,34.343615355775,15.12708560147426,1425.6878898651566,1
19.277042311490742,38.93278534029076,14.070568076563859,1817.3261004618246,1
33.395386809693996,8.913718383788087,14.266313054079461,1620.3017908048728,1
32.86187655452488,7.900643279067268,19.62926012748675,1593.580681147086,1
42.10650562351361,78.74680345046019,1.0,1812.025489100946,1
24.629938309955644,67.55737990413863,9.83639149115885,1752.7372529319684,1
7.301771909440744,58.68733280503082,4.396270248346149,1823.188425292766,1
34.36478639663713,99.6,18.07734268144191,1979.2,1
33.27337427638336,50.19546723985972,10.800131749106493,1727.3719220398164,1
27.841994044842217,38.34932364832132,6.109837668577721,1256.2401759285888,1
13.16753945359691,9.668967974755958,5.438797944457992,1184.6213698851311,1
7.206958942812328,55.21111855423144,17.422989742174313,1678.1747746932313,1
4.2,64.22137375020523,11.118593129170142,1197.8230500163959,1
16.760543531014417,38.803614728753715,8.037796297344338,1636.9860308157663,1
14.57049948370302,10.357181739075394,6.315636371329546,1389.0915300621514,1
11.954266608089121,71.52118460205725,12.561863853443043,1860.7062876835967,1
20.356792828735934,89.83654785458099,19.7,1800.607948130934,1
27.21108812279646,54.41439106855142,11.525968790289706,1349.2632216365928,1
29.610402820698162,26.91164066767108,1.0,1871.700039818929,1
35.47422331394025,62.46983275246519,2.3192134107906304,1719.848115076424,1
24.11630300013866,5.3,18.847447279381537,1594.6795775918429,1
45.76757878037599,62.08834899775606,9.4852366731375,1830.4707076624118,1
28.184405598170777,29.035018426130563,5.638283196311016,1300.5862419838677,1
14.691537633150782,27.204269070858498,14.530777777258391,1546.4285006408172,1
5.6802572631504304,5.3,19.7,1553.630015642448,1
26.55664888264073,24.915155352805236,17.796929634800524,1679.1978967370223,1
26.95408328202909,90.05629486170363,11.225838951285493,1606.3801325375016,1
26.129769356295416,38.49648609325673,13.439292976532055,1641.2325881449462,1
4.2,21.163471183320517,13.996699314137512,1411.708652917913,1
32.413622569965895,85.75882770581188,12.440776390443718,1846.1747730441093,1
25.79939161417547,65.4368632435901,5.304167261578417,1653.0273518683937,1
4.2,38.20689976908522,14.92197904217512,1176.1808995135298,1
4.2,60.48732083309741,16.970543854789916,1449.0802264327692,1
25.745095263403933,77.69193423442267,10.540976380050287,1733.4516257760718,1
24.732055599366017,54.61163653937628,12.32124806421022,1460.4887443901955,1
5.213139650741105,66.63531852982466,1.3454761792855727,1857.6119764892824,1
17.168250982888072,66.30280051676391,19.7,1594.174730878934,1
18.137986930539064,7.229261934684374,7.565705860905323,1328.705046174384,1
5.330467025252162,83.26429565910412,14.104676565120332,1885.660362679009,1
19.733597695330385,51.20333529841185,3.028801794918759,1404.6021905491793,1
47.25174353365094,14.274663803258157,5.715398041167204,1960.3983913561185,1
21.57993707418214,19.23698504973825,1.0,1433.8215606045164,1
43.62949119307309,40.94101362376771,19.7,1717.37846199438,1
4.2,26.538027583062544,10.768110556233186,1534.6786668600203,1
26.1818435348858,43.30566071417595,16.71938445399246,1788.286205314368,1
18.207762567040728,51.676093839614815,1.0,1394.5702519829656,1
20.6490689218654,53.074571946382186,12.974991558821817,1813.5784460219627,1
15.53070723128247,24.284091222911727,5.701199702628848,1178.9908616200332,1
46.795622935582855,91.62009868468397,16.144381384390552,1533.2123787243302,1
16.87266627906516,22.883337519828487,11.396979412517801,1266.5845449750277,1
10.618420145544997,17.813533387575923,12.855087957473083,1086.4031036979763,1
13.243468377276796,50.05301789284446,7.375235632531222,1759.7570608152323,1
39.24104794761655,28.558704072659754,9.339589761039312,1757.787456397883,1
4.2,28.07912821774693,1.0,1505.1799496352187,1
35.38489313394868,33.59648868027869,19.7,1677.0641069998983,1
26.949973651351417,31.801681563836176,5.873567550722401,1760.3298757218402,1
23.925009085184417,17.875376032015087,1.0,1605.8360261016835,1
19.02052482837035,56.61878950522089,8.859839961059516,1826.620112169798,1
14.594447937649138,54.79530918805044,14.302113698629103,1681.7051583589762,1
4.2,95.11956705343638,13.165223801909258,1625.6097588845778,1
30.454191675531114,69.18662533649112,8.097729824757906,1979.2,1
39.7017559694778,15.045071995687678,18.982460022946817,1763.6129999842437,1
17.244673584380788,12.365806852167509,11.687559222643088,1684.0611090016719,1
28.89201120394472,53.677098546234824,14.004987249564595,1333.3275053194461,1
43.58607024945822,36.22753980696905,7.206228568853501,1979.2,1
40.09110824547229,80.15380292072152,7.260007381782632,1848.7824537644656,1
41.32719685758045,44.70318918365909,3.349537676291635,1648.0248168404578,1
30.208535471878943,85.44180783572423,15.440510741787364,1720.963826531044,1
40.71620143383402,24.1779669591793,6.817484021079371,1868.9003225186898,1
44.240372308921735,13.242085412041298,11.07539027179026,1880.7157439413804,1
17.09358127327872,48.82424444840798,1.0,1730.785627473894,1
42.55950977663971,77.60211623797005,11.655164336906635,1702.4671250425329,1
19.20525086596327,27.054661905041662,16.358856060538642,1462.100482758788,1
19.515981436627246,76.6198953332572,5.232603458418268,1633.287877767717,1
8.956353954735702,63.8471733028279,13.42124659539936,1268.6385231780073,1
7.868251886816825,82.56428943121645,19.7,1566.7849773788478,1
48.82474916806906,74.13858821049735,5.93349132331717,1920.1784640659914,1
28.339876937097227,15.476353141915851,6.5579434827055225,1611.452070885342,1
7.423104820130053,65.33017831617164,16.151963645690156,1721.7679040685373,1
23.821570732273855,41.47869235189914,12.714324285100052,1682.2575741935293,1
20.753632915602168,43.55830880671969,8.93392894844881,1812.8225645870068,1
41.04128619700475,52.14293248587567,5.694278085772997,1979.2,1
8.643069001218,26.146764729575693,12.728274476003175,1665.7402530041284,1
4.2,22.635473489299812,19.7,1665.3489718216638,1
20.099906486308534,97.00398696402388,12.960010356749786,1261.303345792075,1
25.646069868487942,12.58609803796979,1.0,1572.3725836962317,1
34.10670010872076,60.47707473272877,12.038682984956974,1725.2669386422747,1
33.03209497297185,16.71266805196643,18.987104866028204,1501.173946177787,1
21.096358291599273,43.17039305389573,10.159946002177332,1694.8654165445698,1
18.1882050290532,58.96754702902798,18.030981157355658,1562.8200258087682,1
23.57168246862224,88.0076801380979,11.402669346732361,1721.7166260964011,1
26.224714683692056,10.302310620079432,9.026210176557463,1814.515056028641,1
28.88161263795571,62.28179152685035,12.067558872164948,1755.59756959416,1
17.854262369245593,28.25186904495249,19.599876516237295,1624.073031371699,1
43.16610960146913,23.3258575372922,5.091318270917474,1939.997168545027,1
18.60849891559863,82.7417118732829,11.332458017105386,1713.3475206364087,1
4.2,89.00668568914827,8.810158870781034,1857.39664305585,1
23.15090358319668,47.571121559445956,7.349617558481215,1873.3936771730703,1
21.707487144686496,51.8114071855547,10.62063906372507,1554.5258508806385,1
21.478009242303305,27.8152997378564,11.59565841020198,1751.969839023891,1
22.28373431421637,49.57590406449176,14.62643295434505,1916.732751915993,1
4.2,54.49647911998546,8.989667677408548,1798.0786578112563,1
4.2,58.343156556966846,9.67810049194507,1632.2770039735428,1
32.26024050825268,20.71644142546015,1.0,1755.8598957205995,1
29.236183456631075,21.659023371054296,12.422998523854274,1596.3537804090822,1
45.73279372167196,68.86032053054865,7.749428910324863,1584.1883572176948,1
7.943349368996362,37.569685170837374,3.2496021406271556,1619.3266299532943,1
24.03133949629625,84.49234348706696,19.018804389622765,1835.037853611988,1
4.2,41.580262980125596,13.154574252816037,1302.3852655571004,1
4.2,53.8442702231155,12.68573009667203,1509.9231330416455,1
9.444085239957058,73.71886895549221,10.884954154853725,1723.2768399084187,1
4.2,30.048919788624993,8.490131022379188,1438.4665964961098,1
8.588334268811128,8.994807929438778,11.754883589976641,1465.779601597557,1
25.281072340958012,57.8978940651457,9.367055538274858,1506.3389404252673,1
41.43798524340403,72.72159044557134,15.065299685374564,1797.9687504704877,1
29.051072243127862,46.90819812803319,19.102412988601294,1865.5257088902806,1
13.387326653191748,70.32966061726239,1.0,1731.105010686138,1
46.77196221665264,72.86995197967909,1.5675101827979887,1685.3617712306927,1
31.372331164013815,64.81310636435657,2.9372309005076644,1473.4628556111388,1
16.981578249511102,88.5941145490427,1.0,1592.6185253276092,1
17.595534105888255,55.7072030020289,11.496493213653764,1578.38773922555,1
43.03510742036193,55.07386098295174,1.0,1788.780958952769,1
36.931400286140686,22.44799630482015,5.2461598339177895,1780.5101645344475,1
12.676736913015338,67.61200239312247,5.260990265174458,1534.415650631692,1
30.82778194824813,80.86292999287232,15.215746829253446,1872.5345136280876,1
19.517409312962055,61.55147774304659,7.45703449829549,1453.347571904284,1
15.571957115774318,56.26605776430558,11.467136705296657,1723.7188566232714,1
36.7209152139234,60.01807942907536,16.753701896196645,1822.2865944637774,1
4.2,36.723756698022065,1.4064920635261675,1725.7622899780379,1
4.2,77.23337936890265,12.751614098642108,1407.85851860413,1
34.04223161880116,31.980878120520902,9.19100136360113,1855.978697442809,1
36.461213186939034,13.499078704562407,5.402316946622085,1742.7087371573805,1
30.67751862971904,66.56554947023582,9.645100741555218,1375.123137881265,1
4.2,48.27428911912655,6.660614919029547,1555.4868730079102,1
25.413897652028734,82.23757844765964,19.7,1979.2,1
23.806752307410946,48.58777125004622,12.765812286565545,1851.6767651870512,1
23.863451529053545,52.35857318503605,19.7,1813.1596212893685,1
32.57502084636469,80.11013090743269,11.459832300977776,1664.451661927885,1
8.92996694393403,9.378634160970023,5.891566970143861,1104.0002474222474,1
23.718761796184456,36.81714966504868,11.48801701162831,1979.2,1
22.355547373779135,67.38009733562654,10.18570521933997,1774.0154965370148,1
4.2,46.86103205738835,1.0,1630.242374760339,1
17.996635220007047,35.91429323848149,16.297877005342343,1576.5513543908692,1
36.48649218376963,41.18364099358661,1.0,1592.7236600761562,1
5.786141231675948,81.48070171223674,8.221532221723018,1318.004580634981,1
4.2,49.77669991373019,7.559582424953453,1707.4568222131463,1
16.256649159831465,96.62141753273312,12.871307395751296,1979.2,1
42.914189860630074,84.51081759290048,9.724637980705538,1958.1574810395937,1
17.307497718607397,75.33683778807088,11.00728636891872,1533.7307003827714,1
4.2,52.5747435843416,10.386886593904768,1788.9353234638165,1
33.964180746391875,57.43407994522089,6.277905745411909,1706.1618411926993,1
39.474797166246816,78.2000768773171,17.0040537519183,1688.619160136096,1
27.042725942199596,83.62100181909719,2.0961338223534103,1492.7629161450197,1
36.395946805974276,49.09127421008977,5.71396299908216,1979.2,1
14.68888602636966,68.89708985132934,1.0,1548.1278553778595,1
43.26647376739573,48.024668470296916,15.273174956913158,1852.7056140166796,1
32.990421097798134,87.67638135984325,18.28438502884108,1915.6966661636943,1
24.88431604479899,15.807029294295646,15.381255129090267,1652.9540058808495,1
25.752684199032398,49.31025381590765,1.0,1598.039919285377,1
29.62737609324855,5.3,14.419297063640183,1543.326946862365,1
4.2,36.30735123260712,1.0,1151.7923031936011,1
17.436965938543654,70.75245275095301,10.15985907895462,1775.1723897330012,1
25.123278857356496,99.6,12.098579783894834,1429.7413984658658,1
29.216506892661307,9.326287623636482,7.154731995439096,1710.4554018394697,1
45.6430360807783,31.438594578889923,19.7,1634.0277677902097,1
25.905058304592906,5.3,13.549715023568913,1400.9221501582174,1
19.155219533680306,5.3,2.1114988641932797,1863.9926434582876,1
20.6289586471693,5.3,19.7,1544.8541760547305,1
52.66663776449698,86.2076519198855,2.175388826563669,1621.7940121117247,1
10.830905771732567,24.03536814445241,11.853525082180507,1464.1150115273228,1
10.702583183306121,5.3,16.62067052217112,1602.9458604735223,1
6.550125513085803,65.53506965903044,19.7,1698.9911592984,1
32.22694732916531,32.556887392288225,5.392462736676388,1979.2,1
43.821809709892655,55.26987236329524,1.0,1743.8543225620597,1
23.865926280126736,37.946434970919555,6.7619965947182,1429.5112546718256,1
37.25317047438902,59.902343782414675,16.985838532000948,1657.8907818899277,1
4.2,44.73080094319107,15.201849045747043,1317.1174201296662,1
18.531954270229186,66.86175461176587,15.434950898623526,1804.47612493151,1
33.227688763780094,52.1949851680208,10.763000284441171,1687.3933688160553,1
27.15892769247057,46.41508252476774,9.010411373460858,1556.581928567674,1
25.4678455449469,74.3236323326988,1.8385811231847633,1757.0367291569414,1
19.27570186852715,66.26180046054495,14.271100245299806,1671.0088674422204,1
19.810941056266618,86.82129317659265,9.215927187138446,1760.9665782508669,1
15.215834395806066,75.17753987264693,19.7,1847.222894528277,1
9.810463306520433,57.57709607567264,13.354272500955217,1821.7540517771288,1
29.266896556795846,75.16939221310321,13.992419446641946,1768.618213362589,1
13.797881076199074,18.753176240290852,1.592049625451775,1722.3755782449305,1
14.962921614740889,77.21576437560302,10.65860238500777,1695.3427343558917,1
16.912716682300765,21.22191398424018,1.5891281568889273,1365.533615244833,1
35.494088874082315,53.704523046231316,8.248220781447918,1979.2,1
25.53073261909732,82.22872984040956,3.711242512787784,1956.0533553932546,1
4.2,51.47260758305579,6.248697522991243,1228.5171674400553,1
4.2,5.3,1.0,1085.185909294591,1
42.20027422267657,64.73297662458465,12.771028114177454,1481.0535542721204,1
25.987510910984202,34.29710560142084,10.206947414477135,1752.8605313324376,1
4.2,19.021062442486162,11.78436807730646,1617.6045203264785,1
14.81742468516753,67.5793135782894,19.7,1683.6905550526828,1
38.68502563299201,22.466295341959125,10.492410188588963,1789.5772022603214,1
46.04900044960442,37.821577147038965,2.040223809308536,1915.7196171079636,1
47.1322847869486,76.3129173322936,15.881515164299591,1823.014667853936,1
12.579663563092115,87.90767157586396,6.679542929299067,1524.2450567473493,1
8.312590598843718,34.67505442200471,17.32985043534225,1631.000816221188,1
22.800047757369033,28.501665058841407,3.620212891081538,1524.9950233555621,1
51.42800020772387,70.8427100219342,1.0,1965.4984524441436,1
31.25501380179476,48.87980931127271,5.71291619418176,1492.7888137315522,1
19.832090984315947,32.47635942008158,7.045078678000355,1938.4664144581213,1
30.109240555342424,19.086687743857286,18.313168742043615,1958.9728232704585,1
23.878735003017827,60.34715864756234,1.8896249003899435,1766.1058563321437,1
4.2,98.98694473205893,1.0,1608.6310438775495,1
19.803973947463962,24.130376293671087,17.13492505649542,1596.8299259075957,1
17.452956372768398,47.44563213344554,1.0,1723.782489674465,1
32.843977256458786,77.95433197404287,3.1572517976326058,1750.4270920059805,1
4.2,60.852167494847684,5.074952799347353,1618.1475284568949,1
17.907265705628333,53.56373149954988,11.310041882030603,1444.3759054565417,1
5.00079245945091,62.88365112968653,15.233665736994226,1287.1786272075703,1
23.753843854358283,45.10565583840696,15.515987216621136,1559.973380233598,1
26.383105393195912,50.92950658153775,1.0,1316.8016948451732,1
23.788718101274533,44.908831349261575,1.0,1804.7962028892728,1
26.767253449155383,44.0034481653332,10.613124267976083,1682.1424685022953,1
24.288789894278633,41.686741570837114,7.886290131989846,1467.964666132488,1
31.17136236017073,58.705509271320146,6.003311184546521,1748.6035910722258,1
12.200796853627994,5.3,9.75047336623739,1368.3600404311815,1
27.70319610621034,76.4726557126848,4.382447954148282,1663.1326700594568,1
22.055505240827955,63.37393054857684,19.7,1846.386385675791,1
22.163610061958014,76.13237506504142,8.220371013046073,1630.7917551259736,1
40.56673211640794,36.394511678268415,13.079378744644021,1542.685961603953,1
24.398126005634996,36.706083687505654,3.362707306425909,1781.256722766555,1
22.312195414077575,5.3,19.7,1509.3440119443449,1
26.416878433056162,48.20170656604852,5.027865024926553,1553.525305754674,1
23.05724929720742,75.74438286193467,19.7,1733.7953894942748,1
33.26721547779108,58.301957614376434,19.7,1606.8154104582502,1
32.27716679350031,10.503239009625567,2.8967319036363737,1623.6388209630682,1
19.436979445993074,86.33282714701842,7.182337705066532,1552.7671132174526,1
4.2,55.3163239565501,16.95267979517688,1847.6311442973606,1
19.14577980913652,16.39363042350869,12.974584599225011,1715.340643565154,1
32.000224043935816,63.57043004607662,19.7,1639.7639019251885,1
34.70692822004624,42.7671596780258,19.7,1388.8280220627405,1
40.5101169195903,70.3529535257421,13.796072864065241,1979.2,1
28.970938578686127,21.427750225712206,8.399467429316628,1503.94244669503,1
20.65315718988444,62.410734965347885,16.873310993241304,1603.9186517666517,1
21.564702009079888,40.09503453640088,15.907793839626667,1786.636506623008,1
17.830681291718687,36.05804072948739,11.354495597257865,1531.6230040966577,1
24.94812582185057,22.427295722554543,17.51442351700133,1538.724595982758,1
8.93924872166967,58.40100646868302,8.58890804218636,1669.9056198232447,1
7.82266433861299,26.272317726472053,10.47803940718897,1506.1698471859538,1
24.2076445424931,40.84111786261165,10.10410716576054,1625.5460570278158,1
13.842341154582776,21.47691250718497,12.652281072002244,1652.5142402931947,1
5.258481337932768,60.51526453802529,6.224580279901266,1400.4693658399228,1
23.797808300334726,40.33942805915738,8.72044841748478,1918.7930134180501,1
14.28436231161832,25.819818485244625,7.697702301267,1877.4248255196724,1
28.483966060186095,11.368078606671034,1.0,1868.1542267760915,1
41.65649887107331,64.84837662052519,17.900406922598137,1792.4877162542978,1
13.197983364698771,39.51586917626047,8.547848512929034,1769.190119647555,1
31.8124032285835,84.53722047754121,16.87341871330895,1587.5291306096542,1
13.534214573998378,40.04060417394905,17.791648081477646,1464.9894312233198,1
33.17024727280726,68.14703227081984,1.0,1555.1414339430266,1
9.450418012082945,31.092013068665835,12.221380956912473,1285.254045269196,1
28.834319927977134,44.66127720343631,1.7140931847547058,1700.584581929492,1
13.403605521539726,81.48557931555256,1.0,1619.1719397805348,1
26.80371470054167,39.39677975220394,16.986884543784388,1946.1755185163388,1
27.05035243350293,8.310182022543081,11.312935885146748,1543.3024657503465,1
11.927376534130435,57.26030175296681,14.561507175503621,1892.1294408401081,1
36.85702375120032,99.6,16.157244469588502,1635.0463162481237,1
40.81596582983218,37.47392939292978,13.478395247107281,1662.4027120484395,1
20.42850425810706,36.17248281208171,10.50348399251247,1979.2,1
4.2,99.6,15.365974187047552,1535.3518262655448,1
34.412306787698135,96.1809309943727,11.36548867641864,1979.2,1
4.2,34.117777591637726,19.7,1562.3864031298153,1
8.397845822852505,5.873675620653636,9.744915833028266,1468.176053681341,1
15.762634603782601,37.33368203149899,14.472827179690956,1457.6140645257242,1
16.895940521234454,34.10230221443848,6.928872147371935,1213.9997288740792,1
22.414469596502038,51.557692790192675,13.129628519944376,1792.0116916915572,1
4.2,67.30765108904055,8.605820716958203,1558.417809265301,1
4.2,58.02449677634175,6.960529019537363,1734.3104073695301,1
26.56132232476292,28.24977007464131,19.29905894266796,1516.1599379119584,1
7.486421696042253,60.633404555243374,8.300933393309744,1576.710983156472,1
23.97546537387987,5.3,9.00752743856966,1282.3353322416879,1
17.600250628599788,71.00865612145734,4.771613084036601,1668.1153083041427,1
4.2,55.21015469318988,15.993103966892823,1247.6261418136735,1
36.3038949882794,5.3,1.0,1438.3818863690103,1
8.898613171504879,72.04669112983343,16.699289772033907,1799.4163953071102,1
24.617716461010556,5.3,11.099552773914795,1436.2559241765389,1
30.845346535193038,57.537681813762205,19.69977785399559,1844.222763006879,1
27.542599804505546,53.509533199531184,8.721445766959643,1433.2038364714424,1
14.626763798457306,62.96753004398602,6.4522869434980095,1562.3625486276383,1
22.023006526029125,75.68873350600552,7.565721039437864,1650.4836506396641,1
16.646440441223014,11.951646192599384,13.44249982298759,1341.307411121984,1
27.89131198538568,62.51983890629289,2.782719980384819,1670.7565367453055,1
9.086314937939616,50.18834377880379,13.288837320294496,1367.8922265887634,1
29.046100155910946,88.81569715460202,8.372247085653974,1979.2,1
12.38341104495573,63.621712740345316,12.504561562845074,1522.2713598291075,1
9.556565795930576,32.78256791049459,19.691739580659288,1703.6554806345293,1
4.2,81.43351528200955,19.7,1685.3873428292768,1
31.235143574115362,34.80653628958608,1.0,1674.4733285283141,1
18.937179564869883,41.60498987633096,11.852191674254863,1603.3226634173911,1
17.285509004778792,29.582774495262843,16.470667924440114,1194.401746149806,1
34.48041434699671,30.6189736787796,4.3857763779520855,1539.4164313816013,1
21.422891998675603,52.91737755700574,9.653426150182753,1650.1769596663053,1
25.33394716736363,15.05420021624834,1.0,1362.7998835088122,1
34.9534661260086,75.32266189556933,15.378283157728578,1979.2,1
19.348860481365378,94.92843986694832,5.130262868265386,1815.0972091627937,1
18.692141726946275,61.726709023188164,1.0,1463.705422196892,1
32.97053631792227,61.3855803233328,10.18381024998707,1937.8408280050344,1
4.2,78.30403394570371,6.978801406272306,1447.745153792771,1
36.94318543538873,39.12886467418428,5.282483149585942,1976.0801040455124,1
10.856247308108891,37.693086195122525,14.761442323992885,1721.7231590743665,1
24.004203720357346,69.86302809881721,17.261174156272226,1615.8768042882316,1
7.8054320098058785,5.3,12.145933490514448,1570.171878207869,1
37.9029304787441,78.63397028568068,12.442773956580318,1957.4613540745918,1
18.87686147790478,35.039134832517625,16.740115510266875,1470.9791596792065,1
4.2,35.41920846047406,18.484205271021356,1483.178951286887,1
30.56135184871469,97.65685792333232,18.321389786963234,1979.2,1
41.85558699387863,20.438678885295065,13.472401338505591,1796.4323583125008,1
27.558242908349172,14.466672543553393,7.143112901388212,1460.8101958744653,1
4.2,21.896804172248448,12.88556915966151,1398.1439195471755,1
19.972415769194985,23.17351819358337,16.115547765069913,1739.0471753334805,1
44.414702309854654,37.43710362003167,12.376012271093396,1411.4990451053627,1
9.448870678421589,23.01834775606329,3.723506682151468,1732.4511191085066,1
5.967807314151123,39.14922176976406,12.999936342681227,1874.4816176971585,1
19.221289102764718,9.014978698208807,17.597903905548822,1908.5588921494395,1
27.694028154747613,60.02564603985044,13.602766517949233,1512.851062748735,1
10.410921593098784,52.52317023382673,9.667691343019351,1787.218483216046,1
28.055861215416257,30.09551324020708,19.7,1442.9946240232584,1
42.63198045349682,57.63523721969497,11.970215444384749,1718.793562719822,1
25.285156784442613,85.86592606493198,19.7,1979.2,1
21.070151335782107,80.6224456052079,16.29271278008253,1422.7870085581442,1
7.66668818050915,45.26141741755049,7.02272892050186,1312.823565969392,1
22.433845308034,39.93865209874634,15.079768215792434,1832.6572154091955,1
18.076829272475813,74.80569151829226,8.295225874238424,1641.5177147749907,1
46.97010455339043,36.48540843805726,19.7,1979.2,1
42.562281104952916,40.5304719723391,5.685129757072491,1979.2,1
22.508156667944576,11.924546813161264,10.236228018028184,1920.276151223443,1
24.615171080600867,8.191663458965458,7.28394278892957,1573.1206942712004,1
4.2,75.58264180367321,13.398015274655817,1639.9722456557092,1
31.444288485786323,48.314962227146296,9.622131679502235,1915.9839696666543,1
35.82207902598226,29.898716070032446,17.497994195789577,1842.0600028118179,1
4.2,39.650496707207644,16.4316770815591,1197.1228556514247,1
44.75721184875849,25.24897663306755,4.323953983765361,1936.3100264320512,1
17.959786464510707,14.404360632089443,7.680177279672854,1511.1800962564641,1
33.81599206861689,57.279246676099035,19.7,1791.4345038991426,1
24.783152852743203,47.84286927633707,13.439882281792462,1752.2034954760893,1
4.2,60.58668955774337,4.144543457804183,1502.3640108183627,1
14.364581477406169,56.19489293208512,4.5009363972929375,1408.3870272986655,1
28.876432123522008,35.45626949888191,11.569486171131643,1615.182527266359,1
22.896617681386413,68.65083517343813,9.929923249539312,1516.7539988771168,1
23.45349871803509,80.53529983822625,9.850173923687102,1697.7154363895522,1
4.2,90.43700172284801,14.490030285307224,1796.9651156260031,1
24.164462214486786,5.3,19.7,1561.9860933960256,1
15.71372323466413,18.510669531287906,4.056442599370102,1667.9146618105924,1
46.86621405282361,33.06859078455543,19.32464235934048,1587.5667771518747,1
5.603722229151284,44.21250151326647,11.972577568902288,1439.166832417993,1
4.2,5.3,17.628950807001196,1276.3558970999045,1
18.252134759413092,43.019932413868354,19.7,1429.2881911158431,1
4.2,84.14851012962791,19.7,1777.6502283991902,1
14.146744069666529,71.37125918639413,5.10859715865004,1815.5707442870555,1
22.499638611053893,18.720679011923362,8.379100476222362,1812.5705041224464,1
14.510473328191804,66.72595614525136,13.779803620320848,1526.270049952148,1
10.517230244958885,48.3593406348767,10.41657450331243,1547.3245779847236,1
24.183588296897423,5.3,9.971559863616799,1555.1572766086733,1
4.2,67.06352769943337,14.607538813895626,1535.523996802541,1
4.2,10.244748915669831,8.347542390255473,1404.1119996307768,1
40.0148135184532,50.6585733864002,19.7,1979.2,1
18.975058745378686,5.3,9.110927407656707,1418.7283268619476,1
4.2,65.53308525873638,16.777389475607137,1318.1734389293197,1
15.21710532536402,46.62592039134274,12.950983522815662,1616.6223396925852,1
14.903301553239405,62.673633441390805,16.410058733409944,1735.4278467036129,1
6.64779121388484,63.96343512676779,8.82818285495663,1979.2,1
20.165962814125702,54.097330966663456,12.50230887967247,1739.766258848436,1
4.2,71.79329310483091,11.401831807041853,1362.7800386986069,1
34.91149588893317,43.084111016243526,16.47184846515968,1726.4801311640604,1
19.242178282938116,69.29854725596402,17.895319320307255,1498.7207289124042,1
8.570116562748911,46.990489283824935,19.7,1597.099032075812,1
30.63686263005129,55.39871246013232,11.99778542041085,1468.4036333148376,1
32.30296703289307,64.37698767116487,6.498723970321304,1354.0295135138574,1
26.974800523751263,70.52836959997992,4.050756521395364,1540.6284569222905,1
7.122532738401846,99.6,19.103369824687434,1689.9992474673827,1
13.895967348500504,56.3058164719454,14.37714433409192,1531.096033846017,1
17.712803914525637,38.34345549601805,13.473245656609253,1320.5697006190362,1
25.783963337473384,72.22500558772617,17.110826909122718,1629.4114197124682,1
27.568393803659976,62.06364556811323,1.0,1469.6339449747297,1
34.647585173939646,17.123677359698416,18.398443013687874,1624.4493283235786,1
29.648829602547522,35.82673024007585,8.15081153823576,1601.3220111507428,1
23.817222416278145,47.177968208817944,17.87753286007839,1589.8680234365797,1
15.094985324580858,84.28001199708251,14.803668275119648,1672.0476777036558,1
27.230021828161917,77.74017837553052,12.049572446367579,1758.5007474280433,1
17.280848233711946,84.36662189199018,3.3326437985025636,1710.11185195107,1
12.727924525754078,31.806431361632686,6.672476106819962,1384.6977687766944,1
14.920649366862623,58.723695035893094,5.616450654043991,1761.98981688501,1
39.44805801713258,45.656080719202656,4.755969613043493,1462.411882222028,1
5.5411192588698235,38.954772774263006,17.739720036479856,1551.0629181300696,1
30.130146856387707,50.09852205986617,13.67761363766844,1635.1296067979051,1
23.42789567715164,45.661005873444665,9.891208090501934,1609.5056124532416,1
14.023925867850366,99.6,15.412207852755385,1912.8145315771194,1
40.947710482766794,57.45366698492794,4.268648793888952,1867.112809685066,1
10.07732369936851,20.755982667507983,14.393564486335114,1528.7166875628905,1
11.544011043225932,55.42344662437847,1.0,1496.9719816067452,1
4.2,5.3,16.967083653915026,1606.1270328543205,1
4.2,41.69887127821123,14.583550633193152,1540.3749793625495,1
18.127665873968933,27.74386894128568,12.73116785389269,1113.2628907056649,1
33.993971536446004,47.816561678506204,1.4553547163359202,1573.4996317624339,1
4.2,42.64950487770977,19.7,1540.4622060808586,1
40.391117554297715,27.644479716555406,14.000044095045931,1607.2944087138126,1
22.094555856748485,34.114625879895726,19.7,1936.6449022036193,1
39.56094933372614,64.50174848420602,2.809018271946222,1725.3056665020306,1
28.759160964085797,18.84657560157789,3.41045666872866,1777.3105489379855,1
22.441553596668882,46.94083653614778,11.587006402724079,1349.600370321834,1
28.410659045562838,41.03076054858392,1.0,1431.7781203927864,1
20.426212490071933,47.17171608522404,19.7,1510.9380539591816,1
39.813007098372296,30.740223211655813,13.771918460031205,1771.5926929880927,1
27.883181670949586,52.151237652164525,1.0,1589.8106229855662,1
15.38019310144972,59.89266945305119,1.0191121257280233,1477.3802069475673,1
36.00791696969554,72.01614754922683,1.209245685408785,1914.429882604158,1
24.422838338608663,59.522990466486064,6.539179354790004,1497.7442794182791,1
21.4821129545935,48.44154080437667,15.890434449979946,1551.5201120361583,1
16.92505848179224,29.80344458775621,10.052605445881298,1111.7492561073634,1
4.2,72.94513844278366,12.680153203906947,1449.1973042801283,1
4.2,5.813202552256541,7.444871777563094,1200.9306013839891,1
31.53127017374127,42.03032802536149,3.6737047649824115,1755.5917410147313,1
27.663351443739955,88.16128484893282,17.453446172203563,1946.6060120647778,1
14.867059286639549,47.380421426410635,1.0,1853.8336865956412,1
29.137375417345396,58.204074789363,19.68495539689175,1733.8848687028203,1
15.475804362344054,36.49439359265101,8.796001223301246,1519.4111012616556,1
54.32109040711622,12.982193942046251,13.301172513733995,1535.7447151704505,1
4.2,51.72654840986999,9.4538890386473,1892.803320187958,1
18.082012208251264,38.299554500176676,8.973095944186278,1601.0832072617536,1
4.2,39.31302247204901,10.925110784783632,1527.1275118948395,1
13.701757438323217,31.123975797734893,1.0,1241.3341594299065,1
19.75807420360613,30.63439796681251,4.198139174148813,1778.884319581894,1
13.321443839316583,52.98758930738056,4.016004373281181,1459.099310837624,1
38.6099842276103,70.54692808478721,11.849874388207093,1979.2,1
6.863386712676725,95.88434243030812,6.982865375762064,1595.1671119178186,1
36.59601700710461,84.9841827328739,5.516839505132197,1777.9992414804492,1
14.611736851970036,50.49067141427593,13.07812753899276,1849.3427697513064,1
28.473890612982185,67.16016341506024,3.2405413548984674,1586.9838492488855,1
4.2,35.250200378406646,3.4499812809158703,1570.43980101761,1
22.25398935383333,71.35365400734291,5.178208912848581,1642.2991555850308,1
27.259071818105802,71.86580341736811,9.308628100737266,1517.2945168323213,1
31.197424451701153,65.31683708827606,7.319607897021948,1519.6990407877918,1
4.2,76.87801627724888,13.421211403514906,1377.9725718429017,1
6.718211723184789,5.3,10.752626943796903,1322.5674542069842,1
34.34874851546532,30.62537192532217,16.08388804705346,1592.201426803526,1
28.879946960334888,96.95406643183505,11.149174992231499,1609.1309063146487,1
23.031393103400767,46.998572252516745,2.9619263835049807,1873.4247617908638,1
39.82979052419655,5.3,1.0,1809.6848817758769,1
15.06373026840251,10.135250647468702,13.69187898923511,1838.1643632515081,1
4.2,26.904444072999944,4.286141968050652,1355.4000701326681,1
4.2,54.825248104176026,9.542855734588189,1554.109650401833,1
4.2,44.045267162434186,15.293649192759514,1658.448853906337,1
19.019420738525902,5.3,1.0556997147287515,1526.248452877338,1
6.546123999661136,36.930359837697225,17.73344042324962,1461.9260342412717,1
10.539679749049613,56.61279485287681,12.077700797625518,1496.3842095425337,1
17.390017442433383,26.885810502198474,5.829999863839204,1658.7142660195257,1
22.838673742405117,86.30383176388509,19.7,1531.9784952359603,1
28.47221255037468,42.4327159822787,19.7,1809.2460686710706,1
6.183818493061304,99.6,8.722722448989416,1853.9482641240622,1
25.255015835929903,47.39551119101019,10.148956524071934,1739.3286818504014,1
29.867975732158122,47.730579832904624,19.7,1412.2661290567912,1
4.2,71.72813561884357,15.973812280183132,1394.0011307387972,1
7.702582753688276,62.56983607677996,17.04131557880915,1399.8200809606903,1
41.49445804008336,29.890157576298733,1.0,1571.3515801037759,1
4.2,34.24595338303404,1.0,1490.4960888363184,1
25.832025172892532,54.161153350785575,13.682967535225242,1579.2602694859079,1
51.04657087001868,49.516844878493664,5.360187132635121,1979.2,1
24.152497834748193,47.97989367037841,9.038576610726501,1625.5063286060526,1
41.498872717998346,49.13828839243086,4.887010671948473,1636.1495907688611,1
30.125065574909108,32.05216275691781,3.097077467096412,1602.6241359995543,1
14.293165422099687,63.59420065564305,6.661268852328087,1780.3848027923245,1
20.254376983354035,74.79768149544063,1.0,1474.8819580243098,1
33.870186540473526,42.63551337909525,17.756740984218563,1672.6257574041713,1
15.289338215341129,15.929602916365596,5.666749099635115,1593.7629307811578,1
20.00841209662404,64.2059214416751,13.73047754002111,1618.0425865987763,1
27.059506083688028,59.70392441412227,11.447412029361951,1807.3613338211048,1
31.253198159780624,44.76854308243126,16.914576254081005,1678.8415393266478,1
17.9741031679631,97.19319443208062,9.509653693627882,1674.9555830990719,1
26.257791272357736,41.40525925437282,8.80720648600318,1506.3322164394551,1
20.90631523088097,78.99504313297298,15.735989133685766,1762.9253537308443,1
27.058370099103414,61.07601179395145,9.301285918252024,1648.350429778566,1
18.363258180148666,34.586503652112135,11.105936615505684,1532.012751527993,1
11.078901291375278,5.3,11.279052167693557,1522.4431615003066,1
19.645669750191313,55.3046772535595,12.337013585753006,1871.2488494564916,1
4.2,57.45564399183495,3.541805399829112,1592.304718958137,1
6.373496110737214,45.45975140232525,10.708227443516998,1450.9502781869812,1
31.48565423317175,27.99096859289376,2.0455671372108313,1549.7940137371438,1
43.387956851078556,66.87903437472923,15.253321363949293,1979.2,1
33.28687863332975,5.3,3.836701656980111,1373.1027650127062,1
8.479241815104476,42.95178909104238,17.377665425703288,1717.1173122934142,1
20.595073255808277,50.58324066319847,9.30755803846698,1771.072208691679,1
18.681811604880778,60.11190813091831,12.396312384200188,1442.24736139467,1
33.23005360078311,31.118990388543597,4.471078286551481,1584.989850055599,1
4.766406569645085,79.08797209754232,16.97123129820347,1537.9617702325852,1
22.190531252370185,77.41486167778953,7.864548856570041,1549.0539439113995,1
42.50965409852252,86.92880494793036,4.7345738303272755,1979.2,1
4.2,76.16092446854654,4.522105595606948,1799.875264789833,1
22.273808941056938,5.3,8.681238346695089,1616.9368163923225,1
26.50723095871914,5.3,9.212262447124353,1440.9314808191625,1
15.396593601418905,72.90594742985792,10.40612336541535,1617.739938922386,1
27.80229161480258,51.044979558285455,8.7436473036507,1338.0374973848575,1
23.807571500879313,24.704987597516478,2.6091618423161043,1367.5270915030128,1
45.06319236188721,19.057144846686388,1.0,1452.0725819803627,1
25.038112260583723,56.38621676714344,19.7,1527.2815611534756,1
28.742918807388534,69.54629672516498,1.0,1451.8547305553216,1
17.201519312223393,57.32262507846855,19.7,1924.0227619936372,1
32.93158654118444,34.033769616752224,8.147216070692714,1646.2302403257881,1
12.962835311273857,54.04446605037629,19.7,1968.3410924363843,1
35.31073813422989,29.215039847380528,7.643822745162414,1830.5024936011419,1
7.554487532076649,61.498754222723626,3.645381625434797,1802.477050954072,1
21.23550336417922,22.00653284086518,9.496653878195776,1170.3976651978367,1
23.246578182086807,77.9407372705915,13.862290423625268,1958.1429119577676,1
12.924607691154659,49.86691241828641,1.0,1751.5619931953431,1
26.682849838419372,34.693883966513,8.03090500222015,1906.7811858691214,1
5.8222442744514105,40.33746095084029,13.864133608368725,1519.6054661824078,1
7.591784161654502,43.61197298796523,3.3019095504184417,1589.6043142034168,1
22.443691253049913,68.46707824862658,11.139151559869838,1979.2,1
43.99448959112833,77.91045270147939,5.107355294959645,1412.3948467819703,1
16.493418098827952,80.51299497686983,3.8421318145480408,1544.3284930181214,1
21.612777624791228,43.499026293697185,19.136466557248042,1580.800163355389,1
41.12403068133935,28.90585965292321,2.6910958857885996,1910.4010880329147,1
42.2519696175313,57.99027639934202,16.597845301639747,1793.4893386909537,1
4.76546454367525,54.75969903496302,11.309162728608767,1390.608163267065,1
25.11479968025387,99.6,6.943847218773811,1853.5152018790957,1
40.52382619484922,27.66235861810538,1.0,1372.8893092901692,1
36.17846495275244,33.477151913222386,19.7,1471.4932228894538,1
30.302695115396254,96.52077272105782,14.150946261106995,1721.7585965684154,1
7.74033752246762,42.49531674788237,11.715994150854385,1000.0197017873279,1
8.095358367051448,80.25774187994787,19.7,1724.5690862412266,1
43.77322142563489,56.754632163682224,15.243305862524096,1510.4790881291904,1
33.01196661755586,5.3,6.389084425826415,1319.8131032984795,1
15.689521692055902,18.663819161656978,9.743111253691799,1695.0574575926805,1
23.744562145321613,70.11635802729333,4.993940530152975,1632.4588453369652,1
4.2,40.844624488064134,19.7,1817.3403945215823,1
35.730121755877846,42.96776340253915,8.541151366689801,1718.50523331957,1
23.753441371185605,48.89398336847827,7.157651238041126,1506.8347756928622,1
30.162721544951587,60.18430109629022,1.0,1728.8405199206006,1
4.2,67.20937977469961,14.931368724762201,1374.4284839538323,1
36.17743350632645,47.31436944634979,1.0,1603.323240162642,1
27.315971221415474,53.96000599562677,2.5616314012271726,1622.6282509013765,1
11.759069965827868,54.76547811342053,18.112600960707702,1509.8657142432137,1
30.41530767258589,32.44189230308429,1.627013107447004,1584.3359224261533,1
17.154408458783116,72.70959190616551,6.289078527487032,1317.3089355065335,1
39.60330349187522,69.81284649360481,11.90148591261853,1638.3195892598433,1
28.66640806561326,60.59263909484629,1.0,1979.2,1
16.796307719888844,52.38766751498428,11.6868669628722,1522.800419142171,1
4.2,17.248742489556978,13.18439709157891,1167.0650032839937,1
4.2,73.52045394093884,8.954342442097097,1628.8256643966388,1
28.549587252034534,22.845085736293846,13.532872485125392,1791.0925116680933,1
40.12178838669857,33.46335165621392,13.439679909388493,1979.2,1
16.041068990418882,14.00495657831371,14.455916237238895,1809.3700991977544,1
19.388279828293328,9.485257129836619,15.13029754163901,1507.4305640569235,1
39.2161020698737,27.922971987572975,17.496413330842767,1646.3293668588835,1
29.90172499709876,82.79310528292828,6.112624791829253,1599.1145001043187,1
33.1572848667461,16.886192904098905,8.56849093334412,1815.2701108748988,1
18.712709441014532,49.12478770796222,15.616236365820082,1661.177457663879,1
8.610097596573347,52.17122803093962,11.42808561937069,1370.062429851268,1
10.882364135178458,11.786117720197716,2.4310166617313644,1330.7900358949632,1
13.146190429017565,67.38023022303035,1.9691778423510105,1601.3881026555323,1
5.148245341654505,27.34346649046585,11.21202580913707,1194.2933019657614,1
15.97170471898535,67.04731122012795,11.990473254306082,1781.3795608386642,1
17.858994583125227,50.748863047738496,5.569565347139297,1599.1573057041628,1
19.551717028856334,53.265263246587544,1.0,1671.4203674334758,1
15.835363015826347,36.0454349454089,9.201280563483063,1726.1939629559174,1
17.09701489619005,18.36513858791285,17.830351884017368,1512.0852963190937,1
52.95504210857257,31.23219120872962,2.0102599259571434,1786.002462102228,1
18.102771368043562,35.643977959262365,14.252019295472177,1885.5991697395623,1
22.956551607023474,38.49146579535197,13.948382494641416,1585.6151180967029,1
32.619791028598684,55.5760266046433,16.825642094953718,1404.3644586430312,1
8.932131328095426,75.78587430030909,14.65964321666257,1579.0088864166441,1
27.473343106389702,8.047129303085484,8.265447331920996,1310.6138406538303,1
31.917768166461542,16.963379711341833,9.026195423356066,1585.864228714176,1
19.307705560937013,19.68081930029131,12.37890733237196,1317.483784497016,1
29.33954159170902,59.89836065242868,4.289097482136038,1737.1784313547455,1
14.520060743113646,99.6,14.646055435418097,1921.3863578140702,1
18.4849044503408,47.85777069670097,6.755286276585741,1376.8200355839876,1
20.027870899036444,18.399111693989614,1.4298040067596265,1836.7314515286328,1
8.078634655688463,56.11099574974222,10.591204051996252,1650.2889603766614,1
15.326999314095119,24.762907958948407,13.438123150139406,1158.638779099781,1
18.18030285817349,40.65713036510658,6.917401263142073,1501.9599681560658,1
15.960310015467325,60.53597741366441,12.33030254367563,1979.2,1
7.07546285996996,67.1833368584611,5.152864406624054,1773.6907265610744,1
43.15733476889809,68.53856917879823,4.480744242806142,1763.1701168496943,1
53.9169781159714,28.225163581044605,1.0,1979.2,1
17.398995513628385,70.74340646710093,19.424336025918123,1485.3176786035006,1
16.609122479025014,79.67245417427428,10.309467920900023,1802.4196447979111,1
18.710517340367566,62.27786919654091,1.0570822367800599,1715.7916095559654,1
15.336298021714978,46.25841721984206,14.483552531670046,1176.7529207383905,1
7.025689711298957,54.29759955614989,1.0,1465.509488486671,1
34.338242989844694,99.6,11.87589791748326,1902.2796978320548,1
38.8778779515641,5.3,9.762540856845616,1759.0959803393812,1
5.0061762022677385,40.22499389224061,16.31339305067476,1771.1484437092709,1
21.3166367530484,43.10868546522112,14.91550275427019,1631.9180484371072,1
11.68271534041242,82.26558581015163,13.6509807722937,1432.9067068224483,1
21.470463642345702,53.438833685274076,7.089137109058816,1414.663468532506,1
9.03920828266113,59.340588923201445,11.05154552808733,1979.2,1
25.93528684688109,23.756327142318746,15.700110934406936,1775.7555627617455,1
25.48172307711184,62.65270200007119,5.482834112302081,1375.4104248574922,1
36.87859405353319,83.61326182834165,5.23217171972753,1698.2815623157592,1
38.812307117499955,47.7049677731127,8.245845523931157,1783.36382931484,1
41.85456090664212,23.023942978786458,8.670110252048467,1575.0346015799398,1
18.68514687678922,87.16103055107261,17.65464146859697,1899.6478640306839,1
40.453784182842384,14.109039212631473,13.371185968140393,1972.6291991593332,1
35.27727405586753,92.54879573441251,19.7,1629.1761236633217,1
10.403433918149243,89.05169810545888,2.5807367019498892,1517.6899633130315,1
37.48583130499675,62.086778208000496,6.779502376123128,1961.271676929136,1
13.393038068093999,35.108432026772356,1.0,1610.1778140658191,1
33.88694319218743,29.902162705261574,6.450579829115178,1957.4748422887224,1
9.0344369716058,29.23923038905575,13.01461478223139,1460.6091454222635,1
32.4028480803025,64.34342761985668,6.243574153979757,1923.6102013877642,1
10.713277586944818,87.73658466182263,15.162357529224822,1542.2317802506097,1
26.197259156049306,76.16488166411838,1.4417443195838207,1894.1703812745632,1
17.229534413341867,80.64632848488245,9.172660037008374,1820.3826231143544,1
4.2,41.68774974641365,19.7,1371.7202144777702,1
46.3331048026092,24.50340577650434,15.153225001534306,1585.2393660095593,1
9.17516164064689,71.47273668397726,17.824464336784217,1594.7936719557197,1
53.666395091376,73.53818838607485,9.62858632927813,1691.7161414968587,1
43.73756410695029,59.91778649337149,4.419093071604929,1418.9161312471547,1
28.87418704117224,58.13599713182746,6.337831930001704,1450.5259927773438,1
19.465908152881134,76.32848240196479,12.740944787578048,1701.7070710739606,1
4.2,46.85680942230041,8.572784337092008,1445.087971891687,1
34.421515448845916,81.98065075022052,1.0,1355.3397684969,1
37.60853924623213,79.8766280187131,17.69553043996148,1753.2594409539363,1
22.23155543316999,83.8652485406335,1.0,1761.288143019007,1
17.33978324944469,20.960502101093205,9.996324193770477,1547.4496839782985,1
18.806872992796485,57.26889703069682,12.71170383154864,1877.5671049122168,1
47.73087109676244,58.75218116534738,1.0,1670.543818619168,1
35.64776874698743,5.3,7.867113082188586,1332.3359638383927,1
21.1984641951718,43.072585625365846,17.28726577738412,1650.0809420686019,1
20.503609294361624,84.34090062063895,16.319823423985245,1561.7065296688033,1
19.580864623687656,43.7905631834574,19.7,1641.0189438402629,1
21.328229841080535,43.73951960011962,7.76763518154166,1869.9628811372263,1
26.538138178914352,53.169155760851964,14.055764483020617,1621.8184204423142,1
51.96759269660603,57.99990073070851,13.690526444181804,1540.2518352998666,1
5.851469072287024,56.781679556875254,7.596308258057693,1698.1221135334306,1
29.523708343910833,99.6,13.388600984482016,1710.8008683079054,1
19.380998892718445,32.121555381564434,13.1985609414791,1646.3130860389492,1
4.2,84.26209065979072,18.361817886763774,1113.978260908433,1
15.420157309848058,53.10975315013473,12.359514825025903,1254.0621821263223,1
21.20582110314414,44.92312107609308,1.3194626751928809,1499.4501626307624,1
20.737764621085958,63.34921453676151,1.0,1532.6333091365263,1
4.2,39.86380812561329,7.358609647575129,1507.967420003846,1
17.481075100886766,35.23385590692825,1.0,1444.1939182300166,1
20.70869904574654,13.05185814090455,10.719839647168504,1448.210984249306,1
17.689596385269077,47.43783997589531,7.0858157916695905,1493.47581803179,1
25.2403570834027,45.91027601821968,3.99224926949576,1730.151938727797,1
17.68230520987693,99.6,8.240436463203535,1749.124033908802,1
22.033322382297115,59.423115532879706,1.7559413677852689,1424.356129734076,1
8.130154584726691,62.097203009465,8.147816892694923,1468.6317428029372,1
12.903053978839152,37.89442395365671,18.81199370306415,1288.4144434096268,1
24.19300888554681,67.7126270652308,19.7,1698.7953104564945,1
34.4753125497316,75.31314765260862,14.467118789490492,1690.9488288946789,1
17.90614579289862,44.26105646080401,1.0,1742.704962184316,1
23.803692606932625,42.51610499359892,19.7,1431.7222192672925,1
15.370545958151403,28.21725954302956,6.283154561657605,1370.070739397413,1
21.90019319856775,54.28331246885712,2.642815139892601,1481.6489114688623,1
22.033237746898802,51.64694013383688,1.0,1529.908777550911,1
23.245679157708334,71.9481728327429,6.143423366060709,1461.2115799708977,1
12.685309055090945,40.062706169663734,19.243834502164546,1383.75444076098,1
30.026100980972842,23.30295807177131,10.79674447376616,1768.2873559568714,1
7.21218340298423,13.288868507994337,3.1368635942869174,1357.4932671504505,1
34.489627622935046,47.263793490588135,2.782508579133699,1966.878159292952,1
15.641472273251098,51.44499588075298,1.0,1545.363415990108,1
4.2,31.569242484645123,18.510729297222213,1608.0503786329364,1
24.264901748195626,84.49348656684934,13.901749852221737,1515.6630599719792,1
44.907688346026475,73.22875436338656,6.110188375094007,1836.6437417476657,1
38.52671939974154,35.5988670966137,11.749402825561653,1812.364369337964,1
30.040665559724594,18.740202681222982,13.04068074543177,1426.3565778035932,1
17.278379983457484,95.63262869306476,13.877206837701547,1866.6784806027822,1
45.350631415504836,52.44736579145037,9.946985862942666,1682.6422851538466,1
48.23182964429286,94.25193980880155,15.431821708477129,1632.1835969747997,1
28.548634159973272,35.69857028190275,1.0,1770.51312111907,1
30.506627574895084,46.535247265282344,1.0,1475.016990873181,1
24.200726180638057,28.66528600342229,11.422022868820406,1761.1479921862358,1
14.5329880568531,56.04646918635816,4.420359660356697,1594.4819265001868,1
36.47754155827917,83.57924799010979,10.136317831227535,1938.941484299939,1
4.2,32.37407565278717,11.458441607668512,1419.9761088003245,1
14.095875574870167,38.864313156459815,12.50562123122494,1513.9829294727017,1
4.2,82.29784919755204,9.97498793585198,1739.3683329895252,1
20.876947654182104,39.06177736691418,19.7,1804.616293516097,1
25.78852228825477,5.3,6.3313979940056,1709.792442266861,1
37.25380416180623,82.26908251754207,9.604665424230268,1587.805597522054,1
24.625679055504733,68.20999140967653,6.051001690108317,1894.5056804415772,1
17.49496084802024,5.3,7.879068558245251,1766.7641972962617,1
37.16008374425091,63.40879686745008,17.5145647110514,1979.2,1
10.955324572937217,28.27764266783546,7.478346217034709,1314.8823527010231,1
39.46378275932429,22.291616666607933,6.505396244821268,1747.1462700165698,1
35.03538029481108,81.33848627423978,8.4803491435945,1496.282494948594,1
31.560425085294412,24.70123441886306,15.203318146691412,1412.517326686328,1
12.094570520946046,5.3,19.7,1816.1693468013893,1
14.678282238546732,46.29425967887722,6.9990559118268205,1615.3794293508215,1
14.160812893035812,42.888383955470715,10.466393920839865,1437.8466043619062,1
24.977208415331127,92.37118286406425,4.929045059153279,1725.6017608236652,1
11.314543502285666,99.6,5.188232049388492,1654.5786945353577,1
24.80334821631158,39.634293642740666,11.435101250312421,1921.7502084374455,1
40.978206619687896,80.85024496743141,3.011025474432775,1764.5511040291253,1
25.8708416169293,22.636665669660545,3.178050170682284,1491.3986458755633,1
43.434546058533655,19.891897971780395,6.082779983276737,1761.720897072451,1
23.099821408993837,79.52514982197854,1.0,1682.727223435381,1
23.88802436650587,30.170874903033518,13.771072047319915,1864.6668952289062,1
34.222969717787606,73.90366934386529,4.613273804637948,1866.1746829592826,1
6.1965948144413865,57.8821393345765,11.343361019073333,1575.399495941193,1
